held-out tasks=15 stage0 tasks=5 episodes=160 workers=8
--- serial (the replaced implementation) ---
INFO: Product: io.github.wszqkzqk.pvz-portable
INFO: BuildNum: 1041
INFO: CommitDate: 2026-09-30
INFO: RegEmu: Can't read '/tmp/pvz-env-srfpnf0o/registry.regemu': File does not exist
INFO: RegEmu: Key 'SOFTWARE\PopCap\PlantsVsZombies' does not exist
INFO: RegEmu: Key 'SOFTWARE\PopCap\PlantsVsZombies' does not exist
INFO: RegEmu: Key 'SOFTWARE\PopCap\PlantsVsZombies' does not exist
INFO: RegEmu: Key 'SOFTWARE\PopCap\PlantsVsZombies' does not exist
INFO: RegEmu: Key 'SOFTWARE\PopCap\PlantsVsZombies' does not exist
INFO: RegEmu: Key 'SOFTWARE\PopCap\PlantsVsZombies' does not exist
INFO: RegEmu: Key 'SOFTWARE\PopCap\PlantsVsZombies' does not exist
INFO: RegEmu: Key 'SOFTWARE\PopCap\PlantsVsZombies' does not exist
INFO: RegEmu: Key 'SOFTWARE\PopCap\PlantsVsZombies' does not exist
INFO: session id: 1790780957
INFO: RegEmu: Value 'CurUser' does not exist
INFO: 'reanim/LoadBar_sprout.reanim'
INFO: compile 0 ms:'compiled/reanim/LoadBar_sprout.reanim.compiled'
INFO: 'reanim/LoadBar_Zombiehead.reanim'
INFO: compile 1 ms:'compiled/reanim/LoadBar_Zombiehead.reanim.compiled'
INFO: 'reanim/SodRoll.reanim'
INFO: compile 0 ms:'compiled/reanim/SodRoll.reanim.compiled'
INFO: 'reanim/FinalWave.reanim'
INFO: compile 0 ms:'compiled/reanim/FinalWave.reanim.compiled'
INFO: 'reanim/PeaShooterSingle.reanim'
INFO: compile 3 ms:'compiled/reanim/PeaShooterSingle.reanim.compiled'
INFO: 'reanim/Wallnut.reanim'
INFO: compile 0 ms:'compiled/reanim/Wallnut.reanim.compiled'
INFO: 'reanim/Lilypad.reanim'
INFO: compile 0 ms:'compiled/reanim/Lilypad.reanim.compiled'
INFO: 'reanim/SunFlower.reanim'
INFO: compile 3 ms:'compiled/reanim/SunFlower.reanim.compiled'
INFO: 'reanim/LawnMower.reanim'
INFO: compile 2 ms:'compiled/reanim/LawnMower.reanim.compiled'
INFO: 'reanim/StartReadySetPlant.reanim'
INFO: compile 0 ms:'compiled/reanim/StartReadySetPlant.reanim.compiled'
INFO: 'reanim/CherryBomb.reanim'
INFO: compile 2 ms:'compiled/reanim/CherryBomb.reanim.compiled'
INFO: 'reanim/Squash.reanim'
INFO: compile 1 ms:'compiled/reanim/Squash.reanim.compiled'
INFO: 'reanim/DoomShroom.reanim'
INFO: compile 1 ms:'compiled/reanim/DoomShroom.reanim.compiled'
INFO: 'reanim/SnowPea.reanim'
INFO: compile 3 ms:'compiled/reanim/SnowPea.reanim.compiled'
INFO: 'reanim/PeaShooter.reanim'
INFO: compile 3 ms:'compiled/reanim/PeaShooter.reanim.compiled'
INFO: 'reanim/SunShroom.reanim'
INFO: compile 1 ms:'compiled/reanim/SunShroom.reanim.compiled'
INFO: 'reanim/Tallnut.reanim'
INFO: compile 0 ms:'compiled/reanim/Tallnut.reanim.compiled'
INFO: 'reanim/Fumeshroom.reanim'
INFO: compile 1 ms:'compiled/reanim/Fumeshroom.reanim.compiled'
INFO: 'reanim/Puffshroom.reanim'
INFO: compile 0 ms:'compiled/reanim/Puffshroom.reanim.compiled'
INFO: 'reanim/Hypnoshroom.reanim'
INFO: compile 0 ms:'compiled/reanim/Hypnoshroom.reanim.compiled'
INFO: 'reanim/Chomper.reanim'
INFO: compile 7 ms:'compiled/reanim/Chomper.reanim.compiled'
INFO: 'reanim/Zombie.reanim'
INFO: compile 31 ms:'compiled/reanim/Zombie.reanim.compiled'
INFO: 'reanim/Sun.reanim'
INFO: compile 0 ms:'compiled/reanim/Sun.reanim.compiled'
INFO: 'reanim/PotatoMine.reanim'
INFO: compile 2 ms:'compiled/reanim/PotatoMine.reanim.compiled'
INFO: 'reanim/Caltrop.reanim'
INFO: compile 1 ms:'compiled/reanim/Caltrop.reanim.compiled'
INFO: 'reanim/SpikeRock.reanim'
INFO: compile 1 ms:'compiled/reanim/SpikeRock.reanim.compiled'
INFO: 'reanim/ThreePeater.reanim'
INFO: compile 4 ms:'compiled/reanim/ThreePeater.reanim.compiled'
INFO: 'reanim/Marigold.reanim'
INFO: compile 1 ms:'compiled/reanim/Marigold.reanim.compiled'
INFO: 'reanim/IceShroom.reanim'
INFO: compile 0 ms:'compiled/reanim/IceShroom.reanim.compiled'
INFO: 'reanim/Zombie_football.reanim'
INFO: compile 6 ms:'compiled/reanim/Zombie_football.reanim.compiled'
INFO: 'reanim/Zombie_paper.reanim'
INFO: compile 12 ms:'compiled/reanim/Zombie_paper.reanim.compiled'
INFO: 'reanim/Zombie_zamboni.reanim'
INFO: compile 5 ms:'compiled/reanim/Zombie_zamboni.reanim.compiled'
INFO: 'reanim/splash.reanim'
INFO: compile 0 ms:'compiled/reanim/splash.reanim.compiled'
INFO: 'reanim/Jalapeno.reanim'
INFO: compile 1 ms:'compiled/reanim/Jalapeno.reanim.compiled'
INFO: 'reanim/fire.reanim'
INFO: compile 2 ms:'compiled/reanim/fire.reanim.compiled'
INFO: 'reanim/Coin_silver.reanim'
INFO: compile 0 ms:'compiled/reanim/Coin_silver.reanim.compiled'
INFO: 'reanim/Zombie_charred.reanim'
INFO: compile 2 ms:'compiled/reanim/Zombie_charred.reanim.compiled'
INFO: 'reanim/Zombie_charred_imp.reanim'
INFO: compile 1 ms:'compiled/reanim/Zombie_charred_imp.reanim.compiled'
INFO: 'reanim/Zombie_charred_digger.reanim'
INFO: compile 2 ms:'compiled/reanim/Zombie_charred_digger.reanim.compiled'
INFO: 'reanim/Zombie_charred_zamboni.reanim'
INFO: compile 4 ms:'compiled/reanim/Zombie_charred_zamboni.reanim.compiled'
INFO: 'reanim/Zombie_charred_catapult.reanim'
INFO: compile 3 ms:'compiled/reanim/Zombie_charred_catapult.reanim.compiled'
INFO: 'reanim/Zombie_charred_gargantuar.reanim'
INFO: compile 3 ms:'compiled/reanim/Zombie_charred_gargantuar.reanim.compiled'
INFO: 'reanim/ScaredyShroom.reanim'
INFO: compile 2 ms:'compiled/reanim/ScaredyShroom.reanim.compiled'
INFO: 'reanim/Pumpkin.reanim'
INFO: compile 0 ms:'compiled/reanim/Pumpkin.reanim.compiled'
INFO: 'reanim/Plantern.reanim'
INFO: compile 1 ms:'compiled/reanim/Plantern.reanim.compiled'
INFO: 'reanim/Torchwood.reanim'
INFO: compile 1 ms:'compiled/reanim/Torchwood.reanim.compiled'
INFO: 'reanim/SplitPea.reanim'
INFO: compile 2 ms:'compiled/reanim/SplitPea.reanim.compiled'
INFO: 'reanim/SeaShroom.reanim'
INFO: compile 2 ms:'compiled/reanim/SeaShroom.reanim.compiled'
INFO: 'reanim/Blover.reanim'
INFO: compile 1 ms:'compiled/reanim/Blover.reanim.compiled'
INFO: 'reanim/Pot.reanim'
INFO: compile 1 ms:'compiled/reanim/Pot.reanim.compiled'
INFO: 'reanim/Cactus.reanim'
INFO: compile 4 ms:'compiled/reanim/Cactus.reanim.compiled'
INFO: 'reanim/Zombie_disco.reanim'
INFO: compile 12 ms:'compiled/reanim/Zombie_disco.reanim.compiled'
INFO: 'reanim/Tanglekelp.reanim'
INFO: compile 3 ms:'compiled/reanim/Tanglekelp.reanim.compiled'
INFO: 'reanim/Starfruit.reanim'
INFO: compile 1 ms:'compiled/reanim/Starfruit.reanim.compiled'
INFO: 'reanim/Zombie_polevaulter.reanim'
INFO: compile 13 ms:'compiled/reanim/Zombie_polevaulter.reanim.compiled'
INFO: 'reanim/Zombie_balloon.reanim'
INFO: compile 9 ms:'compiled/reanim/Zombie_balloon.reanim.compiled'
INFO: 'reanim/Zombie_gargantuar.reanim'
INFO: compile 23 ms:'compiled/reanim/Zombie_gargantuar.reanim.compiled'
INFO: 'reanim/Zombie_imp.reanim'
INFO: compile 3 ms:'compiled/reanim/Zombie_imp.reanim.compiled'
INFO: 'reanim/Zombie_digger.reanim'
INFO: compile 13 ms:'compiled/reanim/Zombie_digger.reanim.compiled'
INFO: 'reanim/Digger_rising_dirt.reanim'
INFO: compile 1 ms:'compiled/reanim/Digger_rising_dirt.reanim.compiled'
INFO: 'reanim/Zombie_dolphinrider.reanim'
INFO: compile 19 ms:'compiled/reanim/Zombie_dolphinrider.reanim.compiled'
INFO: 'reanim/Zombie_pogo.reanim'
INFO: compile 8 ms:'compiled/reanim/Zombie_pogo.reanim.compiled'
INFO: 'reanim/Zombie_backup.reanim'
INFO: compile 6 ms:'compiled/reanim/Zombie_backup.reanim.compiled'
INFO: 'reanim/Zombie_bobsled.reanim'
INFO: compile 9 ms:'compiled/reanim/Zombie_bobsled.reanim.compiled'
INFO: 'reanim/Zombie_jackbox.reanim'
INFO: compile 6 ms:'compiled/reanim/Zombie_jackbox.reanim.compiled'
INFO: 'reanim/Zombie_snorkle.reanim'
INFO: compile 13 ms:'compiled/reanim/Zombie_snorkle.reanim.compiled'
INFO: 'reanim/Zombie_bungi.reanim'
INFO: compile 6 ms:'compiled/reanim/Zombie_bungi.reanim.compiled'
INFO: 'reanim/Zombie_catapult.reanim'
INFO: compile 9 ms:'compiled/reanim/Zombie_catapult.reanim.compiled'
INFO: 'reanim/Zombie_ladder.reanim'
INFO: compile 12 ms:'compiled/reanim/Zombie_ladder.reanim.compiled'
INFO: 'reanim/Puff.reanim'
INFO: compile 0 ms:'compiled/reanim/Puff.reanim.compiled'
INFO: 'reanim/Z.reanim'
INFO: compile 0 ms:'compiled/reanim/Z.reanim.compiled'
INFO: 'reanim/Gravebuster.reanim'
INFO: compile 2 ms:'compiled/reanim/Gravebuster.reanim.compiled'
INFO: 'reanim/ZombiesWon.reanim'
INFO: compile 2 ms:'compiled/reanim/ZombiesWon.reanim.compiled'
INFO: 'reanim/Magnetshroom.reanim'
INFO: compile 4 ms:'compiled/reanim/Magnetshroom.reanim.compiled'
INFO: 'reanim/Zombie_boss.reanim'
INFO: compile 67 ms:'compiled/reanim/Zombie_boss.reanim.compiled'
INFO: 'reanim/Cabbagepult.reanim'
INFO: compile 3 ms:'compiled/reanim/Cabbagepult.reanim.compiled'
INFO: 'reanim/Cornpult.reanim'
INFO: compile 4 ms:'compiled/reanim/Cornpult.reanim.compiled'
INFO: 'reanim/Melonpult.reanim'
INFO: compile 2 ms:'compiled/reanim/Melonpult.reanim.compiled'
INFO: 'reanim/Coffeebean.reanim'
INFO: compile 1 ms:'compiled/reanim/Coffeebean.reanim.compiled'
INFO: 'reanim/Umbrellaleaf.reanim'
INFO: compile 1 ms:'compiled/reanim/Umbrellaleaf.reanim.compiled'
INFO: 'reanim/GatlingPea.reanim'
INFO: compile 3 ms:'compiled/reanim/GatlingPea.reanim.compiled'
INFO: 'reanim/Cattail.reanim'
INFO: compile 2 ms:'compiled/reanim/Cattail.reanim.compiled'
INFO: 'reanim/GloomShroom.reanim'
INFO: compile 3 ms:'compiled/reanim/GloomShroom.reanim.compiled'
INFO: 'reanim/Zombie_boss_iceball.reanim'
INFO: compile 3 ms:'compiled/reanim/Zombie_boss_iceball.reanim.compiled'
INFO: 'reanim/Zombie_boss_fireball.reanim'
INFO: compile 3 ms:'compiled/reanim/Zombie_boss_fireball.reanim.compiled'
INFO: 'reanim/CobCannon.reanim'
INFO: compile 3 ms:'compiled/reanim/CobCannon.reanim.compiled'
INFO: 'reanim/Garlic.reanim'
INFO: compile 0 ms:'compiled/reanim/Garlic.reanim.compiled'
INFO: 'reanim/GoldMagnet.reanim'
INFO: compile 3 ms:'compiled/reanim/GoldMagnet.reanim.compiled'
INFO: 'reanim/WinterMelon.reanim'
INFO: compile 2 ms:'compiled/reanim/WinterMelon.reanim.compiled'
INFO: 'reanim/TwinSunflower.reanim'
INFO: compile 1 ms:'compiled/reanim/TwinSunflower.reanim.compiled'
INFO: 'reanim/PoolCleaner.reanim'
INFO: compile 2 ms:'compiled/reanim/PoolCleaner.reanim.compiled'
INFO: 'reanim/RoofCleaner.reanim'
INFO: compile 1 ms:'compiled/reanim/RoofCleaner.reanim.compiled'
INFO: 'reanim/FirePea.reanim'
INFO: compile 0 ms:'compiled/reanim/FirePea.reanim.compiled'
INFO: 'reanim/Imitater.reanim'
INFO: compile 2 ms:'compiled/reanim/Imitater.reanim.compiled'
INFO: 'reanim/Zombie_yeti.reanim'
INFO: compile 6 ms:'compiled/reanim/Zombie_yeti.reanim.compiled'
INFO: 'reanim/Zombie_Boss_driver.reanim'
INFO: compile 6 ms:'compiled/reanim/Zombie_Boss_driver.reanim.compiled'
INFO: 'reanim/LawnMoweredZombie.reanim'
INFO: compile 0 ms:'compiled/reanim/LawnMoweredZombie.reanim.compiled'
INFO: 'reanim/CrazyDave.reanim'
INFO: compile 28 ms:'compiled/reanim/CrazyDave.reanim.compiled'
INFO: 'reanim/TextFadeOn.reanim'
INFO: compile 0 ms:'compiled/reanim/TextFadeOn.reanim.compiled'
INFO: 'reanim/Hammer.reanim'
INFO: compile 0 ms:'compiled/reanim/Hammer.reanim.compiled'
INFO: 'reanim/SlotMachine.reanim'
INFO: compile 0 ms:'compiled/reanim/SlotMachine.reanim.compiled'
INFO: 'reanim/Credits_Football.reanim'
INFO: compile 0 ms:'compiled/reanim/Credits_Football.reanim.compiled'
INFO: 'reanim/Credits_Jackbox.reanim'
INFO: compile 0 ms:'compiled/reanim/Credits_Jackbox.reanim.compiled'
INFO: 'reanim/SelectorScreen.reanim'
INFO: compile 30 ms:'compiled/reanim/SelectorScreen.reanim.compiled'
INFO: 'reanim/Portal_Circle.reanim'
INFO: compile 1 ms:'compiled/reanim/Portal_Circle.reanim.compiled'
INFO: 'reanim/Portal_Square.reanim'
INFO: compile 0 ms:'compiled/reanim/Portal_Square.reanim.compiled'
INFO: 'reanim/ZenGarden_sprout.reanim'
INFO: compile 1 ms:'compiled/reanim/ZenGarden_sprout.reanim.compiled'
INFO: 'reanim/ZenGarden_wateringcan.reanim'
INFO: compile 2 ms:'compiled/reanim/ZenGarden_wateringcan.reanim.compiled'
INFO: 'reanim/ZenGarden_fertilizer.reanim'
INFO: compile 1 ms:'compiled/reanim/ZenGarden_fertilizer.reanim.compiled'
INFO: 'reanim/ZenGarden_bugspray.reanim'
INFO: compile 0 ms:'compiled/reanim/ZenGarden_bugspray.reanim.compiled'
INFO: 'reanim/ZenGarden_phonograph.reanim'
INFO: compile 0 ms:'compiled/reanim/ZenGarden_phonograph.reanim.compiled'
INFO: 'reanim/Diamond.reanim'
INFO: compile 0 ms:'compiled/reanim/Diamond.reanim.compiled'
INFO: 'reanim/Zombie_hand.reanim'
INFO: compile 3 ms:'compiled/reanim/Zombie_hand.reanim.compiled'
INFO: 'reanim/Stinky.reanim'
INFO: compile 2 ms:'compiled/reanim/Stinky.reanim.compiled'
INFO: 'reanim/Rake.reanim'
INFO: compile 0 ms:'compiled/reanim/Rake.reanim.compiled'
INFO: 'reanim/Rain_circle.reanim'
INFO: compile 0 ms:'compiled/reanim/Rain_circle.reanim.compiled'
INFO: 'reanim/Rain_splash.reanim'
INFO: compile 0 ms:'compiled/reanim/Rain_splash.reanim.compiled'
INFO: 'reanim/Zombie_surprise.reanim'
INFO: compile 0 ms:'compiled/reanim/Zombie_surprise.reanim.compiled'
INFO: 'reanim/Coin_gold.reanim'
INFO: compile 0 ms:'compiled/reanim/Coin_gold.reanim.compiled'
INFO: 'reanim/TreeOfWisdom.reanim'
INFO: compile 37 ms:'compiled/reanim/TreeOfWisdom.reanim.compiled'
INFO: 'reanim/TreeOfWisdomClouds.reanim'
INFO: compile 2 ms:'compiled/reanim/TreeOfWisdomClouds.reanim.compiled'
INFO: 'reanim/TreeFood.reanim'
INFO: compile 1 ms:'compiled/reanim/TreeFood.reanim.compiled'
INFO: 'reanim/Credits_Main.reanim'
INFO: compile 19 ms:'compiled/reanim/Credits_Main.reanim.compiled'
INFO: 'reanim/Credits_Main2.reanim'
INFO: compile 15 ms:'compiled/reanim/Credits_Main2.reanim.compiled'
INFO: 'reanim/Credits_Main3.reanim'
INFO: compile 17 ms:'compiled/reanim/Credits_Main3.reanim.compiled'
INFO: 'reanim/Zombie_credits_dance.reanim'
INFO: compile 26 ms:'compiled/reanim/Zombie_credits_dance.reanim.compiled'
INFO: 'reanim/Credits_stage.reanim'
INFO: compile 2 ms:'compiled/reanim/Credits_stage.reanim.compiled'
INFO: 'reanim/Credits_BigBrain.reanim'
INFO: compile 1 ms:'compiled/reanim/Credits_BigBrain.reanim.compiled'
INFO: 'reanim/Credits_Flower_petals.reanim'
INFO: compile 1 ms:'compiled/reanim/Credits_Flower_petals.reanim.compiled'
INFO: 'reanim/Credits_Infantry.reanim'
INFO: compile 0 ms:'compiled/reanim/Credits_Infantry.reanim.compiled'
INFO: 'reanim/Credits_Throat.reanim'
INFO: compile 3 ms:'compiled/reanim/Credits_Throat.reanim.compiled'
INFO: 'reanim/Credits_CrazyDave.reanim'
INFO: compile 1 ms:'compiled/reanim/Credits_CrazyDave.reanim.compiled'
INFO: 'reanim/Credits_Bossdance.reanim'
INFO: compile 1 ms:'compiled/reanim/Credits_Bossdance.reanim.compiled'
INFO: 'reanim/Zombie_Credits_Screendoor.reanim'
INFO: compile 1 ms:'compiled/reanim/Zombie_Credits_Screendoor.reanim.compiled'
INFO: 'reanim/Zombie_Credits_Conehead.reanim'
INFO: compile 1 ms:'compiled/reanim/Zombie_Credits_Conehead.reanim.compiled'
INFO: 'reanim/Credits_ZombieArmy1.reanim'
INFO: compile 0 ms:'compiled/reanim/Credits_ZombieArmy1.reanim.compiled'
INFO: 'reanim/Credits_ZombieArmy2.reanim'
INFO: compile 0 ms:'compiled/reanim/Credits_ZombieArmy2.reanim.compiled'
INFO: 'reanim/Credits_Tombstones.reanim'
INFO: compile 0 ms:'compiled/reanim/Credits_Tombstones.reanim.compiled'
INFO: 'reanim/Credits_SolarPower.reanim'
INFO: compile 0 ms:'compiled/reanim/Credits_SolarPower.reanim.compiled'
INFO: 'reanim/Credits_Anyhour.reanim'
INFO: compile 1 ms:'compiled/reanim/Credits_Anyhour.reanim.compiled'
INFO: 'reanim/Credits_WeAreTheUndead.reanim'
INFO: compile 1 ms:'compiled/reanim/Credits_WeAreTheUndead.reanim.compiled'
INFO: 'reanim/Credits_DiscoLights.reanim'
INFO: compile 0 ms:'compiled/reanim/Credits_DiscoLights.reanim.compiled'
INFO: 'reanim/Zombie_FlagPole.reanim'
INFO: compile 0 ms:'compiled/reanim/Zombie_FlagPole.reanim.compiled'
INFO: 'reanim/zombatar_zombie_head.reanim'
INFO: compile 13 ms:'compiled/reanim/zombatar_zombie_head.reanim.compiled'
INFO: loading 'resources' 147 ms
INFO: loading 'stuff' 0 ms
INFO: compile 0 ms:'compiled/particles/IceTrail.trail.compiled'
INFO: loading 'trail' 0 ms
INFO: compile 0 ms:'compiled/particles/MelonImpact.xml.compiled'
INFO: compile 0 ms:'compiled/particles/WinterMelonImpact.xml.compiled'
INFO: compile 0 ms:'compiled/particles/FumeCloud.xml.compiled'
INFO: compile 0 ms:'compiled/particles/PopcornSplash.xml.compiled'
INFO: compile 0 ms:'compiled/particles/Powie.xml.compiled'
INFO: compile 0 ms:'compiled/particles/JackExplode.xml.compiled'
INFO: compile 0 ms:'compiled/particles/ZombieHead.xml.compiled'
INFO: compile 0 ms:'compiled/particles/ZombieArm.xml.compiled'
INFO: compile 0 ms:'compiled/particles/ZombieTrafficCone.xml.compiled'
INFO: compile 0 ms:'compiled/particles/ZombiePail.xml.compiled'
INFO: compile 0 ms:'compiled/particles/ZombieHelmet.xml.compiled'
INFO: compile 0 ms:'compiled/particles/ZombieFlag.xml.compiled'
INFO: compile 0 ms:'compiled/particles/ZombieDoor.xml.compiled'
INFO: compile 0 ms:'compiled/particles/ZombieNewspaper.xml.compiled'
INFO: compile 0 ms:'compiled/particles/ZombieHeadLight.xml.compiled'
INFO: compile 0 ms:'compiled/particles/Pow.xml.compiled'
INFO: compile 0 ms:'compiled/particles/ZombiePogo.xml.compiled'
INFO: compile 0 ms:'compiled/particles/ZombieNewspaperHead.xml.compiled'
INFO: compile 0 ms:'compiled/particles/ZombieBalloonHead.xml.compiled'
INFO: compile 0 ms:'compiled/particles/SodRoll.xml.compiled'
INFO: compile 0 ms:'compiled/particles/GraveStoneRise.xml.compiled'
INFO: compile 0 ms:'compiled/particles/Planting.xml.compiled'
INFO: compile 0 ms:'compiled/particles/PlantingPool.xml.compiled'
INFO: compile 0 ms:'compiled/particles/ZombieRise.xml.compiled'
INFO: compile 0 ms:'compiled/particles/GraveBuster.xml.compiled'
INFO: compile 0 ms:'compiled/particles/GraveBusterDie.xml.compiled'
INFO: compile 0 ms:'compiled/particles/PoolSplash.xml.compiled'
INFO: compile 0 ms:'compiled/particles/IceSparkle.xml.compiled'
INFO: compile 0 ms:'compiled/particles/SeedPacket.xml.compiled'
INFO: compile 0 ms:'compiled/particles/TallNutBlock.xml.compiled'
INFO: compile 1 ms:'compiled/particles/Doom.xml.compiled'
INFO: compile 0 ms:'compiled/particles/DiggerRise.xml.compiled'
INFO: compile 0 ms:'compiled/particles/DiggerTunnel.xml.compiled'
INFO: compile 0 ms:'compiled/particles/DancerRise.xml.compiled'
INFO: compile 0 ms:'compiled/particles/PoolSparkly.xml.compiled'
INFO: compile 0 ms:'compiled/particles/WallnutEatSmall.xml.compiled'
INFO: compile 0 ms:'compiled/particles/WallnutEatLarge.xml.compiled'
INFO: compile 0 ms:'compiled/particles/PeaSplat.xml.compiled'
INFO: compile 0 ms:'compiled/particles/ButterSplat.xml.compiled'
INFO: compile 0 ms:'compiled/particles/CabbageSplat.xml.compiled'
INFO: compile 0 ms:'compiled/particles/PuffSplat.xml.compiled'
INFO: compile 0 ms:'compiled/particles/StarSplat.xml.compiled'
INFO: compile 0 ms:'compiled/particles/IceTrap.xml.compiled'
INFO: compile 0 ms:'compiled/particles/SnowPeaSplat.xml.compiled'
INFO: compile 0 ms:'compiled/particles/SnowPeaPuff.xml.compiled'
INFO: compile 0 ms:'compiled/particles/SnowPeaTrail.xml.compiled'
INFO: compile 0 ms:'compiled/particles/LanternShine.xml.compiled'
INFO: compile 0 ms:'compiled/particles/Award.xml.compiled'
INFO: compile 0 ms:'compiled/particles/PotatoMine.xml.compiled'
INFO: compile 0 ms:'compiled/particles/PotatoMineRise.xml.compiled'
INFO: compile 0 ms:'compiled/particles/PuffShroomTrail.xml.compiled'
INFO: compile 0 ms:'compiled/particles/PuffShroomMuzzle.xml.compiled'
INFO: compile 0 ms:'compiled/particles/SeedPacketFlash.xml.compiled'
INFO: compile 0 ms:'compiled/particles/WhackAZombieRise.xml.compiled'
INFO: compile 0 ms:'compiled/particles/ZombieLadder.xml.compiled'
INFO: compile 0 ms:'compiled/particles/UmbrellaReflect.xml.compiled'
INFO: compile 0 ms:'compiled/particles/SeedPacketPick.xml.compiled'
INFO: compile 0 ms:'compiled/particles/IceTrapZombie.xml.compiled'
INFO: compile 0 ms:'compiled/particles/IceTrapRelease.xml.compiled'
INFO: compile 0 ms:'compiled/particles/ZamboniSmoke.xml.compiled'
INFO: compile 0 ms:'compiled/particles/GloomCloud.xml.compiled'
INFO: compile 0 ms:'compiled/particles/ZombiePogoHead.xml.compiled'
INFO: compile 0 ms:'compiled/particles/ZamboniTire.xml.compiled'
INFO: compile 0 ms:'compiled/particles/ZamboniExplosion.xml.compiled'
INFO: compile 0 ms:'compiled/particles/ZamboniExplosion2.xml.compiled'
INFO: compile 0 ms:'compiled/particles/CatapultExplosion.xml.compiled'
INFO: compile 0 ms:'compiled/particles/MowerCloud.xml.compiled'
INFO: compile 0 ms:'compiled/particles/BossIceBallTrail.xml.compiled'
INFO: compile 0 ms:'compiled/particles/BlastMark.xml.compiled'
INFO: compile 0 ms:'compiled/particles/CoinPickupArrow.xml.compiled'
INFO: compile 0 ms:'compiled/particles/PresentPickup.xml.compiled'
INFO: compile 0 ms:'compiled/particles/ImitaterMorph.xml.compiled'
INFO: compile 0 ms:'compiled/particles/MoweredZombieHead.xml.compiled'
INFO: compile 0 ms:'compiled/particles/MoweredZombieArm.xml.compiled'
INFO: compile 0 ms:'compiled/particles/ZombieHeadPool.xml.compiled'
INFO: compile 0 ms:'compiled/particles/Zombie_boss_fireball.xml.compiled'
INFO: compile 0 ms:'compiled/particles/FireballDeath.xml.compiled'
INFO: compile 0 ms:'compiled/particles/IceballDeath.xml.compiled'
INFO: compile 0 ms:'compiled/particles/Iceball_Trail.xml.compiled'
INFO: compile 0 ms:'compiled/particles/Fireball_Trail.xml.compiled'
INFO: compile 1 ms:'compiled/particles/BossExplosion.xml.compiled'
INFO: compile 0 ms:'compiled/particles/ScreenFlash.xml.compiled'
INFO: compile 0 ms:'compiled/particles/TrophySparkle.xml.compiled'
INFO: compile 0 ms:'compiled/particles/PortalCircle.xml.compiled'
INFO: compile 0 ms:'compiled/particles/PortalSquare.xml.compiled'
INFO: compile 0 ms:'compiled/particles/PottedPlantGlow.xml.compiled'
INFO: compile 0 ms:'compiled/particles/PottedWaterPlantGlow.xml.compiled'
INFO: compile 0 ms:'compiled/particles/PottedZenGlow.xml.compiled'
INFO: compile 0 ms:'compiled/particles/MindControl.xml.compiled'
INFO: compile 0 ms:'compiled/particles/VaseShatter.xml.compiled'
INFO: compile 0 ms:'compiled/particles/VaseShatterLeaf.xml.compiled'
INFO: compile 0 ms:'compiled/particles/VaseShatterZombie.xml.compiled'
INFO: compile 0 ms:'compiled/particles/AwardPickupArrow.xml.compiled'
INFO: compile 0 ms:'compiled/particles/Zombie_seaweed.xml.compiled'
INFO: compile 0 ms:'compiled/particles/ZombieMustache.xml.compiled'
INFO: compile 0 ms:'compiled/particles/ZombieFutureGlasses.xml.compiled'
INFO: compile 0 ms:'compiled/particles/Pinata.xml.compiled'
INFO: compile 0 ms:'compiled/particles/Dust_Squash.xml.compiled'
INFO: compile 0 ms:'compiled/particles/Dust_Foot.xml.compiled'
INFO: compile 0 ms:'compiled/particles/Daisy.xml.compiled'
INFO: compile 0 ms:'compiled/particles/Credits_Strobe.xml.compiled'
INFO: compile 0 ms:'compiled/particles/Credits_RaysWipe.xml.compiled'
INFO: compile 0 ms:'compiled/particles/Credits_ZombieHeadWipe.xml.compiled'
INFO: compile 0 ms:'compiled/particles/Starburst.xml.compiled'
INFO: compile 2 ms:'compiled/particles/Credits_fog.xml.compiled'
INFO: compile 0 ms:'compiled/particles/UpsellArrow.xml.compiled'
INFO: preloading: 1 ms
INFO: preloading: 0 ms
INFO: preloading: 0 ms
INFO: preloading: 0 ms
INFO: preloading: 0 ms
INFO: preloading: 0 ms
INFO: preloading: 0 ms
INFO: preloading: 0 ms
INFO: preloading: 0 ms
INFO: preloading: 0 ms
INFO: preloading: 0 ms
INFO: preloading: 0 ms
INFO: preloading: 0 ms
INFO: preloading: 0 ms
INFO: preloading: 0 ms
INFO: preloading: 0 ms
INFO: preloading: 0 ms
INFO: preloading: 0 ms
INFO: preloading: 0 ms
INFO: preloading: 0 ms
INFO: preloading: 0 ms
INFO: preloading: 0 ms
INFO: preloading: 0 ms
INFO: preloading: 0 ms
INFO: preloading: 0 ms
INFO: preloading: 0 ms
INFO: preloading: 0 ms
INFO: preloading: 0 ms
INFO: preloading: 0 ms
INFO: preloading: 0 ms
INFO: preloading: 0 ms
INFO: preloading: 0 ms
INFO: preloading: 0 ms
INFO: preloading: 0 ms
INFO: preloading: 0 ms
INFO: preloading: 0 ms
INFO: preloading: 0 ms
INFO: preloading: 0 ms
INFO: preloading: 0 ms
INFO: preloading: 0 ms
INFO: preloading: 0 ms
INFO: preloading: 0 ms
INFO: preloading: 0 ms
INFO: preloading: 0 ms
INFO: preloading: 0 ms
INFO: preloading: 0 ms
INFO: preloading: 0 ms
INFO: preloading: 0 ms
INFO: preloading: 0 ms
INFO: preloading: 0 ms
INFO: preloading: 0 ms
INFO: preloading: 0 ms
INFO: preloading: 0 ms
INFO: preloading: 0 ms
INFO: preloading: 0 ms
INFO: preloading: 0 ms
INFO: preloading: 0 ms
INFO: preloading: 0 ms
INFO: preloading: 0 ms
INFO: preloading: 0 ms
INFO: preloading: 0 ms
INFO: preloading: 0 ms
INFO: preloading: 0 ms
INFO: preloading: 0 ms
INFO: preloading: 0 ms
INFO: preloading: 0 ms
INFO: preloading: 0 ms
INFO: preloading: 0 ms
INFO: preloading: 0 ms
INFO: preloading: 0 ms
INFO: preloading: 0 ms
INFO: preloading: 0 ms
INFO: preloading: 0 ms
INFO: preloading: 0 ms
INFO: preloading: 0 ms
INFO: preloading: 0 ms
INFO: preloading: 0 ms
INFO: preloading: 0 ms
INFO: preloading: 0 ms
INFO: preloading: 0 ms
INFO: preloading: 0 ms
INFO: preloading: 0 ms
INFO: preloading: 0 ms
INFO: preloading: 0 ms
INFO: preloading: 0 ms
INFO: preloading: 0 ms
INFO: preloading: 0 ms
INFO: preloading: 0 ms
INFO: preloading: 0 ms
INFO: preloading: 0 ms
INFO: preloading: 0 ms
INFO: preloading: 0 ms
INFO: preloading: 0 ms
INFO: preloading: 0 ms
INFO: preloading: 0 ms
INFO: preloading: 0 ms
INFO: preloading: 0 ms
INFO: preloading: 0 ms
INFO: preloading: 0 ms
INFO: preloading: 0 ms
INFO: preloading: 0 ms
INFO: preloading: 0 ms
INFO: preloading: 0 ms
INFO: preloading: 0 ms
INFO: preloading: 0 ms
INFO: preloading: 0 ms
INFO: preloading: 0 ms
INFO: preloading: 0 ms
INFO: preloading: 0 ms
INFO: preloading: 0 ms
INFO: preloading: 0 ms
INFO: preloading: 0 ms
INFO: preloading: 0 ms
INFO: preloading: 0 ms
INFO: preloading: 0 ms
INFO: preloading: 0 ms
INFO: preloading: 0 ms
INFO: preloading: 0 ms
INFO: preloading: 0 ms
INFO: preloading: 0 ms
INFO: preloading: 0 ms
INFO: preloading: 0 ms
INFO: preloading: 0 ms
INFO: preloading: 0 ms
INFO: preloading: 0 ms
INFO: preloading: 0 ms
INFO: preloading: 0 ms
INFO: preloading: 0 ms
INFO: preloading: 0 ms
INFO: preloading: 0 ms
INFO: preloading: 0 ms
INFO: preloading: 0 ms
INFO: preloading: 0 ms
INFO: preloading: 0 ms
INFO: preloading: 0 ms
INFO: preloading: 0 ms
INFO: preloading: 0 ms
INFO: preloading: 0 ms
INFO: preloading: 0 ms
INFO: preloading: 0 ms
INFO: preloading: 0 ms
INFO: preloading: 0 ms
INFO: preloading: 0 ms
INFO: preloading: 0 ms
INFO: preloading: 0 ms
INFO: preloading: 0 ms
INFO: preloading: 0 ms
INFO: preloading: 0 ms
INFO: preloading: 0 ms
INFO: preloading: 0 ms
INFO: preloading: 0 ms
INFO: preloading: 0 ms
INFO: preloading: 0 ms
INFO: preloading: 0 ms
INFO: preloading: 0 ms
INFO: preloading: 0 ms
INFO: preloading: 0 ms
INFO: preloading: 0 ms
INFO: preloading: 0 ms
INFO: preloading: 0 ms
  160 episodes in 60.65 s
--- pool with 1 worker(s) ---
INFO: Product: io.github.wszqkzqk.pvz-portable
INFO: BuildNum: 1041
INFO: CommitDate: 2026-09-30
INFO: RegEmu: Can't read '/tmp/pvz-env-sy5ps_p0/registry.regemu': File does not exist
INFO: RegEmu: Key 'SOFTWARE\PopCap\PlantsVsZombies' does not exist
INFO: RegEmu: Key 'SOFTWARE\PopCap\PlantsVsZombies' does not exist
INFO: RegEmu: Key 'SOFTWARE\PopCap\PlantsVsZombies' does not exist
INFO: RegEmu: Key 'SOFTWARE\PopCap\PlantsVsZombies' does not exist
INFO: RegEmu: Key 'SOFTWARE\PopCap\PlantsVsZombies' does not exist
INFO: RegEmu: Key 'SOFTWARE\PopCap\PlantsVsZombies' does not exist
INFO: RegEmu: Key 'SOFTWARE\PopCap\PlantsVsZombies' does not exist
INFO: RegEmu: Key 'SOFTWARE\PopCap\PlantsVsZombies' does not exist
INFO: RegEmu: Key 'SOFTWARE\PopCap\PlantsVsZombies' does not exist
INFO: session id: 1790781020
INFO: RegEmu: Value 'CurUser' does not exist
INFO: 'reanim/LoadBar_sprout.reanim'
INFO: compile 0 ms:'compiled/reanim/LoadBar_sprout.reanim.compiled'
INFO: 'reanim/LoadBar_Zombiehead.reanim'
INFO: compile 0 ms:'compiled/reanim/LoadBar_Zombiehead.reanim.compiled'
INFO: 'reanim/SodRoll.reanim'
INFO: compile 0 ms:'compiled/reanim/SodRoll.reanim.compiled'
INFO: 'reanim/FinalWave.reanim'
INFO: compile 0 ms:'compiled/reanim/FinalWave.reanim.compiled'
INFO: 'reanim/PeaShooterSingle.reanim'
INFO: compile 3 ms:'compiled/reanim/PeaShooterSingle.reanim.compiled'
INFO: 'reanim/Wallnut.reanim'
INFO: compile 0 ms:'compiled/reanim/Wallnut.reanim.compiled'
INFO: 'reanim/Lilypad.reanim'
INFO: compile 0 ms:'compiled/reanim/Lilypad.reanim.compiled'
INFO: 'reanim/SunFlower.reanim'
INFO: compile 3 ms:'compiled/reanim/SunFlower.reanim.compiled'
INFO: 'reanim/LawnMower.reanim'
INFO: compile 2 ms:'compiled/reanim/LawnMower.reanim.compiled'
INFO: 'reanim/StartReadySetPlant.reanim'
INFO: compile 1 ms:'compiled/reanim/StartReadySetPlant.reanim.compiled'
INFO: 'reanim/CherryBomb.reanim'
INFO: compile 2 ms:'compiled/reanim/CherryBomb.reanim.compiled'
INFO: 'reanim/Squash.reanim'
INFO: compile 1 ms:'compiled/reanim/Squash.reanim.compiled'
INFO: 'reanim/DoomShroom.reanim'
INFO: compile 1 ms:'compiled/reanim/DoomShroom.reanim.compiled'
INFO: 'reanim/SnowPea.reanim'
INFO: compile 3 ms:'compiled/reanim/SnowPea.reanim.compiled'
INFO: 'reanim/PeaShooter.reanim'
INFO: compile 3 ms:'compiled/reanim/PeaShooter.reanim.compiled'
INFO: 'reanim/SunShroom.reanim'
INFO: compile 1 ms:'compiled/reanim/SunShroom.reanim.compiled'
INFO: 'reanim/Tallnut.reanim'
INFO: compile 0 ms:'compiled/reanim/Tallnut.reanim.compiled'
INFO: 'reanim/Fumeshroom.reanim'
INFO: compile 1 ms:'compiled/reanim/Fumeshroom.reanim.compiled'
INFO: 'reanim/Puffshroom.reanim'
INFO: compile 0 ms:'compiled/reanim/Puffshroom.reanim.compiled'
INFO: 'reanim/Hypnoshroom.reanim'
INFO: compile 0 ms:'compiled/reanim/Hypnoshroom.reanim.compiled'
INFO: 'reanim/Chomper.reanim'
INFO: compile 7 ms:'compiled/reanim/Chomper.reanim.compiled'
INFO: 'reanim/Zombie.reanim'
INFO: compile 29 ms:'compiled/reanim/Zombie.reanim.compiled'
INFO: 'reanim/Sun.reanim'
INFO: compile 0 ms:'compiled/reanim/Sun.reanim.compiled'
INFO: 'reanim/PotatoMine.reanim'
INFO: compile 2 ms:'compiled/reanim/PotatoMine.reanim.compiled'
INFO: 'reanim/Caltrop.reanim'
INFO: compile 0 ms:'compiled/reanim/Caltrop.reanim.compiled'
INFO: 'reanim/SpikeRock.reanim'
INFO: compile 1 ms:'compiled/reanim/SpikeRock.reanim.compiled'
INFO: 'reanim/ThreePeater.reanim'
INFO: compile 4 ms:'compiled/reanim/ThreePeater.reanim.compiled'
INFO: 'reanim/Marigold.reanim'
INFO: compile 1 ms:'compiled/reanim/Marigold.reanim.compiled'
INFO: 'reanim/IceShroom.reanim'
INFO: compile 0 ms:'compiled/reanim/IceShroom.reanim.compiled'
INFO: 'reanim/Zombie_football.reanim'
INFO: compile 7 ms:'compiled/reanim/Zombie_football.reanim.compiled'
INFO: 'reanim/Zombie_paper.reanim'
INFO: compile 12 ms:'compiled/reanim/Zombie_paper.reanim.compiled'
INFO: 'reanim/Zombie_zamboni.reanim'
INFO: compile 5 ms:'compiled/reanim/Zombie_zamboni.reanim.compiled'
INFO: 'reanim/splash.reanim'
INFO: compile 0 ms:'compiled/reanim/splash.reanim.compiled'
INFO: 'reanim/Jalapeno.reanim'
INFO: compile 1 ms:'compiled/reanim/Jalapeno.reanim.compiled'
INFO: 'reanim/fire.reanim'
INFO: compile 2 ms:'compiled/reanim/fire.reanim.compiled'
INFO: 'reanim/Coin_silver.reanim'
INFO: compile 0 ms:'compiled/reanim/Coin_silver.reanim.compiled'
INFO: 'reanim/Zombie_charred.reanim'
INFO: compile 1 ms:'compiled/reanim/Zombie_charred.reanim.compiled'
INFO: 'reanim/Zombie_charred_imp.reanim'
INFO: compile 1 ms:'compiled/reanim/Zombie_charred_imp.reanim.compiled'
INFO: 'reanim/Zombie_charred_digger.reanim'
INFO: compile 3 ms:'compiled/reanim/Zombie_charred_digger.reanim.compiled'
INFO: 'reanim/Zombie_charred_zamboni.reanim'
INFO: compile 3 ms:'compiled/reanim/Zombie_charred_zamboni.reanim.compiled'
INFO: 'reanim/Zombie_charred_catapult.reanim'
INFO: compile 3 ms:'compiled/reanim/Zombie_charred_catapult.reanim.compiled'
INFO: 'reanim/Zombie_charred_gargantuar.reanim'
INFO: compile 3 ms:'compiled/reanim/Zombie_charred_gargantuar.reanim.compiled'
INFO: 'reanim/ScaredyShroom.reanim'
INFO: compile 2 ms:'compiled/reanim/ScaredyShroom.reanim.compiled'
INFO: 'reanim/Pumpkin.reanim'
INFO: compile 0 ms:'compiled/reanim/Pumpkin.reanim.compiled'
INFO: 'reanim/Plantern.reanim'
INFO: compile 1 ms:'compiled/reanim/Plantern.reanim.compiled'
INFO: 'reanim/Torchwood.reanim'
INFO: compile 1 ms:'compiled/reanim/Torchwood.reanim.compiled'
INFO: 'reanim/SplitPea.reanim'
INFO: compile 2 ms:'compiled/reanim/SplitPea.reanim.compiled'
INFO: 'reanim/SeaShroom.reanim'
INFO: compile 2 ms:'compiled/reanim/SeaShroom.reanim.compiled'
INFO: 'reanim/Blover.reanim'
INFO: compile 1 ms:'compiled/reanim/Blover.reanim.compiled'
INFO: 'reanim/Pot.reanim'
INFO: compile 1 ms:'compiled/reanim/Pot.reanim.compiled'
INFO: 'reanim/Cactus.reanim'
INFO: compile 4 ms:'compiled/reanim/Cactus.reanim.compiled'
INFO: 'reanim/Zombie_disco.reanim'
INFO: compile 9 ms:'compiled/reanim/Zombie_disco.reanim.compiled'
INFO: 'reanim/Tanglekelp.reanim'
INFO: compile 3 ms:'compiled/reanim/Tanglekelp.reanim.compiled'
INFO: 'reanim/Starfruit.reanim'
INFO: compile 1 ms:'compiled/reanim/Starfruit.reanim.compiled'
INFO: 'reanim/Zombie_polevaulter.reanim'
INFO: compile 12 ms:'compiled/reanim/Zombie_polevaulter.reanim.compiled'
INFO: 'reanim/Zombie_balloon.reanim'
INFO: compile 11 ms:'compiled/reanim/Zombie_balloon.reanim.compiled'
INFO: 'reanim/Zombie_gargantuar.reanim'
INFO: compile 18 ms:'compiled/reanim/Zombie_gargantuar.reanim.compiled'
INFO: 'reanim/Zombie_imp.reanim'
INFO: compile 4 ms:'compiled/reanim/Zombie_imp.reanim.compiled'
INFO: 'reanim/Zombie_digger.reanim'
INFO: compile 14 ms:'compiled/reanim/Zombie_digger.reanim.compiled'
INFO: 'reanim/Digger_rising_dirt.reanim'
INFO: compile 1 ms:'compiled/reanim/Digger_rising_dirt.reanim.compiled'
INFO: 'reanim/Zombie_dolphinrider.reanim'
INFO: compile 17 ms:'compiled/reanim/Zombie_dolphinrider.reanim.compiled'
INFO: 'reanim/Zombie_pogo.reanim'
INFO: compile 8 ms:'compiled/reanim/Zombie_pogo.reanim.compiled'
INFO: 'reanim/Zombie_backup.reanim'
INFO: compile 5 ms:'compiled/reanim/Zombie_backup.reanim.compiled'
INFO: 'reanim/Zombie_bobsled.reanim'
INFO: compile 9 ms:'compiled/reanim/Zombie_bobsled.reanim.compiled'
INFO: 'reanim/Zombie_jackbox.reanim'
INFO: compile 6 ms:'compiled/reanim/Zombie_jackbox.reanim.compiled'
INFO: 'reanim/Zombie_snorkle.reanim'
INFO: compile 13 ms:'compiled/reanim/Zombie_snorkle.reanim.compiled'
INFO: 'reanim/Zombie_bungi.reanim'
INFO: compile 5 ms:'compiled/reanim/Zombie_bungi.reanim.compiled'
INFO: 'reanim/Zombie_catapult.reanim'
INFO: compile 8 ms:'compiled/reanim/Zombie_catapult.reanim.compiled'
INFO: 'reanim/Zombie_ladder.reanim'
INFO: compile 12 ms:'compiled/reanim/Zombie_ladder.reanim.compiled'
INFO: 'reanim/Puff.reanim'
INFO: compile 0 ms:'compiled/reanim/Puff.reanim.compiled'
INFO: 'reanim/Z.reanim'
INFO: compile 0 ms:'compiled/reanim/Z.reanim.compiled'
INFO: 'reanim/Gravebuster.reanim'
INFO: compile 1 ms:'compiled/reanim/Gravebuster.reanim.compiled'
INFO: 'reanim/ZombiesWon.reanim'
INFO: compile 2 ms:'compiled/reanim/ZombiesWon.reanim.compiled'
INFO: 'reanim/Magnetshroom.reanim'
INFO: compile 4 ms:'compiled/reanim/Magnetshroom.reanim.compiled'
INFO: 'reanim/Zombie_boss.reanim'
INFO: compile 64 ms:'compiled/reanim/Zombie_boss.reanim.compiled'
INFO: 'reanim/Cabbagepult.reanim'
INFO: compile 3 ms:'compiled/reanim/Cabbagepult.reanim.compiled'
INFO: 'reanim/Cornpult.reanim'
INFO: compile 4 ms:'compiled/reanim/Cornpult.reanim.compiled'
INFO: 'reanim/Melonpult.reanim'
INFO: compile 2 ms:'compiled/reanim/Melonpult.reanim.compiled'
INFO: 'reanim/Coffeebean.reanim'
INFO: compile 1 ms:'compiled/reanim/Coffeebean.reanim.compiled'
INFO: 'reanim/Umbrellaleaf.reanim'
INFO: compile 1 ms:'compiled/reanim/Umbrellaleaf.reanim.compiled'
INFO: 'reanim/GatlingPea.reanim'
INFO: compile 3 ms:'compiled/reanim/GatlingPea.reanim.compiled'
INFO: 'reanim/Cattail.reanim'
INFO: compile 2 ms:'compiled/reanim/Cattail.reanim.compiled'
INFO: 'reanim/GloomShroom.reanim'
INFO: compile 3 ms:'compiled/reanim/GloomShroom.reanim.compiled'
INFO: 'reanim/Zombie_boss_iceball.reanim'
INFO: compile 3 ms:'compiled/reanim/Zombie_boss_iceball.reanim.compiled'
INFO: 'reanim/Zombie_boss_fireball.reanim'
INFO: compile 2 ms:'compiled/reanim/Zombie_boss_fireball.reanim.compiled'
INFO: 'reanim/CobCannon.reanim'
INFO: compile 3 ms:'compiled/reanim/CobCannon.reanim.compiled'
INFO: 'reanim/Garlic.reanim'
INFO: compile 0 ms:'compiled/reanim/Garlic.reanim.compiled'
INFO: 'reanim/GoldMagnet.reanim'
INFO: compile 3 ms:'compiled/reanim/GoldMagnet.reanim.compiled'
INFO: 'reanim/WinterMelon.reanim'
INFO: compile 2 ms:'compiled/reanim/WinterMelon.reanim.compiled'
INFO: 'reanim/TwinSunflower.reanim'
INFO: compile 1 ms:'compiled/reanim/TwinSunflower.reanim.compiled'
INFO: 'reanim/PoolCleaner.reanim'
INFO: compile 2 ms:'compiled/reanim/PoolCleaner.reanim.compiled'
INFO: 'reanim/RoofCleaner.reanim'
INFO: compile 1 ms:'compiled/reanim/RoofCleaner.reanim.compiled'
INFO: 'reanim/FirePea.reanim'
INFO: compile 0 ms:'compiled/reanim/FirePea.reanim.compiled'
INFO: 'reanim/Imitater.reanim'
INFO: compile 3 ms:'compiled/reanim/Imitater.reanim.compiled'
INFO: 'reanim/Zombie_yeti.reanim'
INFO: compile 6 ms:'compiled/reanim/Zombie_yeti.reanim.compiled'
INFO: 'reanim/Zombie_Boss_driver.reanim'
INFO: compile 6 ms:'compiled/reanim/Zombie_Boss_driver.reanim.compiled'
INFO: 'reanim/LawnMoweredZombie.reanim'
INFO: compile 0 ms:'compiled/reanim/LawnMoweredZombie.reanim.compiled'
INFO: 'reanim/CrazyDave.reanim'
INFO: compile 29 ms:'compiled/reanim/CrazyDave.reanim.compiled'
INFO: 'reanim/TextFadeOn.reanim'
INFO: compile 0 ms:'compiled/reanim/TextFadeOn.reanim.compiled'
INFO: 'reanim/Hammer.reanim'
INFO: compile 0 ms:'compiled/reanim/Hammer.reanim.compiled'
INFO: 'reanim/SlotMachine.reanim'
INFO: compile 0 ms:'compiled/reanim/SlotMachine.reanim.compiled'
INFO: 'reanim/Credits_Football.reanim'
INFO: compile 0 ms:'compiled/reanim/Credits_Football.reanim.compiled'
INFO: 'reanim/Credits_Jackbox.reanim'
INFO: compile 0 ms:'compiled/reanim/Credits_Jackbox.reanim.compiled'
INFO: 'reanim/SelectorScreen.reanim'
INFO: compile 32 ms:'compiled/reanim/SelectorScreen.reanim.compiled'
INFO: 'reanim/Portal_Circle.reanim'
INFO: compile 0 ms:'compiled/reanim/Portal_Circle.reanim.compiled'
INFO: 'reanim/Portal_Square.reanim'
INFO: compile 0 ms:'compiled/reanim/Portal_Square.reanim.compiled'
INFO: 'reanim/ZenGarden_sprout.reanim'
INFO: compile 1 ms:'compiled/reanim/ZenGarden_sprout.reanim.compiled'
INFO: 'reanim/ZenGarden_wateringcan.reanim'
INFO: compile 2 ms:'compiled/reanim/ZenGarden_wateringcan.reanim.compiled'
INFO: 'reanim/ZenGarden_fertilizer.reanim'
INFO: compile 1 ms:'compiled/reanim/ZenGarden_fertilizer.reanim.compiled'
INFO: 'reanim/ZenGarden_bugspray.reanim'
INFO: compile 0 ms:'compiled/reanim/ZenGarden_bugspray.reanim.compiled'
INFO: 'reanim/ZenGarden_phonograph.reanim'
INFO: compile 0 ms:'compiled/reanim/ZenGarden_phonograph.reanim.compiled'
INFO: 'reanim/Diamond.reanim'
INFO: compile 0 ms:'compiled/reanim/Diamond.reanim.compiled'
INFO: 'reanim/Zombie_hand.reanim'
INFO: compile 3 ms:'compiled/reanim/Zombie_hand.reanim.compiled'
INFO: 'reanim/Stinky.reanim'
INFO: compile 2 ms:'compiled/reanim/Stinky.reanim.compiled'
INFO: 'reanim/Rake.reanim'
INFO: compile 0 ms:'compiled/reanim/Rake.reanim.compiled'
INFO: 'reanim/Rain_circle.reanim'
INFO: compile 0 ms:'compiled/reanim/Rain_circle.reanim.compiled'
INFO: 'reanim/Rain_splash.reanim'
INFO: compile 0 ms:'compiled/reanim/Rain_splash.reanim.compiled'
INFO: 'reanim/Zombie_surprise.reanim'
INFO: compile 0 ms:'compiled/reanim/Zombie_surprise.reanim.compiled'
INFO: 'reanim/Coin_gold.reanim'
INFO: compile 0 ms:'compiled/reanim/Coin_gold.reanim.compiled'
INFO: 'reanim/TreeOfWisdom.reanim'
INFO: compile 39 ms:'compiled/reanim/TreeOfWisdom.reanim.compiled'
INFO: 'reanim/TreeOfWisdomClouds.reanim'
INFO: compile 2 ms:'compiled/reanim/TreeOfWisdomClouds.reanim.compiled'
INFO: 'reanim/TreeFood.reanim'
INFO: compile 1 ms:'compiled/reanim/TreeFood.reanim.compiled'
INFO: 'reanim/Credits_Main.reanim'
INFO: compile 18 ms:'compiled/reanim/Credits_Main.reanim.compiled'
INFO: 'reanim/Credits_Main2.reanim'
INFO: compile 15 ms:'compiled/reanim/Credits_Main2.reanim.compiled'
INFO: 'reanim/Credits_Main3.reanim'
INFO: compile 17 ms:'compiled/reanim/Credits_Main3.reanim.compiled'
INFO: 'reanim/Zombie_credits_dance.reanim'
INFO: compile 27 ms:'compiled/reanim/Zombie_credits_dance.reanim.compiled'
INFO: 'reanim/Credits_stage.reanim'
INFO: compile 2 ms:'compiled/reanim/Credits_stage.reanim.compiled'
INFO: 'reanim/Credits_BigBrain.reanim'
INFO: compile 0 ms:'compiled/reanim/Credits_BigBrain.reanim.compiled'
INFO: 'reanim/Credits_Flower_petals.reanim'
INFO: compile 1 ms:'compiled/reanim/Credits_Flower_petals.reanim.compiled'
INFO: 'reanim/Credits_Infantry.reanim'
INFO: compile 0 ms:'compiled/reanim/Credits_Infantry.reanim.compiled'
INFO: 'reanim/Credits_Throat.reanim'
INFO: compile 3 ms:'compiled/reanim/Credits_Throat.reanim.compiled'
INFO: 'reanim/Credits_CrazyDave.reanim'
INFO: compile 1 ms:'compiled/reanim/Credits_CrazyDave.reanim.compiled'
INFO: 'reanim/Credits_Bossdance.reanim'
INFO: compile 0 ms:'compiled/reanim/Credits_Bossdance.reanim.compiled'
INFO: 'reanim/Zombie_Credits_Screendoor.reanim'
INFO: compile 1 ms:'compiled/reanim/Zombie_Credits_Screendoor.reanim.compiled'
INFO: 'reanim/Zombie_Credits_Conehead.reanim'
INFO: compile 1 ms:'compiled/reanim/Zombie_Credits_Conehead.reanim.compiled'
INFO: 'reanim/Credits_ZombieArmy1.reanim'
INFO: compile 0 ms:'compiled/reanim/Credits_ZombieArmy1.reanim.compiled'
INFO: 'reanim/Credits_ZombieArmy2.reanim'
INFO: compile 0 ms:'compiled/reanim/Credits_ZombieArmy2.reanim.compiled'
INFO: 'reanim/Credits_Tombstones.reanim'
INFO: compile 0 ms:'compiled/reanim/Credits_Tombstones.reanim.compiled'
INFO: 'reanim/Credits_SolarPower.reanim'
INFO: compile 0 ms:'compiled/reanim/Credits_SolarPower.reanim.compiled'
INFO: 'reanim/Credits_Anyhour.reanim'
INFO: compile 1 ms:'compiled/reanim/Credits_Anyhour.reanim.compiled'
INFO: 'reanim/Credits_WeAreTheUndead.reanim'
INFO: compile 1 ms:'compiled/reanim/Credits_WeAreTheUndead.reanim.compiled'
INFO: 'reanim/Credits_DiscoLights.reanim'
INFO: compile 0 ms:'compiled/reanim/Credits_DiscoLights.reanim.compiled'
INFO: 'reanim/Zombie_FlagPole.reanim'
INFO: compile 0 ms:'compiled/reanim/Zombie_FlagPole.reanim.compiled'
INFO: 'reanim/zombatar_zombie_head.reanim'
INFO: compile 13 ms:'compiled/reanim/zombatar_zombie_head.reanim.compiled'
INFO: loading 'resources' 141 ms
INFO: loading 'stuff' 0 ms
INFO: compile 0 ms:'compiled/particles/IceTrail.trail.compiled'
INFO: loading 'trail' 0 ms
INFO: compile 0 ms:'compiled/particles/MelonImpact.xml.compiled'
INFO: compile 0 ms:'compiled/particles/WinterMelonImpact.xml.compiled'
INFO: compile 0 ms:'compiled/particles/FumeCloud.xml.compiled'
INFO: compile 0 ms:'compiled/particles/PopcornSplash.xml.compiled'
INFO: compile 0 ms:'compiled/particles/Powie.xml.compiled'
INFO: compile 0 ms:'compiled/particles/JackExplode.xml.compiled'
INFO: compile 0 ms:'compiled/particles/ZombieHead.xml.compiled'
INFO: compile 0 ms:'compiled/particles/ZombieArm.xml.compiled'
INFO: compile 0 ms:'compiled/particles/ZombieTrafficCone.xml.compiled'
INFO: compile 0 ms:'compiled/particles/ZombiePail.xml.compiled'
INFO: compile 0 ms:'compiled/particles/ZombieHelmet.xml.compiled'
INFO: compile 0 ms:'compiled/particles/ZombieFlag.xml.compiled'
INFO: compile 0 ms:'compiled/particles/ZombieDoor.xml.compiled'
INFO: compile 0 ms:'compiled/particles/ZombieNewspaper.xml.compiled'
INFO: compile 0 ms:'compiled/particles/ZombieHeadLight.xml.compiled'
INFO: compile 0 ms:'compiled/particles/Pow.xml.compiled'
INFO: compile 0 ms:'compiled/particles/ZombiePogo.xml.compiled'
INFO: compile 0 ms:'compiled/particles/ZombieNewspaperHead.xml.compiled'
INFO: compile 0 ms:'compiled/particles/ZombieBalloonHead.xml.compiled'
INFO: compile 0 ms:'compiled/particles/SodRoll.xml.compiled'
INFO: compile 0 ms:'compiled/particles/GraveStoneRise.xml.compiled'
INFO: compile 0 ms:'compiled/particles/Planting.xml.compiled'
INFO: compile 0 ms:'compiled/particles/PlantingPool.xml.compiled'
INFO: compile 0 ms:'compiled/particles/ZombieRise.xml.compiled'
INFO: compile 0 ms:'compiled/particles/GraveBuster.xml.compiled'
INFO: compile 0 ms:'compiled/particles/GraveBusterDie.xml.compiled'
INFO: compile 0 ms:'compiled/particles/PoolSplash.xml.compiled'
INFO: compile 0 ms:'compiled/particles/IceSparkle.xml.compiled'
INFO: compile 0 ms:'compiled/particles/SeedPacket.xml.compiled'
INFO: compile 0 ms:'compiled/particles/TallNutBlock.xml.compiled'
INFO: compile 1 ms:'compiled/particles/Doom.xml.compiled'
INFO: compile 0 ms:'compiled/particles/DiggerRise.xml.compiled'
INFO: compile 0 ms:'compiled/particles/DiggerTunnel.xml.compiled'
INFO: compile 0 ms:'compiled/particles/DancerRise.xml.compiled'
INFO: compile 0 ms:'compiled/particles/PoolSparkly.xml.compiled'
INFO: compile 0 ms:'compiled/particles/WallnutEatSmall.xml.compiled'
INFO: compile 0 ms:'compiled/particles/WallnutEatLarge.xml.compiled'
INFO: compile 0 ms:'compiled/particles/PeaSplat.xml.compiled'
INFO: compile 0 ms:'compiled/particles/ButterSplat.xml.compiled'
INFO: compile 0 ms:'compiled/particles/CabbageSplat.xml.compiled'
INFO: compile 0 ms:'compiled/particles/PuffSplat.xml.compiled'
INFO: compile 0 ms:'compiled/particles/StarSplat.xml.compiled'
INFO: compile 0 ms:'compiled/particles/IceTrap.xml.compiled'
INFO: compile 0 ms:'compiled/particles/SnowPeaSplat.xml.compiled'
INFO: compile 0 ms:'compiled/particles/SnowPeaPuff.xml.compiled'
INFO: compile 0 ms:'compiled/particles/SnowPeaTrail.xml.compiled'
INFO: compile 0 ms:'compiled/particles/LanternShine.xml.compiled'
INFO: compile 0 ms:'compiled/particles/Award.xml.compiled'
INFO: compile 0 ms:'compiled/particles/PotatoMine.xml.compiled'
INFO: compile 0 ms:'compiled/particles/PotatoMineRise.xml.compiled'
INFO: compile 0 ms:'compiled/particles/PuffShroomTrail.xml.compiled'
INFO: compile 0 ms:'compiled/particles/PuffShroomMuzzle.xml.compiled'
INFO: compile 0 ms:'compiled/particles/SeedPacketFlash.xml.compiled'
INFO: compile 0 ms:'compiled/particles/WhackAZombieRise.xml.compiled'
INFO: compile 0 ms:'compiled/particles/ZombieLadder.xml.compiled'
INFO: compile 0 ms:'compiled/particles/UmbrellaReflect.xml.compiled'
INFO: compile 0 ms:'compiled/particles/SeedPacketPick.xml.compiled'
INFO: compile 0 ms:'compiled/particles/IceTrapZombie.xml.compiled'
INFO: compile 0 ms:'compiled/particles/IceTrapRelease.xml.compiled'
INFO: compile 0 ms:'compiled/particles/ZamboniSmoke.xml.compiled'
INFO: compile 0 ms:'compiled/particles/GloomCloud.xml.compiled'
INFO: compile 0 ms:'compiled/particles/ZombiePogoHead.xml.compiled'
INFO: compile 0 ms:'compiled/particles/ZamboniTire.xml.compiled'
INFO: compile 0 ms:'compiled/particles/ZamboniExplosion.xml.compiled'
INFO: compile 0 ms:'compiled/particles/ZamboniExplosion2.xml.compiled'
INFO: compile 0 ms:'compiled/particles/CatapultExplosion.xml.compiled'
INFO: compile 0 ms:'compiled/particles/MowerCloud.xml.compiled'
INFO: compile 0 ms:'compiled/particles/BossIceBallTrail.xml.compiled'
INFO: compile 0 ms:'compiled/particles/BlastMark.xml.compiled'
INFO: compile 0 ms:'compiled/particles/CoinPickupArrow.xml.compiled'
INFO: compile 0 ms:'compiled/particles/PresentPickup.xml.compiled'
INFO: compile 0 ms:'compiled/particles/ImitaterMorph.xml.compiled'
INFO: compile 1 ms:'compiled/particles/MoweredZombieHead.xml.compiled'
INFO: compile 0 ms:'compiled/particles/MoweredZombieArm.xml.compiled'
INFO: compile 0 ms:'compiled/particles/ZombieHeadPool.xml.compiled'
INFO: compile 0 ms:'compiled/particles/Zombie_boss_fireball.xml.compiled'
INFO: compile 0 ms:'compiled/particles/FireballDeath.xml.compiled'
INFO: compile 0 ms:'compiled/particles/IceballDeath.xml.compiled'
INFO: compile 0 ms:'compiled/particles/Iceball_Trail.xml.compiled'
INFO: compile 0 ms:'compiled/particles/Fireball_Trail.xml.compiled'
INFO: compile 1 ms:'compiled/particles/BossExplosion.xml.compiled'
INFO: compile 0 ms:'compiled/particles/ScreenFlash.xml.compiled'
INFO: compile 0 ms:'compiled/particles/TrophySparkle.xml.compiled'
INFO: compile 0 ms:'compiled/particles/PortalCircle.xml.compiled'
INFO: compile 0 ms:'compiled/particles/PortalSquare.xml.compiled'
INFO: compile 0 ms:'compiled/particles/PottedPlantGlow.xml.compiled'
INFO: compile 0 ms:'compiled/particles/PottedWaterPlantGlow.xml.compiled'
INFO: compile 0 ms:'compiled/particles/PottedZenGlow.xml.compiled'
INFO: compile 0 ms:'compiled/particles/MindControl.xml.compiled'
INFO: compile 0 ms:'compiled/particles/VaseShatter.xml.compiled'
INFO: compile 0 ms:'compiled/particles/VaseShatterLeaf.xml.compiled'
INFO: compile 0 ms:'compiled/particles/VaseShatterZombie.xml.compiled'
INFO: compile 0 ms:'compiled/particles/AwardPickupArrow.xml.compiled'
INFO: compile 0 ms:'compiled/particles/Zombie_seaweed.xml.compiled'
INFO: compile 0 ms:'compiled/particles/ZombieMustache.xml.compiled'
INFO: compile 0 ms:'compiled/particles/ZombieFutureGlasses.xml.compiled'
INFO: compile 0 ms:'compiled/particles/Pinata.xml.compiled'
INFO: compile 0 ms:'compiled/particles/Dust_Squash.xml.compiled'
INFO: compile 0 ms:'compiled/particles/Dust_Foot.xml.compiled'
INFO: compile 0 ms:'compiled/particles/Daisy.xml.compiled'
INFO: compile 0 ms:'compiled/particles/Credits_Strobe.xml.compiled'
INFO: compile 0 ms:'compiled/particles/Credits_RaysWipe.xml.compiled'
INFO: compile 0 ms:'compiled/particles/Credits_ZombieHeadWipe.xml.compiled'
INFO: compile 0 ms:'compiled/particles/Starburst.xml.compiled'
INFO: compile 2 ms:'compiled/particles/Credits_fog.xml.compiled'
INFO: compile 0 ms:'compiled/particles/UpsellArrow.xml.compiled'
INFO: preloading: 0 ms
INFO: preloading: 0 ms
INFO: preloading: 0 ms
INFO: preloading: 0 ms
INFO: preloading: 0 ms
INFO: preloading: 0 ms
INFO: preloading: 0 ms
INFO: preloading: 0 ms
INFO: preloading: 0 ms
INFO: preloading: 0 ms
INFO: preloading: 0 ms
INFO: preloading: 0 ms
INFO: preloading: 0 ms
INFO: preloading: 0 ms
INFO: preloading: 0 ms
INFO: preloading: 0 ms
INFO: preloading: 0 ms
INFO: preloading: 0 ms
INFO: preloading: 0 ms
INFO: preloading: 0 ms
INFO: preloading: 0 ms
INFO: preloading: 0 ms
INFO: preloading: 0 ms
INFO: preloading: 0 ms
INFO: preloading: 0 ms
INFO: preloading: 0 ms
INFO: preloading: 0 ms
INFO: preloading: 0 ms
INFO: preloading: 0 ms
INFO: preloading: 0 ms
INFO: preloading: 0 ms
INFO: preloading: 0 ms
INFO: preloading: 0 ms
INFO: preloading: 0 ms
INFO: preloading: 0 ms
INFO: preloading: 0 ms
INFO: preloading: 0 ms
INFO: preloading: 0 ms
INFO: preloading: 0 ms
INFO: preloading: 0 ms
INFO: preloading: 0 ms
INFO: preloading: 0 ms
INFO: preloading: 0 ms
INFO: preloading: 0 ms
INFO: preloading: 0 ms
INFO: preloading: 0 ms
INFO: preloading: 0 ms
INFO: preloading: 0 ms
INFO: preloading: 0 ms
INFO: preloading: 0 ms
INFO: preloading: 0 ms
INFO: preloading: 0 ms
INFO: preloading: 0 ms
INFO: preloading: 0 ms
INFO: preloading: 0 ms
INFO: preloading: 0 ms
INFO: preloading: 0 ms
INFO: preloading: 0 ms
INFO: preloading: 0 ms
INFO: preloading: 0 ms
INFO: preloading: 0 ms
INFO: preloading: 0 ms
INFO: preloading: 0 ms
INFO: preloading: 0 ms
evaluation 64/160
INFO: preloading: 0 ms
INFO: preloading: 0 ms
INFO: preloading: 0 ms
INFO: preloading: 0 ms
INFO: preloading: 0 ms
INFO: preloading: 0 ms
INFO: preloading: 0 ms
INFO: preloading: 0 ms
INFO: preloading: 0 ms
INFO: preloading: 0 ms
INFO: preloading: 0 ms
INFO: preloading: 0 ms
INFO: preloading: 0 ms
INFO: preloading: 0 ms
INFO: preloading: 0 ms
INFO: preloading: 0 ms
INFO: preloading: 0 ms
INFO: preloading: 0 ms
INFO: preloading: 0 ms
INFO: preloading: 0 ms
INFO: preloading: 0 ms
INFO: preloading: 0 ms
INFO: preloading: 0 ms
INFO: preloading: 0 ms
INFO: preloading: 0 ms
INFO: preloading: 0 ms
INFO: preloading: 0 ms
INFO: preloading: 0 ms
INFO: preloading: 0 ms
INFO: preloading: 0 ms
INFO: preloading: 0 ms
INFO: preloading: 0 ms
INFO: preloading: 0 ms
INFO: preloading: 0 ms
INFO: preloading: 0 ms
INFO: preloading: 0 ms
INFO: preloading: 0 ms
INFO: preloading: 0 ms
INFO: preloading: 0 ms
INFO: preloading: 0 ms
INFO: preloading: 0 ms
INFO: preloading: 0 ms
INFO: preloading: 0 ms
INFO: preloading: 0 ms
INFO: preloading: 0 ms
INFO: preloading: 0 ms
INFO: preloading: 0 ms
INFO: preloading: 0 ms
INFO: preloading: 0 ms
INFO: preloading: 0 ms
INFO: preloading: 0 ms
INFO: preloading: 0 ms
INFO: preloading: 0 ms
INFO: preloading: 0 ms
INFO: preloading: 0 ms
INFO: preloading: 0 ms
INFO: preloading: 0 ms
INFO: preloading: 0 ms
INFO: preloading: 0 ms
INFO: preloading: 0 ms
INFO: preloading: 0 ms
INFO: preloading: 0 ms
INFO: preloading: 0 ms
INFO: preloading: 0 ms
evaluation 128/160
INFO: preloading: 0 ms
INFO: preloading: 0 ms
INFO: preloading: 0 ms
INFO: preloading: 0 ms
INFO: preloading: 0 ms
INFO: preloading: 0 ms
INFO: preloading: 0 ms
INFO: preloading: 0 ms
INFO: preloading: 0 ms
INFO: preloading: 0 ms
INFO: preloading: 0 ms
INFO: preloading: 0 ms
INFO: preloading: 0 ms
INFO: preloading: 0 ms
INFO: preloading: 0 ms
INFO: preloading: 0 ms
INFO: preloading: 0 ms
INFO: preloading: 0 ms
INFO: preloading: 0 ms
INFO: preloading: 0 ms
INFO: preloading: 0 ms
INFO: preloading: 0 ms
INFO: preloading: 0 ms
INFO: preloading: 0 ms
INFO: preloading: 0 ms
INFO: preloading: 0 ms
INFO: preloading: 0 ms
INFO: preloading: 0 ms
INFO: preloading: 0 ms
INFO: preloading: 0 ms
INFO: preloading: 0 ms
INFO: preloading: 0 ms
evaluation 160/160
INFO: RegEmu: Couldn't open '/tmp/pvz-env-sy5ps_p0/registry.regemu' for writing
  160 episodes in 62.84 s  records identical=True
--- pool with 8 worker(s) ---
INFO: Product: io.github.wszqkzqk.pvz-portable
INFO: BuildNum: 1041
INFO: CommitDate: 2026-09-30
INFO: RegEmu: Can't read '/tmp/pvz-env-k755mvmr/registry.regemu': File does not exist
INFO: RegEmu: Key 'SOFTWARE\PopCap\PlantsVsZombies' does not exist
INFO: RegEmu: Key 'SOFTWARE\PopCap\PlantsVsZombies' does not exist
INFO: RegEmu: Key 'SOFTWARE\PopCap\PlantsVsZombies' does not exist
INFO: RegEmu: Key 'SOFTWARE\PopCap\PlantsVsZombies' does not exist
INFO: RegEmu: Key 'SOFTWARE\PopCap\PlantsVsZombies' does not exist
INFO: RegEmu: Key 'SOFTWARE\PopCap\PlantsVsZombies' does not exist
INFO: RegEmu: Key 'SOFTWARE\PopCap\PlantsVsZombies' does not exist
INFO: RegEmu: Key 'SOFTWARE\PopCap\PlantsVsZombies' does not exist
INFO: RegEmu: Key 'SOFTWARE\PopCap\PlantsVsZombies' does not exist
INFO: session id: 1790781083
INFO: RegEmu: Value 'CurUser' does not exist
INFO: 'reanim/LoadBar_sprout.reanim'
INFO: compile 0 ms:'compiled/reanim/LoadBar_sprout.reanim.compiled'
INFO: 'reanim/LoadBar_Zombiehead.reanim'
INFO: compile 0 ms:'compiled/reanim/LoadBar_Zombiehead.reanim.compiled'
INFO: 'reanim/SodRoll.reanim'
INFO: compile 0 ms:'compiled/reanim/SodRoll.reanim.compiled'
INFO: 'reanim/FinalWave.reanim'
INFO: compile 0 ms:'compiled/reanim/FinalWave.reanim.compiled'
INFO: 'reanim/PeaShooterSingle.reanim'
INFO: compile 4 ms:'compiled/reanim/PeaShooterSingle.reanim.compiled'
INFO: 'reanim/Wallnut.reanim'
INFO: compile 1 ms:'compiled/reanim/Wallnut.reanim.compiled'
INFO: 'reanim/Lilypad.reanim'
INFO: compile 0 ms:'compiled/reanim/Lilypad.reanim.compiled'
INFO: 'reanim/SunFlower.reanim'
INFO: compile 3 ms:'compiled/reanim/SunFlower.reanim.compiled'
INFO: 'reanim/LawnMower.reanim'
INFO: Product: io.github.wszqkzqk.pvz-portable
INFO: BuildNum: 1041
INFO: CommitDate: 2026-09-30
INFO: Product: io.github.wszqkzqk.pvz-portable
INFO: BuildNum: 1041
INFO: CommitDate: 2026-09-30
INFO: compile 3 ms:'compiled/reanim/LawnMower.reanim.compiled'
INFO: 'reanim/StartReadySetPlant.reanim'
INFO: compile 1 ms:'compiled/reanim/StartReadySetPlant.reanim.compiled'
INFO: 'reanim/CherryBomb.reanim'
INFO: compile 4 ms:'compiled/reanim/CherryBomb.reanim.compiled'
INFO: 'reanim/Squash.reanim'
INFO: compile 1 ms:'compiled/reanim/Squash.reanim.compiled'
INFO: 'reanim/DoomShroom.reanim'
INFO: compile 2 ms:'compiled/reanim/DoomShroom.reanim.compiled'
INFO: 'reanim/SnowPea.reanim'
INFO: Product: io.github.wszqkzqk.pvz-portable
INFO: BuildNum: 1041
INFO: CommitDate: 2026-09-30
INFO: compile 5 ms:'compiled/reanim/SnowPea.reanim.compiled'
INFO: 'reanim/PeaShooter.reanim'
INFO: compile 6 ms:'compiled/reanim/PeaShooter.reanim.compiled'
INFO: 'reanim/SunShroom.reanim'
INFO: RegEmu: Can't read '/tmp/pvz-env-6dix39t6/registry.regemu': File does not exist
INFO: RegEmu: Key 'SOFTWARE\PopCap\PlantsVsZombies' does not exist
INFO: RegEmu: Key 'SOFTWARE\PopCap\PlantsVsZombies' does not exist
INFO: RegEmu: Key 'SOFTWARE\PopCap\PlantsVsZombies' does not exist
INFO: RegEmu: Key 'SOFTWARE\PopCap\PlantsVsZombies' does not exist
INFO: RegEmu: Key 'SOFTWARE\PopCap\PlantsVsZombies' does not exist
INFO: RegEmu: Key 'SOFTWARE\PopCap\PlantsVsZombies' does not exist
INFO: RegEmu: Key 'SOFTWARE\PopCap\PlantsVsZombies' does not exist
INFO: RegEmu: Key 'SOFTWARE\PopCap\PlantsVsZombies' does not exist
INFO: RegEmu: Key 'SOFTWARE\PopCap\PlantsVsZombies' does not exist
INFO: session id: 1790781083
INFO: RegEmu: Can't read '/tmp/pvz-env-o9xqy_t2/registry.regemu': File does not exist
INFO: RegEmu: Key 'SOFTWARE\PopCap\PlantsVsZombies' does not exist
INFO: RegEmu: Key 'SOFTWARE\PopCap\PlantsVsZombies' does not exist
INFO: RegEmu: Key 'SOFTWARE\PopCap\PlantsVsZombies' does not exist
INFO: RegEmu: Key 'SOFTWARE\PopCap\PlantsVsZombies' does not exist
INFO: RegEmu: Key 'SOFTWARE\PopCap\PlantsVsZombies' does not exist
INFO: RegEmu: Key 'SOFTWARE\PopCap\PlantsVsZombies' does not exist
INFO: RegEmu: Key 'SOFTWARE\PopCap\PlantsVsZombies' does not exist
INFO: RegEmu: Key 'SOFTWARE\PopCap\PlantsVsZombies' does not exist
INFO: RegEmu: Key 'SOFTWARE\PopCap\PlantsVsZombies' does not exist
INFO: compile 1 ms:'compiled/reanim/SunShroom.reanim.compiled'
INFO: session id: 1790781083
INFO: 'reanim/Tallnut.reanim'
INFO: compile 1 ms:'compiled/reanim/Tallnut.reanim.compiled'
INFO: 'reanim/Fumeshroom.reanim'
INFO: RegEmu: Value 'CurUser' does not exist
INFO: RegEmu: Value 'CurUser' does not exist
INFO: compile 2 ms:'compiled/reanim/Fumeshroom.reanim.compiled'
INFO: 'reanim/Puffshroom.reanim'
INFO: 'reanim/LoadBar_sprout.reanim'
INFO: 'reanim/LoadBar_sprout.reanim'
INFO: compile 0 ms:'compiled/reanim/LoadBar_sprout.reanim.compiled'
INFO: 'reanim/LoadBar_Zombiehead.reanim'
INFO: compile 1 ms:'compiled/reanim/Puffshroom.reanim.compiled'
INFO: 'reanim/Hypnoshroom.reanim'
INFO: compile 0 ms:'compiled/reanim/LoadBar_Zombiehead.reanim.compiled'
INFO: 'reanim/SodRoll.reanim'
INFO: compile 1 ms:'compiled/reanim/LoadBar_sprout.reanim.compiled'
INFO: 'reanim/LoadBar_Zombiehead.reanim'
INFO: compile 0 ms:'compiled/reanim/SodRoll.reanim.compiled'
INFO: 'reanim/FinalWave.reanim'
INFO: compile 1 ms:'compiled/reanim/Hypnoshroom.reanim.compiled'
INFO: 'reanim/Chomper.reanim'
INFO: compile 0 ms:'compiled/reanim/FinalWave.reanim.compiled'
INFO: 'reanim/PeaShooterSingle.reanim'
INFO: compile 1 ms:'compiled/reanim/LoadBar_Zombiehead.reanim.compiled'
INFO: 'reanim/SodRoll.reanim'
INFO: compile 1 ms:'compiled/reanim/SodRoll.reanim.compiled'
INFO: 'reanim/FinalWave.reanim'
INFO: compile 0 ms:'compiled/reanim/FinalWave.reanim.compiled'
INFO: 'reanim/PeaShooterSingle.reanim'
INFO: compile 3 ms:'compiled/reanim/PeaShooterSingle.reanim.compiled'
INFO: 'reanim/Wallnut.reanim'
INFO: compile 0 ms:'compiled/reanim/Wallnut.reanim.compiled'
INFO: 'reanim/Lilypad.reanim'
INFO: compile 0 ms:'compiled/reanim/Lilypad.reanim.compiled'
INFO: 'reanim/SunFlower.reanim'
INFO: RegEmu: Can't read '/tmp/pvz-env-0edsjirj/registry.regemu': File does not exist
INFO: RegEmu: Key 'SOFTWARE\PopCap\PlantsVsZombies' does not exist
INFO: RegEmu: Key 'SOFTWARE\PopCap\PlantsVsZombies' does not exist
INFO: RegEmu: Key 'SOFTWARE\PopCap\PlantsVsZombies' does not exist
INFO: RegEmu: Key 'SOFTWARE\PopCap\PlantsVsZombies' does not exist
INFO: RegEmu: Key 'SOFTWARE\PopCap\PlantsVsZombies' does not exist
INFO: RegEmu: Key 'SOFTWARE\PopCap\PlantsVsZombies' does not exist
INFO: RegEmu: Key 'SOFTWARE\PopCap\PlantsVsZombies' does not exist
INFO: RegEmu: Key 'SOFTWARE\PopCap\PlantsVsZombies' does not exist
INFO: RegEmu: Key 'SOFTWARE\PopCap\PlantsVsZombies' does not exist
INFO: session id: 1790781083
INFO: compile 5 ms:'compiled/reanim/PeaShooterSingle.reanim.compiled'
INFO: 'reanim/Wallnut.reanim'
INFO: compile 8 ms:'compiled/reanim/Chomper.reanim.compiled'
INFO: 'reanim/Zombie.reanim'
INFO: compile 3 ms:'compiled/reanim/SunFlower.reanim.compiled'
INFO: 'reanim/LawnMower.reanim'
INFO: compile 1 ms:'compiled/reanim/Wallnut.reanim.compiled'
INFO: 'reanim/Lilypad.reanim'
INFO: compile 0 ms:'compiled/reanim/Lilypad.reanim.compiled'
INFO: 'reanim/SunFlower.reanim'
INFO: RegEmu: Value 'CurUser' does not exist
INFO: compile 2 ms:'compiled/reanim/LawnMower.reanim.compiled'
INFO: 'reanim/StartReadySetPlant.reanim'
INFO: 'reanim/LoadBar_sprout.reanim'
INFO: compile 0 ms:'compiled/reanim/StartReadySetPlant.reanim.compiled'
INFO: 'reanim/CherryBomb.reanim'
INFO: compile 0 ms:'compiled/reanim/LoadBar_sprout.reanim.compiled'
INFO: 'reanim/LoadBar_Zombiehead.reanim'
INFO: Product: io.github.wszqkzqk.pvz-portable
INFO: BuildNum: 1041
INFO: CommitDate: 2026-09-30
INFO: compile 0 ms:'compiled/reanim/LoadBar_Zombiehead.reanim.compiled'
INFO: 'reanim/SodRoll.reanim'
INFO: compile 0 ms:'compiled/reanim/SodRoll.reanim.compiled'
INFO: 'reanim/FinalWave.reanim'
INFO: compile 0 ms:'compiled/reanim/FinalWave.reanim.compiled'
INFO: 'reanim/PeaShooterSingle.reanim'
INFO: compile 4 ms:'compiled/reanim/SunFlower.reanim.compiled'
INFO: 'reanim/LawnMower.reanim'
INFO: compile 4 ms:'compiled/reanim/CherryBomb.reanim.compiled'
INFO: 'reanim/Squash.reanim'
INFO: compile 2 ms:'compiled/reanim/LawnMower.reanim.compiled'
INFO: 'reanim/StartReadySetPlant.reanim'
INFO: compile 3 ms:'compiled/reanim/PeaShooterSingle.reanim.compiled'
INFO: 'reanim/Wallnut.reanim'
INFO: compile 0 ms:'compiled/reanim/StartReadySetPlant.reanim.compiled'
INFO: 'reanim/CherryBomb.reanim'
INFO: Product: io.github.wszqkzqk.pvz-portable
INFO: BuildNum: 1041
INFO: CommitDate: 2026-09-30
INFO: compile 0 ms:'compiled/reanim/Wallnut.reanim.compiled'
INFO: 'reanim/Lilypad.reanim'
INFO: compile 0 ms:'compiled/reanim/Lilypad.reanim.compiled'
INFO: 'reanim/SunFlower.reanim'
INFO: compile 2 ms:'compiled/reanim/Squash.reanim.compiled'
INFO: 'reanim/DoomShroom.reanim'
INFO: compile 2 ms:'compiled/reanim/CherryBomb.reanim.compiled'
INFO: 'reanim/Squash.reanim'
INFO: compile 2 ms:'compiled/reanim/DoomShroom.reanim.compiled'
INFO: 'reanim/SnowPea.reanim'
INFO: compile 1 ms:'compiled/reanim/Squash.reanim.compiled'
INFO: 'reanim/DoomShroom.reanim'
INFO: compile 3 ms:'compiled/reanim/SunFlower.reanim.compiled'
INFO: 'reanim/LawnMower.reanim'
INFO: compile 1 ms:'compiled/reanim/DoomShroom.reanim.compiled'
INFO: 'reanim/SnowPea.reanim'
INFO: compile 2 ms:'compiled/reanim/LawnMower.reanim.compiled'
INFO: 'reanim/StartReadySetPlant.reanim'
INFO: compile 0 ms:'compiled/reanim/StartReadySetPlant.reanim.compiled'
INFO: 'reanim/CherryBomb.reanim'
INFO: compile 3 ms:'compiled/reanim/SnowPea.reanim.compiled'
INFO: 'reanim/PeaShooter.reanim'
INFO: compile 5 ms:'compiled/reanim/SnowPea.reanim.compiled'
INFO: 'reanim/PeaShooter.reanim'
INFO: compile 2 ms:'compiled/reanim/CherryBomb.reanim.compiled'
INFO: 'reanim/Squash.reanim'
INFO: compile 1 ms:'compiled/reanim/Squash.reanim.compiled'
INFO: 'reanim/DoomShroom.reanim'
INFO: compile 3 ms:'compiled/reanim/PeaShooter.reanim.compiled'
INFO: 'reanim/SunShroom.reanim'
INFO: compile 1 ms:'compiled/reanim/DoomShroom.reanim.compiled'
INFO: 'reanim/SnowPea.reanim'
INFO: compile 1 ms:'compiled/reanim/SunShroom.reanim.compiled'
INFO: 'reanim/Tallnut.reanim'
INFO: compile 0 ms:'compiled/reanim/Tallnut.reanim.compiled'
INFO: 'reanim/Fumeshroom.reanim'
INFO: compile 4 ms:'compiled/reanim/PeaShooter.reanim.compiled'
INFO: 'reanim/SunShroom.reanim'
INFO: compile 1 ms:'compiled/reanim/SunShroom.reanim.compiled'
INFO: 'reanim/Tallnut.reanim'
INFO: compile 1 ms:'compiled/reanim/Fumeshroom.reanim.compiled'
INFO: 'reanim/Puffshroom.reanim'
INFO: compile 3 ms:'compiled/reanim/SnowPea.reanim.compiled'
INFO: 'reanim/PeaShooter.reanim'
INFO: compile 0 ms:'compiled/reanim/Tallnut.reanim.compiled'
INFO: 'reanim/Fumeshroom.reanim'
INFO: compile 1 ms:'compiled/reanim/Puffshroom.reanim.compiled'
INFO: 'reanim/Hypnoshroom.reanim'
INFO: compile 1 ms:'compiled/reanim/Fumeshroom.reanim.compiled'
INFO: 'reanim/Puffshroom.reanim'
INFO: compile 1 ms:'compiled/reanim/Hypnoshroom.reanim.compiled'
INFO: 'reanim/Chomper.reanim'
INFO: compile 1 ms:'compiled/reanim/Puffshroom.reanim.compiled'
INFO: 'reanim/Hypnoshroom.reanim'
INFO: compile 0 ms:'compiled/reanim/Hypnoshroom.reanim.compiled'
INFO: 'reanim/Chomper.reanim'
INFO: compile 3 ms:'compiled/reanim/PeaShooter.reanim.compiled'
INFO: 'reanim/SunShroom.reanim'
INFO: Product: io.github.wszqkzqk.pvz-portable
INFO: BuildNum: 1041
INFO: compile 1 ms:'compiled/reanim/SunShroom.reanim.compiled'
INFO: CommitDate: 2026-09-30
INFO: 'reanim/Tallnut.reanim'
INFO: compile 0 ms:'compiled/reanim/Tallnut.reanim.compiled'
INFO: 'reanim/Fumeshroom.reanim'
INFO: compile 1 ms:'compiled/reanim/Fumeshroom.reanim.compiled'
INFO: 'reanim/Puffshroom.reanim'
INFO: compile 1 ms:'compiled/reanim/Puffshroom.reanim.compiled'
INFO: 'reanim/Hypnoshroom.reanim'
INFO: RegEmu: Can't read '/tmp/pvz-env-1aqyeob2/registry.regemu': File does not exist
INFO: RegEmu: Key 'SOFTWARE\PopCap\PlantsVsZombies' does not exist
INFO: RegEmu: Key 'SOFTWARE\PopCap\PlantsVsZombies' does not exist
INFO: RegEmu: Key 'SOFTWARE\PopCap\PlantsVsZombies' does not exist
INFO: RegEmu: Key 'SOFTWARE\PopCap\PlantsVsZombies' does not exist
INFO: RegEmu: Key 'SOFTWARE\PopCap\PlantsVsZombies' does not exist
INFO: RegEmu: Key 'SOFTWARE\PopCap\PlantsVsZombies' does not exist
INFO: RegEmu: Key 'SOFTWARE\PopCap\PlantsVsZombies' does not exist
INFO: RegEmu: Key 'SOFTWARE\PopCap\PlantsVsZombies' does not exist
INFO: RegEmu: Key 'SOFTWARE\PopCap\PlantsVsZombies' does not exist
INFO: session id: 1790781083
INFO: compile 0 ms:'compiled/reanim/Hypnoshroom.reanim.compiled'
INFO: 'reanim/Chomper.reanim'
INFO: compile 7 ms:'compiled/reanim/Chomper.reanim.compiled'
INFO: 'reanim/Zombie.reanim'
INFO: compile 35 ms:'compiled/reanim/Zombie.reanim.compiled'
INFO: 'reanim/Sun.reanim'
INFO: RegEmu: Value 'CurUser' does not exist
INFO: compile 7 ms:'compiled/reanim/Chomper.reanim.compiled'
INFO: 'reanim/Zombie.reanim'
INFO: compile 1 ms:'compiled/reanim/Sun.reanim.compiled'
INFO: 'reanim/PotatoMine.reanim'
INFO: 'reanim/LoadBar_sprout.reanim'
INFO: compile 0 ms:'compiled/reanim/LoadBar_sprout.reanim.compiled'
INFO: 'reanim/LoadBar_Zombiehead.reanim'
INFO: compile 0 ms:'compiled/reanim/LoadBar_Zombiehead.reanim.compiled'
INFO: 'reanim/SodRoll.reanim'
INFO: RegEmu: Can't read '/tmp/pvz-env-8_hhicay/registry.regemu': File does not exist
INFO: RegEmu: Key 'SOFTWARE\PopCap\PlantsVsZombies' does not exist
INFO: RegEmu: Key 'SOFTWARE\PopCap\PlantsVsZombies' does not exist
INFO: RegEmu: Key 'SOFTWARE\PopCap\PlantsVsZombies' does not exist
INFO: RegEmu: Key 'SOFTWARE\PopCap\PlantsVsZombies' does not exist
INFO: RegEmu: Key 'SOFTWARE\PopCap\PlantsVsZombies' does not exist
INFO: RegEmu: Key 'SOFTWARE\PopCap\PlantsVsZombies' does not exist
INFO: RegEmu: Key 'SOFTWARE\PopCap\PlantsVsZombies' does not exist
INFO: RegEmu: Key 'SOFTWARE\PopCap\PlantsVsZombies' does not exist
INFO: RegEmu: Key 'SOFTWARE\PopCap\PlantsVsZombies' does not exist
INFO: session id: 1790781083
INFO: compile 0 ms:'compiled/reanim/SodRoll.reanim.compiled'
INFO: 'reanim/FinalWave.reanim'
INFO: compile 0 ms:'compiled/reanim/FinalWave.reanim.compiled'
INFO: 'reanim/PeaShooterSingle.reanim'
INFO: compile 3 ms:'compiled/reanim/PotatoMine.reanim.compiled'
INFO: 'reanim/Caltrop.reanim'
INFO: compile 7 ms:'compiled/reanim/Chomper.reanim.compiled'
INFO: compile 1 ms:'compiled/reanim/Caltrop.reanim.compiled'
INFO: 'reanim/SpikeRock.reanim'
INFO: 'reanim/Zombie.reanim'
INFO: RegEmu: Value 'CurUser' does not exist
INFO: compile 3 ms:'compiled/reanim/PeaShooterSingle.reanim.compiled'
INFO: 'reanim/Wallnut.reanim'
INFO: compile 1 ms:'compiled/reanim/SpikeRock.reanim.compiled'
INFO: 'reanim/ThreePeater.reanim'
INFO: 'reanim/LoadBar_sprout.reanim'
INFO: compile 0 ms:'compiled/reanim/Wallnut.reanim.compiled'
INFO: 'reanim/Lilypad.reanim'
INFO: compile 0 ms:'compiled/reanim/LoadBar_sprout.reanim.compiled'
INFO: 'reanim/LoadBar_Zombiehead.reanim'
INFO: compile 0 ms:'compiled/reanim/Lilypad.reanim.compiled'
INFO: 'reanim/SunFlower.reanim'
INFO: compile 0 ms:'compiled/reanim/LoadBar_Zombiehead.reanim.compiled'
INFO: 'reanim/SodRoll.reanim'
INFO: compile 0 ms:'compiled/reanim/SodRoll.reanim.compiled'
INFO: 'reanim/FinalWave.reanim'
INFO: compile 0 ms:'compiled/reanim/FinalWave.reanim.compiled'
INFO: 'reanim/PeaShooterSingle.reanim'
INFO: compile 3 ms:'compiled/reanim/SunFlower.reanim.compiled'
INFO: 'reanim/LawnMower.reanim'
INFO: compile 4 ms:'compiled/reanim/ThreePeater.reanim.compiled'
INFO: 'reanim/Marigold.reanim'
INFO: compile 3 ms:'compiled/reanim/PeaShooterSingle.reanim.compiled'
INFO: compile 1 ms:'compiled/reanim/Marigold.reanim.compiled'
INFO: 'reanim/Wallnut.reanim'
INFO: 'reanim/IceShroom.reanim'
INFO: compile 2 ms:'compiled/reanim/LawnMower.reanim.compiled'
INFO: 'reanim/StartReadySetPlant.reanim'
INFO: compile 0 ms:'compiled/reanim/IceShroom.reanim.compiled'
INFO: 'reanim/Zombie_football.reanim'
INFO: compile 0 ms:'compiled/reanim/Wallnut.reanim.compiled'
INFO: 'reanim/Lilypad.reanim'
INFO: compile 0 ms:'compiled/reanim/Lilypad.reanim.compiled'
INFO: 'reanim/SunFlower.reanim'
INFO: compile 0 ms:'compiled/reanim/StartReadySetPlant.reanim.compiled'
INFO: 'reanim/CherryBomb.reanim'
INFO: compile 3 ms:'compiled/reanim/CherryBomb.reanim.compiled'
INFO: 'reanim/Squash.reanim'
INFO: compile 1 ms:'compiled/reanim/Squash.reanim.compiled'
INFO: 'reanim/DoomShroom.reanim'
INFO: compile 5 ms:'compiled/reanim/SunFlower.reanim.compiled'
INFO: 'reanim/LawnMower.reanim'
INFO: compile 1 ms:'compiled/reanim/DoomShroom.reanim.compiled'
INFO: 'reanim/SnowPea.reanim'
INFO: RegEmu: Can't read '/tmp/pvz-env-rvhy9yt0/registry.regemu': File does not exist
INFO: RegEmu: Key 'SOFTWARE\PopCap\PlantsVsZombies' does not exist
INFO: RegEmu: Key 'SOFTWARE\PopCap\PlantsVsZombies' does not exist
INFO: RegEmu: Key 'SOFTWARE\PopCap\PlantsVsZombies' does not exist
INFO: RegEmu: Key 'SOFTWARE\PopCap\PlantsVsZombies' does not exist
INFO: RegEmu: Key 'SOFTWARE\PopCap\PlantsVsZombies' does not exist
INFO: RegEmu: Key 'SOFTWARE\PopCap\PlantsVsZombies' does not exist
INFO: RegEmu: Key 'SOFTWARE\PopCap\PlantsVsZombies' does not exist
INFO: RegEmu: Key 'SOFTWARE\PopCap\PlantsVsZombies' does not exist
INFO: RegEmu: Key 'SOFTWARE\PopCap\PlantsVsZombies' does not exist
INFO: session id: 1790781083
INFO: compile 2 ms:'compiled/reanim/LawnMower.reanim.compiled'
INFO: 'reanim/StartReadySetPlant.reanim'
INFO: compile 9 ms:'compiled/reanim/Zombie_football.reanim.compiled'
INFO: 'reanim/Zombie_paper.reanim'
INFO: compile 0 ms:'compiled/reanim/StartReadySetPlant.reanim.compiled'
INFO: 'reanim/CherryBomb.reanim'
INFO: RegEmu: Value 'CurUser' does not exist
INFO: compile 3 ms:'compiled/reanim/SnowPea.reanim.compiled'
INFO: 'reanim/PeaShooter.reanim'
INFO: 'reanim/LoadBar_sprout.reanim'
INFO: compile 2 ms:'compiled/reanim/CherryBomb.reanim.compiled'
INFO: 'reanim/Squash.reanim'
INFO: compile 0 ms:'compiled/reanim/LoadBar_sprout.reanim.compiled'
INFO: 'reanim/LoadBar_Zombiehead.reanim'
INFO: compile 0 ms:'compiled/reanim/LoadBar_Zombiehead.reanim.compiled'
INFO: 'reanim/SodRoll.reanim'
INFO: compile 1 ms:'compiled/reanim/Squash.reanim.compiled'
INFO: 'reanim/DoomShroom.reanim'
INFO: compile 0 ms:'compiled/reanim/SodRoll.reanim.compiled'
INFO: 'reanim/FinalWave.reanim'
INFO: compile 0 ms:'compiled/reanim/FinalWave.reanim.compiled'
INFO: 'reanim/PeaShooterSingle.reanim'
INFO: compile 3 ms:'compiled/reanim/PeaShooter.reanim.compiled'
INFO: 'reanim/SunShroom.reanim'
INFO: compile 1 ms:'compiled/reanim/DoomShroom.reanim.compiled'
INFO: 'reanim/SnowPea.reanim'
INFO: compile 1 ms:'compiled/reanim/SunShroom.reanim.compiled'
INFO: 'reanim/Tallnut.reanim'
INFO: compile 0 ms:'compiled/reanim/Tallnut.reanim.compiled'
INFO: 'reanim/Fumeshroom.reanim'
INFO: compile 30 ms:'compiled/reanim/Zombie.reanim.compiled'
INFO: compile 32 ms:'compiled/reanim/Zombie.reanim.compiled'
INFO: 'reanim/Sun.reanim'
INFO: 'reanim/Sun.reanim'
INFO: compile 3 ms:'compiled/reanim/PeaShooterSingle.reanim.compiled'
INFO: 'reanim/Wallnut.reanim'
INFO: compile 0 ms:'compiled/reanim/Sun.reanim.compiled'
INFO: 'reanim/PotatoMine.reanim'
INFO: compile 0 ms:'compiled/reanim/Sun.reanim.compiled'
INFO: 'reanim/PotatoMine.reanim'
INFO: compile 1 ms:'compiled/reanim/Fumeshroom.reanim.compiled'
INFO: 'reanim/Puffshroom.reanim'
INFO: compile 0 ms:'compiled/reanim/Wallnut.reanim.compiled'
INFO: 'reanim/Lilypad.reanim'
INFO: compile 0 ms:'compiled/reanim/Lilypad.reanim.compiled'
INFO: compile 1 ms:'compiled/reanim/Puffshroom.reanim.compiled'
INFO: 'reanim/SunFlower.reanim'
INFO: 'reanim/Hypnoshroom.reanim'
INFO: compile 4 ms:'compiled/reanim/SnowPea.reanim.compiled'
INFO: 'reanim/PeaShooter.reanim'
INFO: compile 1 ms:'compiled/reanim/Hypnoshroom.reanim.compiled'
INFO: 'reanim/Chomper.reanim'
INFO: compile 2 ms:'compiled/reanim/PotatoMine.reanim.compiled'
INFO: 'reanim/Caltrop.reanim'
INFO: compile 2 ms:'compiled/reanim/PotatoMine.reanim.compiled'
INFO: 'reanim/Caltrop.reanim'
INFO: compile 1 ms:'compiled/reanim/Caltrop.reanim.compiled'
INFO: 'reanim/SpikeRock.reanim'
INFO: compile 1 ms:'compiled/reanim/Caltrop.reanim.compiled'
INFO: 'reanim/SpikeRock.reanim'
INFO: compile 3 ms:'compiled/reanim/SunFlower.reanim.compiled'
INFO: 'reanim/LawnMower.reanim'
INFO: compile 1 ms:'compiled/reanim/SpikeRock.reanim.compiled'
INFO: 'reanim/ThreePeater.reanim'
INFO: compile 31 ms:'compiled/reanim/Zombie.reanim.compiled'
INFO: 'reanim/Sun.reanim'
INFO: compile 1 ms:'compiled/reanim/SpikeRock.reanim.compiled'
INFO: 'reanim/ThreePeater.reanim'
INFO: compile 0 ms:'compiled/reanim/Sun.reanim.compiled'
INFO: 'reanim/PotatoMine.reanim'
INFO: compile 2 ms:'compiled/reanim/LawnMower.reanim.compiled'
INFO: 'reanim/StartReadySetPlant.reanim'
INFO: compile 15 ms:'compiled/reanim/Zombie_paper.reanim.compiled'
INFO: 'reanim/Zombie_zamboni.reanim'
INFO: compile 0 ms:'compiled/reanim/StartReadySetPlant.reanim.compiled'
INFO: 'reanim/CherryBomb.reanim'
INFO: compile 6 ms:'compiled/reanim/PeaShooter.reanim.compiled'
INFO: 'reanim/SunShroom.reanim'
INFO: compile 2 ms:'compiled/reanim/PotatoMine.reanim.compiled'
INFO: 'reanim/Caltrop.reanim'
INFO: compile 1 ms:'compiled/reanim/Caltrop.reanim.compiled'
INFO: 'reanim/SpikeRock.reanim'
INFO: compile 4 ms:'compiled/reanim/ThreePeater.reanim.compiled'
INFO: 'reanim/Marigold.reanim'
INFO: compile 1 ms:'compiled/reanim/SunShroom.reanim.compiled'
INFO: compile 7 ms:'compiled/reanim/Chomper.reanim.compiled'
INFO: 'reanim/Tallnut.reanim'
INFO: 'reanim/Zombie.reanim'
INFO: compile 2 ms:'compiled/reanim/CherryBomb.reanim.compiled'
INFO: 'reanim/Squash.reanim'
INFO: compile 4 ms:'compiled/reanim/ThreePeater.reanim.compiled'
INFO: 'reanim/Marigold.reanim'
INFO: compile 1 ms:'compiled/reanim/SpikeRock.reanim.compiled'
INFO: 'reanim/ThreePeater.reanim'
INFO: compile 1 ms:'compiled/reanim/Marigold.reanim.compiled'
INFO: 'reanim/IceShroom.reanim'
INFO: compile 1 ms:'compiled/reanim/Squash.reanim.compiled'
INFO: 'reanim/DoomShroom.reanim'
INFO: compile 1 ms:'compiled/reanim/Tallnut.reanim.compiled'
INFO: 'reanim/Fumeshroom.reanim'
INFO: compile 1 ms:'compiled/reanim/Marigold.reanim.compiled'
INFO: 'reanim/IceShroom.reanim'
INFO: compile 0 ms:'compiled/reanim/IceShroom.reanim.compiled'
INFO: 'reanim/Zombie_football.reanim'
INFO: compile 0 ms:'compiled/reanim/IceShroom.reanim.compiled'
INFO: 'reanim/Zombie_football.reanim'
INFO: compile 1 ms:'compiled/reanim/DoomShroom.reanim.compiled'
INFO: 'reanim/SnowPea.reanim'
INFO: compile 2 ms:'compiled/reanim/Fumeshroom.reanim.compiled'
INFO: 'reanim/Puffshroom.reanim'
INFO: compile 1 ms:'compiled/reanim/Puffshroom.reanim.compiled'
INFO: 'reanim/Hypnoshroom.reanim'
INFO: compile 4 ms:'compiled/reanim/ThreePeater.reanim.compiled'
INFO: 'reanim/Marigold.reanim'
INFO: compile 3 ms:'compiled/reanim/SnowPea.reanim.compiled'
INFO: 'reanim/PeaShooter.reanim'
INFO: compile 9 ms:'compiled/reanim/Zombie_zamboni.reanim.compiled'
INFO: 'reanim/splash.reanim'
INFO: compile 0 ms:'compiled/reanim/Hypnoshroom.reanim.compiled'
INFO: 'reanim/Chomper.reanim'
INFO: compile 1 ms:'compiled/reanim/Marigold.reanim.compiled'
INFO: 'reanim/IceShroom.reanim'
INFO: compile 1 ms:'compiled/reanim/splash.reanim.compiled'
INFO: 'reanim/Jalapeno.reanim'
INFO: compile 0 ms:'compiled/reanim/IceShroom.reanim.compiled'
INFO: 'reanim/Zombie_football.reanim'
INFO: compile 1 ms:'compiled/reanim/Jalapeno.reanim.compiled'
INFO: 'reanim/fire.reanim'
INFO: compile 3 ms:'compiled/reanim/PeaShooter.reanim.compiled'
INFO: 'reanim/SunShroom.reanim'
INFO: compile 8 ms:'compiled/reanim/Zombie_football.reanim.compiled'
INFO: 'reanim/Zombie_paper.reanim'
INFO: compile 8 ms:'compiled/reanim/Zombie_football.reanim.compiled'
INFO: 'reanim/Zombie_paper.reanim'
INFO: compile 1 ms:'compiled/reanim/SunShroom.reanim.compiled'
INFO: 'reanim/Tallnut.reanim'
INFO: compile 0 ms:'compiled/reanim/Tallnut.reanim.compiled'
INFO: 'reanim/Fumeshroom.reanim'
INFO: compile 2 ms:'compiled/reanim/fire.reanim.compiled'
INFO: 'reanim/Coin_silver.reanim'
INFO: compile 0 ms:'compiled/reanim/Coin_silver.reanim.compiled'
INFO: 'reanim/Zombie_charred.reanim'
INFO: compile 1 ms:'compiled/reanim/Fumeshroom.reanim.compiled'
INFO: 'reanim/Puffshroom.reanim'
INFO: compile 1 ms:'compiled/reanim/Puffshroom.reanim.compiled'
INFO: 'reanim/Hypnoshroom.reanim'
INFO: compile 2 ms:'compiled/reanim/Zombie_charred.reanim.compiled'
INFO: 'reanim/Zombie_charred_imp.reanim'
INFO: compile 0 ms:'compiled/reanim/Hypnoshroom.reanim.compiled'
INFO: 'reanim/Chomper.reanim'
INFO: compile 1 ms:'compiled/reanim/Zombie_charred_imp.reanim.compiled'
INFO: 'reanim/Zombie_charred_digger.reanim'
INFO: compile 8 ms:'compiled/reanim/Zombie_football.reanim.compiled'
INFO: 'reanim/Zombie_paper.reanim'
INFO: compile 9 ms:'compiled/reanim/Chomper.reanim.compiled'
INFO: 'reanim/Zombie.reanim'
INFO: compile 2 ms:'compiled/reanim/Zombie_charred_digger.reanim.compiled'
INFO: 'reanim/Zombie_charred_zamboni.reanim'
INFO: compile 7 ms:'compiled/reanim/Chomper.reanim.compiled'
INFO: 'reanim/Zombie.reanim'
INFO: compile 4 ms:'compiled/reanim/Zombie_charred_zamboni.reanim.compiled'
INFO: 'reanim/Zombie_charred_catapult.reanim'
INFO: compile 13 ms:'compiled/reanim/Zombie_paper.reanim.compiled'
INFO: 'reanim/Zombie_zamboni.reanim'
INFO: compile 3 ms:'compiled/reanim/Zombie_charred_catapult.reanim.compiled'
INFO: 'reanim/Zombie_charred_gargantuar.reanim'
INFO: compile 16 ms:'compiled/reanim/Zombie_paper.reanim.compiled'
INFO: 'reanim/Zombie_zamboni.reanim'
INFO: compile 12 ms:'compiled/reanim/Zombie_paper.reanim.compiled'
INFO: 'reanim/Zombie_zamboni.reanim'
INFO: compile 3 ms:'compiled/reanim/Zombie_charred_gargantuar.reanim.compiled'
INFO: 'reanim/ScaredyShroom.reanim'
INFO: compile 30 ms:'compiled/reanim/Zombie.reanim.compiled'
INFO: Product: io.github.wszqkzqk.pvz-portable
INFO: BuildNum: 1041
INFO: CommitDate: 2026-09-30
INFO: 'reanim/Sun.reanim'
INFO: compile 0 ms:'compiled/reanim/Sun.reanim.compiled'
INFO: 'reanim/PotatoMine.reanim'
INFO: compile 8 ms:'compiled/reanim/Zombie_zamboni.reanim.compiled'
INFO: 'reanim/splash.reanim'
INFO: compile 0 ms:'compiled/reanim/splash.reanim.compiled'
INFO: 'reanim/Jalapeno.reanim'
INFO: compile 5 ms:'compiled/reanim/Zombie_zamboni.reanim.compiled'
INFO: 'reanim/splash.reanim'
INFO: compile 2 ms:'compiled/reanim/ScaredyShroom.reanim.compiled'
INFO: 'reanim/Pumpkin.reanim'
INFO: compile 0 ms:'compiled/reanim/Pumpkin.reanim.compiled'
INFO: 'reanim/Plantern.reanim'
INFO: compile 2 ms:'compiled/reanim/PotatoMine.reanim.compiled'
INFO: compile 0 ms:'compiled/reanim/splash.reanim.compiled'
INFO: 'reanim/Jalapeno.reanim'
INFO: 'reanim/Caltrop.reanim'
INFO: compile 1 ms:'compiled/reanim/Jalapeno.reanim.compiled'
INFO: 'reanim/fire.reanim'
INFO: compile 5 ms:'compiled/reanim/Zombie_zamboni.reanim.compiled'
INFO: 'reanim/splash.reanim'
INFO: compile 0 ms:'compiled/reanim/splash.reanim.compiled'
INFO: 'reanim/Jalapeno.reanim'
INFO: compile 1 ms:'compiled/reanim/Caltrop.reanim.compiled'
INFO: 'reanim/SpikeRock.reanim'
INFO: compile 1 ms:'compiled/reanim/Jalapeno.reanim.compiled'
INFO: 'reanim/fire.reanim'
INFO: compile 1 ms:'compiled/reanim/Plantern.reanim.compiled'
INFO: 'reanim/Torchwood.reanim'
INFO: compile 1 ms:'compiled/reanim/Jalapeno.reanim.compiled'
INFO: 'reanim/fire.reanim'
INFO: compile 2 ms:'compiled/reanim/fire.reanim.compiled'
INFO: 'reanim/Coin_silver.reanim'
INFO: compile 1 ms:'compiled/reanim/Torchwood.reanim.compiled'
INFO: 'reanim/SplitPea.reanim'
INFO: compile 1 ms:'compiled/reanim/SpikeRock.reanim.compiled'
INFO: 'reanim/ThreePeater.reanim'
INFO: compile 0 ms:'compiled/reanim/Coin_silver.reanim.compiled'
INFO: 'reanim/Zombie_charred.reanim'
INFO: compile 2 ms:'compiled/reanim/fire.reanim.compiled'
INFO: 'reanim/Coin_silver.reanim'
INFO: compile 0 ms:'compiled/reanim/Coin_silver.reanim.compiled'
INFO: 'reanim/Zombie_charred.reanim'
INFO: compile 2 ms:'compiled/reanim/fire.reanim.compiled'
INFO: 'reanim/Coin_silver.reanim'
INFO: compile 2 ms:'compiled/reanim/Zombie_charred.reanim.compiled'
INFO: 'reanim/Zombie_charred_imp.reanim'
INFO: compile 0 ms:'compiled/reanim/Coin_silver.reanim.compiled'
INFO: compile 2 ms:'compiled/reanim/SplitPea.reanim.compiled'
INFO: 'reanim/Zombie_charred.reanim'
INFO: 'reanim/SeaShroom.reanim'
INFO: compile 2 ms:'compiled/reanim/Zombie_charred.reanim.compiled'
INFO: compile 1 ms:'compiled/reanim/Zombie_charred_imp.reanim.compiled'
INFO: 'reanim/Zombie_charred_imp.reanim'
INFO: 'reanim/Zombie_charred_digger.reanim'
INFO: compile 1 ms:'compiled/reanim/Zombie_charred_imp.reanim.compiled'
INFO: compile 2 ms:'compiled/reanim/Zombie_charred.reanim.compiled'
INFO: 'reanim/Zombie_charred_digger.reanim'
INFO: 'reanim/Zombie_charred_imp.reanim'
INFO: compile 2 ms:'compiled/reanim/SeaShroom.reanim.compiled'
INFO: 'reanim/Blover.reanim'
INFO: compile 4 ms:'compiled/reanim/ThreePeater.reanim.compiled'
INFO: 'reanim/Marigold.reanim'
INFO: compile 1 ms:'compiled/reanim/Zombie_charred_imp.reanim.compiled'
INFO: 'reanim/Zombie_charred_digger.reanim'
INFO: compile 1 ms:'compiled/reanim/Blover.reanim.compiled'
INFO: 'reanim/Pot.reanim'
INFO: compile 2 ms:'compiled/reanim/Zombie_charred_digger.reanim.compiled'
INFO: 'reanim/Zombie_charred_zamboni.reanim'
INFO: compile 1 ms:'compiled/reanim/Marigold.reanim.compiled'
INFO: 'reanim/IceShroom.reanim'
INFO: compile 0 ms:'compiled/reanim/IceShroom.reanim.compiled'
INFO: 'reanim/Zombie_football.reanim'
INFO: compile 1 ms:'compiled/reanim/Pot.reanim.compiled'
INFO: 'reanim/Cactus.reanim'
INFO: compile 3 ms:'compiled/reanim/Zombie_charred_digger.reanim.compiled'
INFO: 'reanim/Zombie_charred_zamboni.reanim'
INFO: compile 2 ms:'compiled/reanim/Zombie_charred_digger.reanim.compiled'
INFO: 'reanim/Zombie_charred_zamboni.reanim'
INFO: compile 4 ms:'compiled/reanim/Zombie_charred_zamboni.reanim.compiled'
INFO: 'reanim/Zombie_charred_catapult.reanim'
INFO: compile 4 ms:'compiled/reanim/Cactus.reanim.compiled'
INFO: 'reanim/Zombie_disco.reanim'
INFO: compile 4 ms:'compiled/reanim/Zombie_charred_zamboni.reanim.compiled'
INFO: compile 32 ms:'compiled/reanim/Zombie.reanim.compiled'
INFO: 'reanim/Zombie_charred_catapult.reanim'
INFO: 'reanim/Sun.reanim'
INFO: compile 4 ms:'compiled/reanim/Zombie_charred_zamboni.reanim.compiled'
INFO: 'reanim/Zombie_charred_catapult.reanim'
INFO: compile 0 ms:'compiled/reanim/Sun.reanim.compiled'
INFO: 'reanim/PotatoMine.reanim'
INFO: compile 3 ms:'compiled/reanim/Zombie_charred_catapult.reanim.compiled'
INFO: 'reanim/Zombie_charred_gargantuar.reanim'
INFO: compile 6 ms:'compiled/reanim/Zombie_football.reanim.compiled'
INFO: 'reanim/Zombie_paper.reanim'
INFO: compile 2 ms:'compiled/reanim/PotatoMine.reanim.compiled'
INFO: 'reanim/Caltrop.reanim'
INFO: compile 3 ms:'compiled/reanim/Zombie_charred_catapult.reanim.compiled'
INFO: 'reanim/Zombie_charred_gargantuar.reanim'
INFO: compile 3 ms:'compiled/reanim/Zombie_charred_catapult.reanim.compiled'
INFO: 'reanim/Zombie_charred_gargantuar.reanim'
INFO: compile 1 ms:'compiled/reanim/Caltrop.reanim.compiled'
INFO: 'reanim/SpikeRock.reanim'
INFO: compile 3 ms:'compiled/reanim/Zombie_charred_gargantuar.reanim.compiled'
INFO: 'reanim/ScaredyShroom.reanim'
INFO: RegEmu: Can't read '/tmp/pvz-env-vctc_bb5/registry.regemu': File does not exist
INFO: RegEmu: Key 'SOFTWARE\PopCap\PlantsVsZombies' does not exist
INFO: RegEmu: Key 'SOFTWARE\PopCap\PlantsVsZombies' does not exist
INFO: RegEmu: Key 'SOFTWARE\PopCap\PlantsVsZombies' does not exist
INFO: RegEmu: Key 'SOFTWARE\PopCap\PlantsVsZombies' does not exist
INFO: RegEmu: Key 'SOFTWARE\PopCap\PlantsVsZombies' does not exist
INFO: RegEmu: Key 'SOFTWARE\PopCap\PlantsVsZombies' does not exist
INFO: RegEmu: Key 'SOFTWARE\PopCap\PlantsVsZombies' does not exist
INFO: RegEmu: Key 'SOFTWARE\PopCap\PlantsVsZombies' does not exist
INFO: RegEmu: Key 'SOFTWARE\PopCap\PlantsVsZombies' does not exist
INFO: session id: 1790781084
INFO: compile 1 ms:'compiled/reanim/SpikeRock.reanim.compiled'
INFO: 'reanim/ThreePeater.reanim'
INFO: compile 3 ms:'compiled/reanim/Zombie_charred_gargantuar.reanim.compiled'
INFO: 'reanim/ScaredyShroom.reanim'
INFO: compile 3 ms:'compiled/reanim/Zombie_charred_gargantuar.reanim.compiled'
INFO: 'reanim/ScaredyShroom.reanim'
INFO: compile 2 ms:'compiled/reanim/ScaredyShroom.reanim.compiled'
INFO: 'reanim/Pumpkin.reanim'
INFO: compile 0 ms:'compiled/reanim/Pumpkin.reanim.compiled'
INFO: 'reanim/Plantern.reanim'
INFO: RegEmu: Value 'CurUser' does not exist
INFO: 'reanim/LoadBar_sprout.reanim'
INFO: compile 1 ms:'compiled/reanim/Plantern.reanim.compiled'
INFO: 'reanim/Torchwood.reanim'
INFO: compile 10 ms:'compiled/reanim/Zombie_disco.reanim.compiled'
INFO: 'reanim/Tanglekelp.reanim'
INFO: compile 0 ms:'compiled/reanim/LoadBar_sprout.reanim.compiled'
INFO: 'reanim/LoadBar_Zombiehead.reanim'
INFO: compile 2 ms:'compiled/reanim/ScaredyShroom.reanim.compiled'
INFO: 'reanim/Pumpkin.reanim'
INFO: compile 2 ms:'compiled/reanim/ScaredyShroom.reanim.compiled'
INFO: 'reanim/Pumpkin.reanim'
INFO: compile 4 ms:'compiled/reanim/ThreePeater.reanim.compiled'
INFO: 'reanim/Marigold.reanim'
INFO: compile 0 ms:'compiled/reanim/Pumpkin.reanim.compiled'
INFO: 'reanim/Plantern.reanim'
INFO: compile 0 ms:'compiled/reanim/LoadBar_Zombiehead.reanim.compiled'
INFO: 'reanim/SodRoll.reanim'
INFO: compile 0 ms:'compiled/reanim/Pumpkin.reanim.compiled'
INFO: 'reanim/Plantern.reanim'
INFO: compile 1 ms:'compiled/reanim/Torchwood.reanim.compiled'
INFO: 'reanim/SplitPea.reanim'
INFO: compile 0 ms:'compiled/reanim/SodRoll.reanim.compiled'
INFO: 'reanim/FinalWave.reanim'
INFO: compile 0 ms:'compiled/reanim/FinalWave.reanim.compiled'
INFO: 'reanim/PeaShooterSingle.reanim'
INFO: compile 1 ms:'compiled/reanim/Marigold.reanim.compiled'
INFO: 'reanim/IceShroom.reanim'
INFO: compile 1 ms:'compiled/reanim/Plantern.reanim.compiled'
INFO: 'reanim/Torchwood.reanim'
INFO: compile 1 ms:'compiled/reanim/Plantern.reanim.compiled'
INFO: 'reanim/Torchwood.reanim'
INFO: compile 0 ms:'compiled/reanim/IceShroom.reanim.compiled'
INFO: 'reanim/Zombie_football.reanim'
INFO: compile 12 ms:'compiled/reanim/Zombie_paper.reanim.compiled'
INFO: 'reanim/Zombie_zamboni.reanim'
INFO: compile 3 ms:'compiled/reanim/Tanglekelp.reanim.compiled'
INFO: 'reanim/Starfruit.reanim'
INFO: compile 1 ms:'compiled/reanim/Torchwood.reanim.compiled'
INFO: 'reanim/SplitPea.reanim'
INFO: compile 1 ms:'compiled/reanim/Torchwood.reanim.compiled'
INFO: 'reanim/SplitPea.reanim'
INFO: compile 1 ms:'compiled/reanim/Starfruit.reanim.compiled'
INFO: 'reanim/Zombie_polevaulter.reanim'
INFO: compile 3 ms:'compiled/reanim/PeaShooterSingle.reanim.compiled'
INFO: 'reanim/Wallnut.reanim'
INFO: compile 3 ms:'compiled/reanim/SplitPea.reanim.compiled'
INFO: 'reanim/SeaShroom.reanim'
INFO: compile 0 ms:'compiled/reanim/Wallnut.reanim.compiled'
INFO: 'reanim/Lilypad.reanim'
INFO: compile 2 ms:'compiled/reanim/SplitPea.reanim.compiled'
INFO: 'reanim/SeaShroom.reanim'
INFO: compile 2 ms:'compiled/reanim/SplitPea.reanim.compiled'
INFO: 'reanim/SeaShroom.reanim'
INFO: compile 0 ms:'compiled/reanim/Lilypad.reanim.compiled'
INFO: 'reanim/SunFlower.reanim'
INFO: compile 43 ms:'compiled/reanim/Zombie.reanim.compiled'
INFO: 'reanim/Sun.reanim'
INFO: compile 2 ms:'compiled/reanim/SeaShroom.reanim.compiled'
INFO: 'reanim/Blover.reanim'
INFO: compile 2 ms:'compiled/reanim/SeaShroom.reanim.compiled'
INFO: 'reanim/Blover.reanim'
INFO: compile 1 ms:'compiled/reanim/Sun.reanim.compiled'
INFO: 'reanim/PotatoMine.reanim'
INFO: compile 3 ms:'compiled/reanim/SeaShroom.reanim.compiled'
INFO: 'reanim/Blover.reanim'
INFO: compile 5 ms:'compiled/reanim/Zombie_zamboni.reanim.compiled'
INFO: 'reanim/splash.reanim'
INFO: compile 3 ms:'compiled/reanim/SunFlower.reanim.compiled'
INFO: 'reanim/LawnMower.reanim'
INFO: compile 6 ms:'compiled/reanim/Zombie_football.reanim.compiled'
INFO: 'reanim/Zombie_paper.reanim'
INFO: compile 1 ms:'compiled/reanim/Blover.reanim.compiled'
INFO: 'reanim/Pot.reanim'
INFO: compile 0 ms:'compiled/reanim/splash.reanim.compiled'
INFO: 'reanim/Jalapeno.reanim'
INFO: compile 1 ms:'compiled/reanim/Blover.reanim.compiled'
INFO: 'reanim/Pot.reanim'
INFO: compile 1 ms:'compiled/reanim/Blover.reanim.compiled'
INFO: 'reanim/Pot.reanim'
INFO: compile 1 ms:'compiled/reanim/Jalapeno.reanim.compiled'
INFO: 'reanim/fire.reanim'
INFO: compile 1 ms:'compiled/reanim/Pot.reanim.compiled'
INFO: compile 1 ms:'compiled/reanim/Pot.reanim.compiled'
INFO: 'reanim/Cactus.reanim'
INFO: 'reanim/Cactus.reanim'
INFO: compile 1 ms:'compiled/reanim/Pot.reanim.compiled'
INFO: 'reanim/Cactus.reanim'
INFO: compile 2 ms:'compiled/reanim/LawnMower.reanim.compiled'
INFO: 'reanim/StartReadySetPlant.reanim'
INFO: compile 3 ms:'compiled/reanim/PotatoMine.reanim.compiled'
INFO: 'reanim/Caltrop.reanim'
INFO: compile 0 ms:'compiled/reanim/StartReadySetPlant.reanim.compiled'
INFO: 'reanim/CherryBomb.reanim'
INFO: compile 2 ms:'compiled/reanim/fire.reanim.compiled'
INFO: 'reanim/Coin_silver.reanim'
INFO: compile 0 ms:'compiled/reanim/Coin_silver.reanim.compiled'
INFO: 'reanim/Zombie_charred.reanim'
INFO: compile 1 ms:'compiled/reanim/Caltrop.reanim.compiled'
INFO: 'reanim/SpikeRock.reanim'
INFO: compile 2 ms:'compiled/reanim/CherryBomb.reanim.compiled'
INFO: 'reanim/Squash.reanim'
INFO: compile 4 ms:'compiled/reanim/Cactus.reanim.compiled'
INFO: 'reanim/Zombie_disco.reanim'
INFO: compile 4 ms:'compiled/reanim/Cactus.reanim.compiled'
INFO: 'reanim/Zombie_disco.reanim'
INFO: compile 2 ms:'compiled/reanim/Zombie_charred.reanim.compiled'
INFO: 'reanim/Zombie_charred_imp.reanim'
INFO: compile 4 ms:'compiled/reanim/Cactus.reanim.compiled'
INFO: 'reanim/Zombie_disco.reanim'
INFO: compile 1 ms:'compiled/reanim/Squash.reanim.compiled'
INFO: 'reanim/DoomShroom.reanim'
INFO: compile 12 ms:'compiled/reanim/Zombie_polevaulter.reanim.compiled'
INFO: compile 1 ms:'compiled/reanim/Zombie_charred_imp.reanim.compiled'
INFO: 'reanim/Zombie_charred_digger.reanim'
INFO: 'reanim/Zombie_balloon.reanim'
INFO: compile 2 ms:'compiled/reanim/SpikeRock.reanim.compiled'
INFO: 'reanim/ThreePeater.reanim'
INFO: compile 1 ms:'compiled/reanim/DoomShroom.reanim.compiled'
INFO: 'reanim/SnowPea.reanim'
INFO: compile 3 ms:'compiled/reanim/Zombie_charred_digger.reanim.compiled'
INFO: 'reanim/Zombie_charred_zamboni.reanim'
INFO: compile 11 ms:'compiled/reanim/Zombie_paper.reanim.compiled'
INFO: 'reanim/Zombie_zamboni.reanim'
INFO: compile 4 ms:'compiled/reanim/SnowPea.reanim.compiled'
INFO: 'reanim/PeaShooter.reanim'
INFO: compile 5 ms:'compiled/reanim/ThreePeater.reanim.compiled'
INFO: 'reanim/Marigold.reanim'
INFO: compile 1 ms:'compiled/reanim/Marigold.reanim.compiled'
INFO: 'reanim/IceShroom.reanim'
INFO: compile 0 ms:'compiled/reanim/IceShroom.reanim.compiled'
INFO: 'reanim/Zombie_football.reanim'
INFO: compile 3 ms:'compiled/reanim/PeaShooter.reanim.compiled'
INFO: 'reanim/SunShroom.reanim'
INFO: compile 10 ms:'compiled/reanim/Zombie_disco.reanim.compiled'
INFO: 'reanim/Tanglekelp.reanim'
INFO: compile 9 ms:'compiled/reanim/Zombie_balloon.reanim.compiled'
INFO: 'reanim/Zombie_gargantuar.reanim'
INFO: compile 6 ms:'compiled/reanim/Zombie_charred_zamboni.reanim.compiled'
INFO: 'reanim/Zombie_charred_catapult.reanim'
INFO: compile 1 ms:'compiled/reanim/SunShroom.reanim.compiled'
INFO: 'reanim/Tallnut.reanim'
INFO: compile 5 ms:'compiled/reanim/Zombie_zamboni.reanim.compiled'
INFO: 'reanim/splash.reanim'
INFO: compile 0 ms:'compiled/reanim/Tallnut.reanim.compiled'
INFO: 'reanim/Fumeshroom.reanim'
INFO: compile 0 ms:'compiled/reanim/splash.reanim.compiled'
INFO: 'reanim/Jalapeno.reanim'
INFO: compile 12 ms:'compiled/reanim/Zombie_disco.reanim.compiled'
INFO: 'reanim/Tanglekelp.reanim'
INFO: compile 13 ms:'compiled/reanim/Zombie_disco.reanim.compiled'
INFO: 'reanim/Tanglekelp.reanim'
INFO: compile 1 ms:'compiled/reanim/Fumeshroom.reanim.compiled'
INFO: 'reanim/Puffshroom.reanim'
INFO: compile 1 ms:'compiled/reanim/Jalapeno.reanim.compiled'
INFO: 'reanim/fire.reanim'
INFO: compile 3 ms:'compiled/reanim/Tanglekelp.reanim.compiled'
INFO: 'reanim/Starfruit.reanim'
INFO: compile 1 ms:'compiled/reanim/Puffshroom.reanim.compiled'
INFO: 'reanim/Hypnoshroom.reanim'
INFO: compile 1 ms:'compiled/reanim/Starfruit.reanim.compiled'
INFO: 'reanim/Zombie_polevaulter.reanim'
INFO: compile 0 ms:'compiled/reanim/Hypnoshroom.reanim.compiled'
INFO: 'reanim/Chomper.reanim'
INFO: compile 6 ms:'compiled/reanim/Zombie_football.reanim.compiled'
INFO: 'reanim/Zombie_paper.reanim'
INFO: compile 2 ms:'compiled/reanim/fire.reanim.compiled'
INFO: 'reanim/Coin_silver.reanim'
INFO: compile 4 ms:'compiled/reanim/Zombie_charred_catapult.reanim.compiled'
INFO: 'reanim/Zombie_charred_gargantuar.reanim'
INFO: compile 0 ms:'compiled/reanim/Coin_silver.reanim.compiled'
INFO: 'reanim/Zombie_charred.reanim'
INFO: compile 2 ms:'compiled/reanim/Zombie_charred.reanim.compiled'
INFO: 'reanim/Zombie_charred_imp.reanim'
INFO: compile 5 ms:'compiled/reanim/Tanglekelp.reanim.compiled'
INFO: 'reanim/Starfruit.reanim'
INFO: compile 6 ms:'compiled/reanim/Tanglekelp.reanim.compiled'
INFO: 'reanim/Starfruit.reanim'
INFO: compile 1 ms:'compiled/reanim/Zombie_charred_imp.reanim.compiled'
INFO: 'reanim/Zombie_charred_digger.reanim'
INFO: compile 4 ms:'compiled/reanim/Zombie_charred_gargantuar.reanim.compiled'
INFO: 'reanim/ScaredyShroom.reanim'
INFO: compile 1 ms:'compiled/reanim/Starfruit.reanim.compiled'
INFO: 'reanim/Zombie_polevaulter.reanim'
INFO: compile 1 ms:'compiled/reanim/Starfruit.reanim.compiled'
INFO: 'reanim/Zombie_polevaulter.reanim'
INFO: compile 2 ms:'compiled/reanim/Zombie_charred_digger.reanim.compiled'
INFO: 'reanim/Zombie_charred_zamboni.reanim'
INFO: compile 7 ms:'compiled/reanim/Chomper.reanim.compiled'
INFO: 'reanim/Zombie.reanim'
INFO: compile 2 ms:'compiled/reanim/ScaredyShroom.reanim.compiled'
INFO: 'reanim/Pumpkin.reanim'
INFO: compile 0 ms:'compiled/reanim/Pumpkin.reanim.compiled'
INFO: 'reanim/Plantern.reanim'
INFO: compile 1 ms:'compiled/reanim/Plantern.reanim.compiled'
INFO: 'reanim/Torchwood.reanim'
INFO: compile 4 ms:'compiled/reanim/Zombie_charred_zamboni.reanim.compiled'
INFO: 'reanim/Zombie_charred_catapult.reanim'
INFO: compile 1 ms:'compiled/reanim/Torchwood.reanim.compiled'
INFO: 'reanim/SplitPea.reanim'
INFO: compile 12 ms:'compiled/reanim/Zombie_polevaulter.reanim.compiled'
INFO: 'reanim/Zombie_balloon.reanim'
INFO: compile 12 ms:'compiled/reanim/Zombie_paper.reanim.compiled'
INFO: 'reanim/Zombie_zamboni.reanim'
INFO: compile 2 ms:'compiled/reanim/SplitPea.reanim.compiled'
INFO: 'reanim/SeaShroom.reanim'
INFO: compile 18 ms:'compiled/reanim/Zombie_gargantuar.reanim.compiled'
INFO: 'reanim/Zombie_imp.reanim'
INFO: compile 3 ms:'compiled/reanim/Zombie_charred_catapult.reanim.compiled'
INFO: 'reanim/Zombie_charred_gargantuar.reanim'
INFO: compile 2 ms:'compiled/reanim/SeaShroom.reanim.compiled'
INFO: 'reanim/Blover.reanim'
INFO: compile 12 ms:'compiled/reanim/Zombie_polevaulter.reanim.compiled'
INFO: compile 1 ms:'compiled/reanim/Blover.reanim.compiled'
INFO: 'reanim/Pot.reanim'
INFO: 'reanim/Zombie_balloon.reanim'
INFO: compile 5 ms:'compiled/reanim/Zombie_zamboni.reanim.compiled'
INFO: 'reanim/splash.reanim'
INFO: compile 3 ms:'compiled/reanim/Zombie_charred_gargantuar.reanim.compiled'
INFO: 'reanim/ScaredyShroom.reanim'
INFO: compile 4 ms:'compiled/reanim/Zombie_imp.reanim.compiled'
INFO: 'reanim/Zombie_digger.reanim'
INFO: compile 0 ms:'compiled/reanim/splash.reanim.compiled'
INFO: 'reanim/Jalapeno.reanim'
INFO: compile 1 ms:'compiled/reanim/Pot.reanim.compiled'
INFO: 'reanim/Cactus.reanim'
INFO: compile 13 ms:'compiled/reanim/Zombie_polevaulter.reanim.compiled'
INFO: 'reanim/Zombie_balloon.reanim'
INFO: compile 1 ms:'compiled/reanim/Jalapeno.reanim.compiled'
INFO: 'reanim/fire.reanim'
INFO: compile 2 ms:'compiled/reanim/ScaredyShroom.reanim.compiled'
INFO: 'reanim/Pumpkin.reanim'
INFO: compile 0 ms:'compiled/reanim/Pumpkin.reanim.compiled'
INFO: 'reanim/Plantern.reanim'
INFO: compile 9 ms:'compiled/reanim/Zombie_balloon.reanim.compiled'
INFO: 'reanim/Zombie_gargantuar.reanim'
INFO: compile 2 ms:'compiled/reanim/fire.reanim.compiled'
INFO: 'reanim/Coin_silver.reanim'
INFO: compile 0 ms:'compiled/reanim/Coin_silver.reanim.compiled'
INFO: 'reanim/Zombie_charred.reanim'
INFO: compile 1 ms:'compiled/reanim/Plantern.reanim.compiled'
INFO: 'reanim/Torchwood.reanim'
INFO: compile 4 ms:'compiled/reanim/Cactus.reanim.compiled'
INFO: 'reanim/Zombie_disco.reanim'
INFO: compile 1 ms:'compiled/reanim/Torchwood.reanim.compiled'
INFO: 'reanim/SplitPea.reanim'
INFO: compile 2 ms:'compiled/reanim/Zombie_charred.reanim.compiled'
INFO: 'reanim/Zombie_charred_imp.reanim'
INFO: compile 1 ms:'compiled/reanim/Zombie_charred_imp.reanim.compiled'
INFO: 'reanim/Zombie_charred_digger.reanim'
INFO: compile 2 ms:'compiled/reanim/SplitPea.reanim.compiled'
INFO: 'reanim/SeaShroom.reanim'
INFO: compile 2 ms:'compiled/reanim/SeaShroom.reanim.compiled'
INFO: 'reanim/Blover.reanim'
INFO: compile 2 ms:'compiled/reanim/Zombie_charred_digger.reanim.compiled'
INFO: compile 10 ms:'compiled/reanim/Zombie_balloon.reanim.compiled'
INFO: 'reanim/Zombie_charred_zamboni.reanim'
INFO: 'reanim/Zombie_gargantuar.reanim'
INFO: compile 12 ms:'compiled/reanim/Zombie_balloon.reanim.compiled'
INFO: 'reanim/Zombie_gargantuar.reanim'
INFO: compile 1 ms:'compiled/reanim/Blover.reanim.compiled'
INFO: 'reanim/Pot.reanim'
INFO: compile 1 ms:'compiled/reanim/Pot.reanim.compiled'
INFO: 'reanim/Cactus.reanim'
INFO: compile 14 ms:'compiled/reanim/Zombie_digger.reanim.compiled'
INFO: 'reanim/Digger_rising_dirt.reanim'
INFO: compile 1 ms:'compiled/reanim/Digger_rising_dirt.reanim.compiled'
INFO: 'reanim/Zombie_dolphinrider.reanim'
INFO: compile 4 ms:'compiled/reanim/Zombie_charred_zamboni.reanim.compiled'
INFO: 'reanim/Zombie_charred_catapult.reanim'
INFO: compile 10 ms:'compiled/reanim/Zombie_disco.reanim.compiled'
INFO: 'reanim/Tanglekelp.reanim'
INFO: compile 4 ms:'compiled/reanim/Cactus.reanim.compiled'
INFO: 'reanim/Zombie_disco.reanim'
INFO: compile 3 ms:'compiled/reanim/Zombie_charred_catapult.reanim.compiled'
INFO: 'reanim/Zombie_charred_gargantuar.reanim'
INFO: compile 3 ms:'compiled/reanim/Tanglekelp.reanim.compiled'
INFO: 'reanim/Starfruit.reanim'
INFO: compile 30 ms:'compiled/reanim/Zombie.reanim.compiled'
INFO: 'reanim/Sun.reanim'
INFO: compile 1 ms:'compiled/reanim/Starfruit.reanim.compiled'
INFO: 'reanim/Zombie_polevaulter.reanim'
INFO: compile 0 ms:'compiled/reanim/Sun.reanim.compiled'
INFO: 'reanim/PotatoMine.reanim'
INFO: compile 3 ms:'compiled/reanim/Zombie_charred_gargantuar.reanim.compiled'
INFO: 'reanim/ScaredyShroom.reanim'
INFO: compile 19 ms:'compiled/reanim/Zombie_gargantuar.reanim.compiled'
INFO: 'reanim/Zombie_imp.reanim'
INFO: compile 2 ms:'compiled/reanim/PotatoMine.reanim.compiled'
INFO: 'reanim/Caltrop.reanim'
INFO: compile 1 ms:'compiled/reanim/Caltrop.reanim.compiled'
INFO: 'reanim/SpikeRock.reanim'
INFO: compile 2 ms:'compiled/reanim/ScaredyShroom.reanim.compiled'
INFO: 'reanim/Pumpkin.reanim'
INFO: compile 0 ms:'compiled/reanim/Pumpkin.reanim.compiled'
INFO: 'reanim/Plantern.reanim'
INFO: compile 1 ms:'compiled/reanim/SpikeRock.reanim.compiled'
INFO: 'reanim/ThreePeater.reanim'
INFO: compile 4 ms:'compiled/reanim/Zombie_imp.reanim.compiled'
INFO: 'reanim/Zombie_digger.reanim'
INFO: compile 1 ms:'compiled/reanim/Plantern.reanim.compiled'
INFO: 'reanim/Torchwood.reanim'
INFO: compile 1 ms:'compiled/reanim/Torchwood.reanim.compiled'
INFO: 'reanim/SplitPea.reanim'
INFO: compile 18 ms:'compiled/reanim/Zombie_gargantuar.reanim.compiled'
INFO: compile 11 ms:'compiled/reanim/Zombie_disco.reanim.compiled'
INFO: 'reanim/Zombie_imp.reanim'
INFO: 'reanim/Tanglekelp.reanim'
INFO: compile 4 ms:'compiled/reanim/ThreePeater.reanim.compiled'
INFO: 'reanim/Marigold.reanim'
INFO: compile 2 ms:'compiled/reanim/SplitPea.reanim.compiled'
INFO: 'reanim/SeaShroom.reanim'
INFO: compile 1 ms:'compiled/reanim/Marigold.reanim.compiled'
INFO: 'reanim/IceShroom.reanim'
INFO: compile 0 ms:'compiled/reanim/IceShroom.reanim.compiled'
INFO: 'reanim/Zombie_football.reanim'
INFO: compile 12 ms:'compiled/reanim/Zombie_polevaulter.reanim.compiled'
INFO: compile 18 ms:'compiled/reanim/Zombie_dolphinrider.reanim.compiled'
INFO: 'reanim/Zombie_balloon.reanim'
INFO: compile 2 ms:'compiled/reanim/SeaShroom.reanim.compiled'
INFO: 'reanim/Blover.reanim'
INFO: 'reanim/Zombie_pogo.reanim'
INFO: compile 3 ms:'compiled/reanim/Tanglekelp.reanim.compiled'
INFO: 'reanim/Starfruit.reanim'
INFO: compile 22 ms:'compiled/reanim/Zombie_gargantuar.reanim.compiled'
INFO: 'reanim/Zombie_imp.reanim'
INFO: compile 4 ms:'compiled/reanim/Zombie_imp.reanim.compiled'
INFO: 'reanim/Zombie_digger.reanim'
INFO: compile 1 ms:'compiled/reanim/Starfruit.reanim.compiled'
INFO: 'reanim/Zombie_polevaulter.reanim'
INFO: compile 2 ms:'compiled/reanim/Blover.reanim.compiled'
INFO: 'reanim/Pot.reanim'
INFO: compile 1 ms:'compiled/reanim/Pot.reanim.compiled'
INFO: 'reanim/Cactus.reanim'
INFO: compile 4 ms:'compiled/reanim/Zombie_imp.reanim.compiled'
INFO: 'reanim/Zombie_digger.reanim'
INFO: compile 6 ms:'compiled/reanim/Zombie_football.reanim.compiled'
INFO: 'reanim/Zombie_paper.reanim'
INFO: compile 13 ms:'compiled/reanim/Zombie_digger.reanim.compiled'
INFO: 'reanim/Digger_rising_dirt.reanim'
INFO: compile 1 ms:'compiled/reanim/Digger_rising_dirt.reanim.compiled'
INFO: 'reanim/Zombie_dolphinrider.reanim'
INFO: compile 9 ms:'compiled/reanim/Zombie_pogo.reanim.compiled'
INFO: 'reanim/Zombie_backup.reanim'
INFO: compile 5 ms:'compiled/reanim/Cactus.reanim.compiled'
INFO: 'reanim/Zombie_disco.reanim'
INFO: compile 10 ms:'compiled/reanim/Zombie_balloon.reanim.compiled'
INFO: 'reanim/Zombie_gargantuar.reanim'
INFO: compile 12 ms:'compiled/reanim/Zombie_polevaulter.reanim.compiled'
INFO: 'reanim/Zombie_balloon.reanim'
INFO: compile 13 ms:'compiled/reanim/Zombie_digger.reanim.compiled'
INFO: 'reanim/Digger_rising_dirt.reanim'
INFO: compile 5 ms:'compiled/reanim/Zombie_backup.reanim.compiled'
INFO: 'reanim/Zombie_bobsled.reanim'
INFO: compile 1 ms:'compiled/reanim/Digger_rising_dirt.reanim.compiled'
INFO: 'reanim/Zombie_dolphinrider.reanim'
INFO: compile 12 ms:'compiled/reanim/Zombie_paper.reanim.compiled'
INFO: 'reanim/Zombie_zamboni.reanim'
INFO: compile 10 ms:'compiled/reanim/Zombie_disco.reanim.compiled'
INFO: 'reanim/Tanglekelp.reanim'
INFO: compile 14 ms:'compiled/reanim/Zombie_digger.reanim.compiled'
INFO: 'reanim/Digger_rising_dirt.reanim'
INFO: compile 1 ms:'compiled/reanim/Digger_rising_dirt.reanim.compiled'
INFO: 'reanim/Zombie_dolphinrider.reanim'
INFO: compile 3 ms:'compiled/reanim/Tanglekelp.reanim.compiled'
INFO: 'reanim/Starfruit.reanim'
INFO: compile 9 ms:'compiled/reanim/Zombie_balloon.reanim.compiled'
INFO: 'reanim/Zombie_gargantuar.reanim'
INFO: compile 1 ms:'compiled/reanim/Starfruit.reanim.compiled'
INFO: 'reanim/Zombie_polevaulter.reanim'
INFO: compile 5 ms:'compiled/reanim/Zombie_zamboni.reanim.compiled'
INFO: 'reanim/splash.reanim'
INFO: compile 0 ms:'compiled/reanim/splash.reanim.compiled'
INFO: 'reanim/Jalapeno.reanim'
INFO: compile 1 ms:'compiled/reanim/Jalapeno.reanim.compiled'
INFO: 'reanim/fire.reanim'
INFO: compile 18 ms:'compiled/reanim/Zombie_dolphinrider.reanim.compiled'
INFO: 'reanim/Zombie_pogo.reanim'
INFO: compile 13 ms:'compiled/reanim/Zombie_bobsled.reanim.compiled'
INFO: 'reanim/Zombie_jackbox.reanim'
INFO: compile 2 ms:'compiled/reanim/fire.reanim.compiled'
INFO: 'reanim/Coin_silver.reanim'
INFO: compile 18 ms:'compiled/reanim/Zombie_gargantuar.reanim.compiled'
INFO: 'reanim/Zombie_imp.reanim'
INFO: compile 0 ms:'compiled/reanim/Coin_silver.reanim.compiled'
INFO: 'reanim/Zombie_charred.reanim'
INFO: compile 2 ms:'compiled/reanim/Zombie_charred.reanim.compiled'
INFO: 'reanim/Zombie_charred_imp.reanim'
INFO: compile 1 ms:'compiled/reanim/Zombie_charred_imp.reanim.compiled'
INFO: 'reanim/Zombie_charred_digger.reanim'
INFO: compile 4 ms:'compiled/reanim/Zombie_imp.reanim.compiled'
INFO: 'reanim/Zombie_digger.reanim'
INFO: compile 18 ms:'compiled/reanim/Zombie_dolphinrider.reanim.compiled'
INFO: 'reanim/Zombie_pogo.reanim'
INFO: compile 8 ms:'compiled/reanim/Zombie_pogo.reanim.compiled'
INFO: 'reanim/Zombie_backup.reanim'
INFO: compile 2 ms:'compiled/reanim/Zombie_charred_digger.reanim.compiled'
INFO: 'reanim/Zombie_charred_zamboni.reanim'
INFO: compile 12 ms:'compiled/reanim/Zombie_polevaulter.reanim.compiled'
INFO: 'reanim/Zombie_balloon.reanim'
INFO: compile 9 ms:'compiled/reanim/Zombie_jackbox.reanim.compiled'
INFO: 'reanim/Zombie_snorkle.reanim'
INFO: compile 18 ms:'compiled/reanim/Zombie_dolphinrider.reanim.compiled'
INFO: 'reanim/Zombie_pogo.reanim'
INFO: compile 4 ms:'compiled/reanim/Zombie_charred_zamboni.reanim.compiled'
INFO: 'reanim/Zombie_charred_catapult.reanim'
INFO: compile 18 ms:'compiled/reanim/Zombie_gargantuar.reanim.compiled'
INFO: 'reanim/Zombie_imp.reanim'
INFO: compile 3 ms:'compiled/reanim/Zombie_charred_catapult.reanim.compiled'
INFO: 'reanim/Zombie_charred_gargantuar.reanim'
INFO: compile 9 ms:'compiled/reanim/Zombie_backup.reanim.compiled'
INFO: 'reanim/Zombie_bobsled.reanim'
INFO: compile 4 ms:'compiled/reanim/Zombie_imp.reanim.compiled'
INFO: 'reanim/Zombie_digger.reanim'
INFO: compile 3 ms:'compiled/reanim/Zombie_charred_gargantuar.reanim.compiled'
INFO: 'reanim/ScaredyShroom.reanim'
INFO: compile 9 ms:'compiled/reanim/Zombie_balloon.reanim.compiled'
INFO: 'reanim/Zombie_gargantuar.reanim'
INFO: compile 13 ms:'compiled/reanim/Zombie_digger.reanim.compiled'
INFO: 'reanim/Digger_rising_dirt.reanim'
INFO: compile 13 ms:'compiled/reanim/Zombie_pogo.reanim.compiled'
INFO: 'reanim/Zombie_backup.reanim'
INFO: compile 8 ms:'compiled/reanim/Zombie_pogo.reanim.compiled'
INFO: 'reanim/Zombie_backup.reanim'
INFO: compile 1 ms:'compiled/reanim/Digger_rising_dirt.reanim.compiled'
INFO: 'reanim/Zombie_dolphinrider.reanim'
INFO: compile 2 ms:'compiled/reanim/ScaredyShroom.reanim.compiled'
INFO: 'reanim/Pumpkin.reanim'
INFO: compile 0 ms:'compiled/reanim/Pumpkin.reanim.compiled'
INFO: 'reanim/Plantern.reanim'
INFO: compile 13 ms:'compiled/reanim/Zombie_snorkle.reanim.compiled'
INFO: 'reanim/Zombie_bungi.reanim'
INFO: compile 1 ms:'compiled/reanim/Plantern.reanim.compiled'
INFO: 'reanim/Torchwood.reanim'
INFO: compile 1 ms:'compiled/reanim/Torchwood.reanim.compiled'
INFO: 'reanim/SplitPea.reanim'
INFO: compile 5 ms:'compiled/reanim/Zombie_backup.reanim.compiled'
INFO: 'reanim/Zombie_bobsled.reanim'
INFO: compile 2 ms:'compiled/reanim/SplitPea.reanim.compiled'
INFO: 'reanim/SeaShroom.reanim'
INFO: compile 11 ms:'compiled/reanim/Zombie_bobsled.reanim.compiled'
INFO: 'reanim/Zombie_jackbox.reanim'
INFO: compile 9 ms:'compiled/reanim/Zombie_backup.reanim.compiled'
INFO: 'reanim/Zombie_bobsled.reanim'
INFO: compile 5 ms:'compiled/reanim/Zombie_bungi.reanim.compiled'
INFO: 'reanim/Zombie_catapult.reanim'
INFO: compile 2 ms:'compiled/reanim/SeaShroom.reanim.compiled'
INFO: 'reanim/Blover.reanim'
INFO: compile 1 ms:'compiled/reanim/Blover.reanim.compiled'
INFO: 'reanim/Pot.reanim'
INFO: compile 13 ms:'compiled/reanim/Zombie_digger.reanim.compiled'
INFO: 'reanim/Digger_rising_dirt.reanim'
INFO: compile 1 ms:'compiled/reanim/Pot.reanim.compiled'
INFO: 'reanim/Cactus.reanim'
INFO: compile 1 ms:'compiled/reanim/Digger_rising_dirt.reanim.compiled'
INFO: 'reanim/Zombie_dolphinrider.reanim'
INFO: compile 6 ms:'compiled/reanim/Zombie_jackbox.reanim.compiled'
INFO: 'reanim/Zombie_snorkle.reanim'
INFO: compile 9 ms:'compiled/reanim/Zombie_bobsled.reanim.compiled'
INFO: 'reanim/Zombie_jackbox.reanim'
INFO: compile 4 ms:'compiled/reanim/Cactus.reanim.compiled'
INFO: 'reanim/Zombie_disco.reanim'
INFO: compile 18 ms:'compiled/reanim/Zombie_gargantuar.reanim.compiled'
INFO: compile 8 ms:'compiled/reanim/Zombie_catapult.reanim.compiled'
INFO: 'reanim/Zombie_imp.reanim'
INFO: 'reanim/Zombie_ladder.reanim'
INFO: compile 6 ms:'compiled/reanim/Zombie_jackbox.reanim.compiled'
INFO: 'reanim/Zombie_snorkle.reanim'
INFO: compile 13 ms:'compiled/reanim/Zombie_bobsled.reanim.compiled'
INFO: 'reanim/Zombie_jackbox.reanim'
INFO: compile 4 ms:'compiled/reanim/Zombie_imp.reanim.compiled'
INFO: 'reanim/Zombie_digger.reanim'
INFO: compile 10 ms:'compiled/reanim/Zombie_disco.reanim.compiled'
INFO: 'reanim/Tanglekelp.reanim'
INFO: compile 27 ms:'compiled/reanim/Zombie_dolphinrider.reanim.compiled'
INFO: 'reanim/Zombie_pogo.reanim'
INFO: compile 7 ms:'compiled/reanim/Zombie_jackbox.reanim.compiled'
INFO: 'reanim/Zombie_snorkle.reanim'
INFO: compile 12 ms:'compiled/reanim/Zombie_ladder.reanim.compiled'
INFO: 'reanim/Puff.reanim'
INFO: compile 3 ms:'compiled/reanim/Tanglekelp.reanim.compiled'
INFO: 'reanim/Starfruit.reanim'
INFO: compile 0 ms:'compiled/reanim/Puff.reanim.compiled'
INFO: 'reanim/Z.reanim'
INFO: compile 16 ms:'compiled/reanim/Zombie_snorkle.reanim.compiled'
INFO: 'reanim/Zombie_bungi.reanim'
INFO: compile 0 ms:'compiled/reanim/Z.reanim.compiled'
INFO: 'reanim/Gravebuster.reanim'
INFO: compile 18 ms:'compiled/reanim/Zombie_dolphinrider.reanim.compiled'
INFO: 'reanim/Zombie_pogo.reanim'
INFO: compile 1 ms:'compiled/reanim/Starfruit.reanim.compiled'
INFO: 'reanim/Zombie_polevaulter.reanim'
INFO: compile 1 ms:'compiled/reanim/Gravebuster.reanim.compiled'
INFO: 'reanim/ZombiesWon.reanim'
INFO: compile 13 ms:'compiled/reanim/Zombie_snorkle.reanim.compiled'
INFO: 'reanim/Zombie_bungi.reanim'
INFO: compile 2 ms:'compiled/reanim/ZombiesWon.reanim.compiled'
INFO: 'reanim/Magnetshroom.reanim'
INFO: compile 8 ms:'compiled/reanim/Zombie_pogo.reanim.compiled'
INFO: compile 5 ms:'compiled/reanim/Zombie_bungi.reanim.compiled'
INFO: 'reanim/Zombie_catapult.reanim'
INFO: 'reanim/Zombie_backup.reanim'
INFO: compile 14 ms:'compiled/reanim/Zombie_digger.reanim.compiled'
INFO: 'reanim/Digger_rising_dirt.reanim'
INFO: compile 1 ms:'compiled/reanim/Digger_rising_dirt.reanim.compiled'
INFO: 'reanim/Zombie_dolphinrider.reanim'
INFO: compile 9 ms:'compiled/reanim/Zombie_pogo.reanim.compiled'
INFO: 'reanim/Zombie_backup.reanim'
INFO: compile 6 ms:'compiled/reanim/Zombie_bungi.reanim.compiled'
INFO: 'reanim/Zombie_catapult.reanim'
INFO: compile 5 ms:'compiled/reanim/Magnetshroom.reanim.compiled'
INFO: 'reanim/Zombie_boss.reanim'
INFO: compile 5 ms:'compiled/reanim/Zombie_backup.reanim.compiled'
INFO: 'reanim/Zombie_bobsled.reanim'
INFO: compile 12 ms:'compiled/reanim/Zombie_polevaulter.reanim.compiled'
INFO: 'reanim/Zombie_balloon.reanim'
INFO: compile 8 ms:'compiled/reanim/Zombie_catapult.reanim.compiled'
INFO: 'reanim/Zombie_ladder.reanim'
INFO: compile 17 ms:'compiled/reanim/Zombie_snorkle.reanim.compiled'
INFO: 'reanim/Zombie_bungi.reanim'
INFO: compile 5 ms:'compiled/reanim/Zombie_backup.reanim.compiled'
INFO: 'reanim/Zombie_bobsled.reanim'
INFO: compile 9 ms:'compiled/reanim/Zombie_bobsled.reanim.compiled'
INFO: compile 5 ms:'compiled/reanim/Zombie_bungi.reanim.compiled'
INFO: 'reanim/Zombie_jackbox.reanim'
INFO: 'reanim/Zombie_catapult.reanim'
INFO: compile 10 ms:'compiled/reanim/Zombie_balloon.reanim.compiled'
INFO: 'reanim/Zombie_gargantuar.reanim'
INFO: compile 14 ms:'compiled/reanim/Zombie_catapult.reanim.compiled'
INFO: 'reanim/Zombie_ladder.reanim'
INFO: compile 18 ms:'compiled/reanim/Zombie_dolphinrider.reanim.compiled'
INFO: compile 9 ms:'compiled/reanim/Zombie_bobsled.reanim.compiled'
INFO: 'reanim/Zombie_jackbox.reanim'
INFO: 'reanim/Zombie_pogo.reanim'
INFO: compile 6 ms:'compiled/reanim/Zombie_jackbox.reanim.compiled'
INFO: 'reanim/Zombie_snorkle.reanim'
INFO: compile 13 ms:'compiled/reanim/Zombie_ladder.reanim.compiled'
INFO: 'reanim/Puff.reanim'
INFO: compile 0 ms:'compiled/reanim/Puff.reanim.compiled'
INFO: 'reanim/Z.reanim'
INFO: compile 0 ms:'compiled/reanim/Z.reanim.compiled'
INFO: 'reanim/Gravebuster.reanim'
INFO: compile 8 ms:'compiled/reanim/Zombie_catapult.reanim.compiled'
INFO: 'reanim/Zombie_ladder.reanim'
INFO: compile 1 ms:'compiled/reanim/Gravebuster.reanim.compiled'
INFO: 'reanim/ZombiesWon.reanim'
INFO: compile 6 ms:'compiled/reanim/Zombie_jackbox.reanim.compiled'
INFO: 'reanim/Zombie_snorkle.reanim'
INFO: compile 2 ms:'compiled/reanim/ZombiesWon.reanim.compiled'
INFO: 'reanim/Magnetshroom.reanim'
INFO: compile 9 ms:'compiled/reanim/Zombie_pogo.reanim.compiled'
INFO: 'reanim/Zombie_backup.reanim'
INFO: compile 5 ms:'compiled/reanim/Magnetshroom.reanim.compiled'
INFO: 'reanim/Zombie_boss.reanim'
INFO: compile 14 ms:'compiled/reanim/Zombie_ladder.reanim.compiled'
INFO: 'reanim/Puff.reanim'
INFO: compile 0 ms:'compiled/reanim/Puff.reanim.compiled'
INFO: 'reanim/Z.reanim'
INFO: compile 0 ms:'compiled/reanim/Z.reanim.compiled'
INFO: 'reanim/Gravebuster.reanim'
INFO: compile 13 ms:'compiled/reanim/Zombie_snorkle.reanim.compiled'
INFO: compile 5 ms:'compiled/reanim/Zombie_backup.reanim.compiled'
INFO: 'reanim/Zombie_bungi.reanim'
INFO: 'reanim/Zombie_bobsled.reanim'
INFO: compile 1 ms:'compiled/reanim/Gravebuster.reanim.compiled'
INFO: 'reanim/ZombiesWon.reanim'
INFO: compile 20 ms:'compiled/reanim/Zombie_gargantuar.reanim.compiled'
INFO: 'reanim/Zombie_imp.reanim'
INFO: compile 2 ms:'compiled/reanim/ZombiesWon.reanim.compiled'
INFO: 'reanim/Magnetshroom.reanim'
INFO: compile 13 ms:'compiled/reanim/Zombie_snorkle.reanim.compiled'
INFO: 'reanim/Zombie_bungi.reanim'
INFO: compile 5 ms:'compiled/reanim/Zombie_bungi.reanim.compiled'
INFO: 'reanim/Zombie_catapult.reanim'
INFO: compile 17 ms:'compiled/reanim/Zombie_ladder.reanim.compiled'
INFO: 'reanim/Puff.reanim'
INFO: compile 0 ms:'compiled/reanim/Puff.reanim.compiled'
INFO: 'reanim/Z.reanim'
INFO: compile 0 ms:'compiled/reanim/Z.reanim.compiled'
INFO: 'reanim/Gravebuster.reanim'
INFO: compile 4 ms:'compiled/reanim/Zombie_imp.reanim.compiled'
INFO: 'reanim/Zombie_digger.reanim'
INFO: compile 5 ms:'compiled/reanim/Magnetshroom.reanim.compiled'
INFO: 'reanim/Zombie_boss.reanim'
INFO: compile 9 ms:'compiled/reanim/Zombie_bobsled.reanim.compiled'
INFO: 'reanim/Zombie_jackbox.reanim'
INFO: compile 1 ms:'compiled/reanim/Gravebuster.reanim.compiled'
INFO: 'reanim/ZombiesWon.reanim'
INFO: compile 5 ms:'compiled/reanim/Zombie_bungi.reanim.compiled'
INFO: 'reanim/Zombie_catapult.reanim'
INFO: compile 2 ms:'compiled/reanim/ZombiesWon.reanim.compiled'
INFO: 'reanim/Magnetshroom.reanim'
INFO: compile 9 ms:'compiled/reanim/Zombie_catapult.reanim.compiled'
INFO: 'reanim/Zombie_ladder.reanim'
INFO: compile 6 ms:'compiled/reanim/Zombie_jackbox.reanim.compiled'
INFO: 'reanim/Zombie_snorkle.reanim'
INFO: compile 5 ms:'compiled/reanim/Magnetshroom.reanim.compiled'
INFO: 'reanim/Zombie_boss.reanim'
INFO: compile 8 ms:'compiled/reanim/Zombie_catapult.reanim.compiled'
INFO: 'reanim/Zombie_ladder.reanim'
INFO: compile 13 ms:'compiled/reanim/Zombie_digger.reanim.compiled'
INFO: 'reanim/Digger_rising_dirt.reanim'
INFO: compile 1 ms:'compiled/reanim/Digger_rising_dirt.reanim.compiled'
INFO: 'reanim/Zombie_dolphinrider.reanim'
INFO: compile 12 ms:'compiled/reanim/Zombie_ladder.reanim.compiled'
INFO: 'reanim/Puff.reanim'
INFO: compile 0 ms:'compiled/reanim/Puff.reanim.compiled'
INFO: 'reanim/Z.reanim'
INFO: compile 0 ms:'compiled/reanim/Z.reanim.compiled'
INFO: 'reanim/Gravebuster.reanim'
INFO: compile 13 ms:'compiled/reanim/Zombie_snorkle.reanim.compiled'
INFO: 'reanim/Zombie_bungi.reanim'
INFO: compile 1 ms:'compiled/reanim/Gravebuster.reanim.compiled'
INFO: 'reanim/ZombiesWon.reanim'
INFO: compile 12 ms:'compiled/reanim/Zombie_ladder.reanim.compiled'
INFO: 'reanim/Puff.reanim'
INFO: compile 0 ms:'compiled/reanim/Puff.reanim.compiled'
INFO: 'reanim/Z.reanim'
INFO: compile 0 ms:'compiled/reanim/Z.reanim.compiled'
INFO: 'reanim/Gravebuster.reanim'
INFO: compile 2 ms:'compiled/reanim/ZombiesWon.reanim.compiled'
INFO: 'reanim/Magnetshroom.reanim'
INFO: compile 1 ms:'compiled/reanim/Gravebuster.reanim.compiled'
INFO: 'reanim/ZombiesWon.reanim'
INFO: compile 5 ms:'compiled/reanim/Zombie_bungi.reanim.compiled'
INFO: 'reanim/Zombie_catapult.reanim'
INFO: compile 65 ms:'compiled/reanim/Zombie_boss.reanim.compiled'
INFO: 'reanim/Cabbagepult.reanim'
INFO: compile 2 ms:'compiled/reanim/ZombiesWon.reanim.compiled'
INFO: 'reanim/Magnetshroom.reanim'
INFO: compile 5 ms:'compiled/reanim/Magnetshroom.reanim.compiled'
INFO: 'reanim/Zombie_boss.reanim'
INFO: compile 3 ms:'compiled/reanim/Cabbagepult.reanim.compiled'
INFO: 'reanim/Cornpult.reanim'
INFO: compile 18 ms:'compiled/reanim/Zombie_dolphinrider.reanim.compiled'
INFO: 'reanim/Zombie_pogo.reanim'
INFO: compile 5 ms:'compiled/reanim/Magnetshroom.reanim.compiled'
INFO: 'reanim/Zombie_boss.reanim'
INFO: compile 8 ms:'compiled/reanim/Zombie_catapult.reanim.compiled'
INFO: 'reanim/Zombie_ladder.reanim'
INFO: compile 4 ms:'compiled/reanim/Cornpult.reanim.compiled'
INFO: 'reanim/Melonpult.reanim'
INFO: compile 2 ms:'compiled/reanim/Melonpult.reanim.compiled'
INFO: 'reanim/Coffeebean.reanim'
INFO: compile 1 ms:'compiled/reanim/Coffeebean.reanim.compiled'
INFO: 'reanim/Umbrellaleaf.reanim'
INFO: compile 8 ms:'compiled/reanim/Zombie_pogo.reanim.compiled'
INFO: 'reanim/Zombie_backup.reanim'
INFO: compile 2 ms:'compiled/reanim/Umbrellaleaf.reanim.compiled'
INFO: 'reanim/GatlingPea.reanim'
INFO: compile 3 ms:'compiled/reanim/GatlingPea.reanim.compiled'
INFO: 'reanim/Cattail.reanim'
INFO: compile 5 ms:'compiled/reanim/Zombie_backup.reanim.compiled'
INFO: 'reanim/Zombie_bobsled.reanim'
INFO: compile 2 ms:'compiled/reanim/Cattail.reanim.compiled'
INFO: 'reanim/GloomShroom.reanim'
INFO: compile 12 ms:'compiled/reanim/Zombie_ladder.reanim.compiled'
INFO: 'reanim/Puff.reanim'
INFO: compile 0 ms:'compiled/reanim/Puff.reanim.compiled'
INFO: 'reanim/Z.reanim'
INFO: compile 0 ms:'compiled/reanim/Z.reanim.compiled'
INFO: 'reanim/Gravebuster.reanim'
INFO: compile 2 ms:'compiled/reanim/Gravebuster.reanim.compiled'
INFO: 'reanim/ZombiesWon.reanim'
INFO: compile 3 ms:'compiled/reanim/GloomShroom.reanim.compiled'
INFO: 'reanim/Zombie_boss_iceball.reanim'
INFO: compile 2 ms:'compiled/reanim/ZombiesWon.reanim.compiled'
INFO: 'reanim/Magnetshroom.reanim'
INFO: compile 4 ms:'compiled/reanim/Zombie_boss_iceball.reanim.compiled'
INFO: 'reanim/Zombie_boss_fireball.reanim'
INFO: compile 9 ms:'compiled/reanim/Zombie_bobsled.reanim.compiled'
INFO: 'reanim/Zombie_jackbox.reanim'
INFO: compile 3 ms:'compiled/reanim/Zombie_boss_fireball.reanim.compiled'
INFO: 'reanim/CobCannon.reanim'
INFO: compile 5 ms:'compiled/reanim/Magnetshroom.reanim.compiled'
INFO: 'reanim/Zombie_boss.reanim'
INFO: compile 72 ms:'compiled/reanim/Zombie_boss.reanim.compiled'
INFO: 'reanim/Cabbagepult.reanim'
INFO: compile 4 ms:'compiled/reanim/CobCannon.reanim.compiled'
INFO: 'reanim/Garlic.reanim'
INFO: compile 6 ms:'compiled/reanim/Zombie_jackbox.reanim.compiled'
INFO: 'reanim/Zombie_snorkle.reanim'
INFO: compile 1 ms:'compiled/reanim/Garlic.reanim.compiled'
INFO: 'reanim/GoldMagnet.reanim'
INFO: compile 3 ms:'compiled/reanim/Cabbagepult.reanim.compiled'
INFO: 'reanim/Cornpult.reanim'
INFO: compile 4 ms:'compiled/reanim/GoldMagnet.reanim.compiled'
INFO: 'reanim/WinterMelon.reanim'
INFO: compile 68 ms:'compiled/reanim/Zombie_boss.reanim.compiled'
INFO: 'reanim/Cabbagepult.reanim'
INFO: compile 4 ms:'compiled/reanim/Cornpult.reanim.compiled'
INFO: 'reanim/Melonpult.reanim'
INFO: compile 3 ms:'compiled/reanim/WinterMelon.reanim.compiled'
INFO: 'reanim/TwinSunflower.reanim'
INFO: compile 2 ms:'compiled/reanim/Melonpult.reanim.compiled'
INFO: 'reanim/Coffeebean.reanim'
INFO: compile 3 ms:'compiled/reanim/Cabbagepult.reanim.compiled'
INFO: 'reanim/Cornpult.reanim'
INFO: compile 1 ms:'compiled/reanim/TwinSunflower.reanim.compiled'
INFO: 'reanim/PoolCleaner.reanim'
INFO: compile 2 ms:'compiled/reanim/Coffeebean.reanim.compiled'
INFO: 'reanim/Umbrellaleaf.reanim'
INFO: compile 2 ms:'compiled/reanim/PoolCleaner.reanim.compiled'
INFO: 'reanim/RoofCleaner.reanim'
INFO: compile 67 ms:'compiled/reanim/Zombie_boss.reanim.compiled'
INFO: 'reanim/Cabbagepult.reanim'
INFO: compile 1 ms:'compiled/reanim/Umbrellaleaf.reanim.compiled'
INFO: 'reanim/GatlingPea.reanim'
INFO: compile 13 ms:'compiled/reanim/Zombie_snorkle.reanim.compiled'
INFO: compile 1 ms:'compiled/reanim/RoofCleaner.reanim.compiled'
INFO: 'reanim/FirePea.reanim'
INFO: 'reanim/Zombie_bungi.reanim'
INFO: compile 0 ms:'compiled/reanim/FirePea.reanim.compiled'
INFO: 'reanim/Imitater.reanim'
INFO: compile 4 ms:'compiled/reanim/Cornpult.reanim.compiled'
INFO: 'reanim/Melonpult.reanim'
INFO: compile 3 ms:'compiled/reanim/GatlingPea.reanim.compiled'
INFO: 'reanim/Cattail.reanim'
INFO: compile 3 ms:'compiled/reanim/Cabbagepult.reanim.compiled'
INFO: 'reanim/Cornpult.reanim'
INFO: compile 2 ms:'compiled/reanim/Melonpult.reanim.compiled'
INFO: 'reanim/Coffeebean.reanim'
INFO: compile 3 ms:'compiled/reanim/Imitater.reanim.compiled'
INFO: 'reanim/Zombie_yeti.reanim'
INFO: compile 2 ms:'compiled/reanim/Cattail.reanim.compiled'
INFO: 'reanim/GloomShroom.reanim'
INFO: compile 5 ms:'compiled/reanim/Zombie_bungi.reanim.compiled'
INFO: 'reanim/Zombie_catapult.reanim'
INFO: compile 1 ms:'compiled/reanim/Coffeebean.reanim.compiled'
INFO: 'reanim/Umbrellaleaf.reanim'
INFO: compile 1 ms:'compiled/reanim/Umbrellaleaf.reanim.compiled'
INFO: 'reanim/GatlingPea.reanim'
INFO: compile 4 ms:'compiled/reanim/Cornpult.reanim.compiled'
INFO: 'reanim/Melonpult.reanim'
INFO: compile 3 ms:'compiled/reanim/GloomShroom.reanim.compiled'
INFO: 'reanim/Zombie_boss_iceball.reanim'
INFO: compile 6 ms:'compiled/reanim/Zombie_yeti.reanim.compiled'
INFO: 'reanim/Zombie_Boss_driver.reanim'
INFO: compile 2 ms:'compiled/reanim/Melonpult.reanim.compiled'
INFO: 'reanim/Coffeebean.reanim'
INFO: compile 3 ms:'compiled/reanim/GatlingPea.reanim.compiled'
INFO: 'reanim/Cattail.reanim'
INFO: compile 3 ms:'compiled/reanim/Zombie_boss_iceball.reanim.compiled'
INFO: 'reanim/Zombie_boss_fireball.reanim'
INFO: compile 1 ms:'compiled/reanim/Coffeebean.reanim.compiled'
INFO: 'reanim/Umbrellaleaf.reanim'
INFO: compile 2 ms:'compiled/reanim/Cattail.reanim.compiled'
INFO: 'reanim/GloomShroom.reanim'
INFO: compile 8 ms:'compiled/reanim/Zombie_catapult.reanim.compiled'
INFO: 'reanim/Zombie_ladder.reanim'
INFO: compile 2 ms:'compiled/reanim/Umbrellaleaf.reanim.compiled'
INFO: 'reanim/GatlingPea.reanim'
INFO: compile 3 ms:'compiled/reanim/GloomShroom.reanim.compiled'
INFO: 'reanim/Zombie_boss_iceball.reanim'
INFO: compile 6 ms:'compiled/reanim/Zombie_Boss_driver.reanim.compiled'
INFO: 'reanim/LawnMoweredZombie.reanim'
INFO: compile 0 ms:'compiled/reanim/LawnMoweredZombie.reanim.compiled'
INFO: 'reanim/CrazyDave.reanim'
INFO: compile 4 ms:'compiled/reanim/Zombie_boss_fireball.reanim.compiled'
INFO: 'reanim/CobCannon.reanim'
INFO: compile 3 ms:'compiled/reanim/GatlingPea.reanim.compiled'
INFO: 'reanim/Cattail.reanim'
INFO: compile 67 ms:'compiled/reanim/Zombie_boss.reanim.compiled'
INFO: 'reanim/Cabbagepult.reanim'
INFO: compile 2 ms:'compiled/reanim/Cattail.reanim.compiled'
INFO: 'reanim/GloomShroom.reanim'
INFO: compile 3 ms:'compiled/reanim/Zombie_boss_iceball.reanim.compiled'
INFO: 'reanim/Zombie_boss_fireball.reanim'
INFO: compile 6 ms:'compiled/reanim/CobCannon.reanim.compiled'
INFO: compile 3 ms:'compiled/reanim/Cabbagepult.reanim.compiled'
INFO: 'reanim/Cornpult.reanim'
INFO: 'reanim/Garlic.reanim'
INFO: compile 3 ms:'compiled/reanim/Zombie_boss_fireball.reanim.compiled'
INFO: 'reanim/CobCannon.reanim'
INFO: compile 3 ms:'compiled/reanim/GloomShroom.reanim.compiled'
INFO: 'reanim/Zombie_boss_iceball.reanim'
INFO: compile 68 ms:'compiled/reanim/Zombie_boss.reanim.compiled'
INFO: compile 1 ms:'compiled/reanim/Garlic.reanim.compiled'
INFO: 'reanim/GoldMagnet.reanim'
INFO: 'reanim/Cabbagepult.reanim'
INFO: compile 12 ms:'compiled/reanim/Zombie_ladder.reanim.compiled'
INFO: 'reanim/Puff.reanim'
INFO: compile 0 ms:'compiled/reanim/Puff.reanim.compiled'
INFO: 'reanim/Z.reanim'
INFO: compile 0 ms:'compiled/reanim/Z.reanim.compiled'
INFO: 'reanim/Gravebuster.reanim'
INFO: compile 3 ms:'compiled/reanim/CobCannon.reanim.compiled'
INFO: 'reanim/Garlic.reanim'
INFO: compile 3 ms:'compiled/reanim/Zombie_boss_iceball.reanim.compiled'
INFO: 'reanim/Zombie_boss_fireball.reanim'
INFO: compile 4 ms:'compiled/reanim/Cornpult.reanim.compiled'
INFO: 'reanim/Melonpult.reanim'
INFO: compile 1 ms:'compiled/reanim/Garlic.reanim.compiled'
INFO: 'reanim/GoldMagnet.reanim'
INFO: compile 1 ms:'compiled/reanim/Gravebuster.reanim.compiled'
INFO: 'reanim/ZombiesWon.reanim'
INFO: compile 3 ms:'compiled/reanim/Cabbagepult.reanim.compiled'
INFO: 'reanim/Cornpult.reanim'
INFO: compile 2 ms:'compiled/reanim/Melonpult.reanim.compiled'
INFO: 'reanim/Coffeebean.reanim'
INFO: compile 5 ms:'compiled/reanim/GoldMagnet.reanim.compiled'
INFO: 'reanim/WinterMelon.reanim'
INFO: compile 3 ms:'compiled/reanim/Zombie_boss_fireball.reanim.compiled'
INFO: 'reanim/CobCannon.reanim'
INFO: compile 2 ms:'compiled/reanim/ZombiesWon.reanim.compiled'
INFO: 'reanim/Magnetshroom.reanim'
INFO: compile 1 ms:'compiled/reanim/Coffeebean.reanim.compiled'
INFO: 'reanim/Umbrellaleaf.reanim'
INFO: compile 4 ms:'compiled/reanim/GoldMagnet.reanim.compiled'
INFO: 'reanim/WinterMelon.reanim'
INFO: compile 4 ms:'compiled/reanim/Cornpult.reanim.compiled'
INFO: 'reanim/Melonpult.reanim'
INFO: compile 3 ms:'compiled/reanim/WinterMelon.reanim.compiled'
INFO: 'reanim/TwinSunflower.reanim'
INFO: compile 1 ms:'compiled/reanim/Umbrellaleaf.reanim.compiled'
INFO: 'reanim/GatlingPea.reanim'
INFO: compile 1 ms:'compiled/reanim/TwinSunflower.reanim.compiled'
INFO: 'reanim/PoolCleaner.reanim'
INFO: compile 3 ms:'compiled/reanim/WinterMelon.reanim.compiled'
INFO: 'reanim/TwinSunflower.reanim'
INFO: compile 2 ms:'compiled/reanim/Melonpult.reanim.compiled'
INFO: 'reanim/Coffeebean.reanim'
INFO: compile 5 ms:'compiled/reanim/Magnetshroom.reanim.compiled'
INFO: 'reanim/Zombie_boss.reanim'
INFO: compile 5 ms:'compiled/reanim/CobCannon.reanim.compiled'
INFO: 'reanim/Garlic.reanim'
INFO: compile 1 ms:'compiled/reanim/TwinSunflower.reanim.compiled'
INFO: 'reanim/PoolCleaner.reanim'
INFO: compile 3 ms:'compiled/reanim/GatlingPea.reanim.compiled'
INFO: 'reanim/Cattail.reanim'
INFO: compile 2 ms:'compiled/reanim/PoolCleaner.reanim.compiled'
INFO: 'reanim/RoofCleaner.reanim'
INFO: compile 1 ms:'compiled/reanim/Garlic.reanim.compiled'
INFO: 'reanim/GoldMagnet.reanim'
INFO: compile 2 ms:'compiled/reanim/Coffeebean.reanim.compiled'
INFO: 'reanim/Umbrellaleaf.reanim'
INFO: compile 1 ms:'compiled/reanim/RoofCleaner.reanim.compiled'
INFO: 'reanim/FirePea.reanim'
INFO: compile 2 ms:'compiled/reanim/PoolCleaner.reanim.compiled'
INFO: 'reanim/RoofCleaner.reanim'
INFO: compile 2 ms:'compiled/reanim/Cattail.reanim.compiled'
INFO: 'reanim/GloomShroom.reanim'
INFO: compile 0 ms:'compiled/reanim/FirePea.reanim.compiled'
INFO: 'reanim/Imitater.reanim'
INFO: compile 2 ms:'compiled/reanim/Umbrellaleaf.reanim.compiled'
INFO: 'reanim/GatlingPea.reanim'
INFO: compile 1 ms:'compiled/reanim/RoofCleaner.reanim.compiled'
INFO: 'reanim/FirePea.reanim'
INFO: compile 0 ms:'compiled/reanim/FirePea.reanim.compiled'
INFO: 'reanim/Imitater.reanim'
INFO: compile 4 ms:'compiled/reanim/GoldMagnet.reanim.compiled'
INFO: 'reanim/WinterMelon.reanim'
INFO: compile 3 ms:'compiled/reanim/GloomShroom.reanim.compiled'
INFO: 'reanim/Zombie_boss_iceball.reanim'
INFO: compile 3 ms:'compiled/reanim/GatlingPea.reanim.compiled'
INFO: 'reanim/Cattail.reanim'
INFO: compile 4 ms:'compiled/reanim/Imitater.reanim.compiled'
INFO: 'reanim/Zombie_yeti.reanim'
INFO: compile 3 ms:'compiled/reanim/Imitater.reanim.compiled'
INFO: 'reanim/Zombie_yeti.reanim'
INFO: compile 4 ms:'compiled/reanim/WinterMelon.reanim.compiled'
INFO: 'reanim/TwinSunflower.reanim'
INFO: compile 2 ms:'compiled/reanim/Cattail.reanim.compiled'
INFO: 'reanim/GloomShroom.reanim'
INFO: compile 4 ms:'compiled/reanim/Zombie_boss_iceball.reanim.compiled'
INFO: compile 1 ms:'compiled/reanim/TwinSunflower.reanim.compiled'
INFO: 'reanim/PoolCleaner.reanim'
INFO: 'reanim/Zombie_boss_fireball.reanim'
INFO: compile 31 ms:'compiled/reanim/CrazyDave.reanim.compiled'
INFO: 'reanim/TextFadeOn.reanim'
INFO: compile 0 ms:'compiled/reanim/TextFadeOn.reanim.compiled'
INFO: 'reanim/Hammer.reanim'
INFO: compile 0 ms:'compiled/reanim/Hammer.reanim.compiled'
INFO: 'reanim/SlotMachine.reanim'
INFO: compile 67 ms:'compiled/reanim/Zombie_boss.reanim.compiled'
INFO: compile 0 ms:'compiled/reanim/SlotMachine.reanim.compiled'
INFO: 'reanim/Cabbagepult.reanim'
INFO: 'reanim/Credits_Football.reanim'
INFO: compile 0 ms:'compiled/reanim/Credits_Football.reanim.compiled'
INFO: 'reanim/Credits_Jackbox.reanim'
INFO: compile 0 ms:'compiled/reanim/Credits_Jackbox.reanim.compiled'
INFO: 'reanim/SelectorScreen.reanim'
INFO: compile 3 ms:'compiled/reanim/GloomShroom.reanim.compiled'
INFO: 'reanim/Zombie_boss_iceball.reanim'
INFO: compile 2 ms:'compiled/reanim/PoolCleaner.reanim.compiled'
INFO: 'reanim/RoofCleaner.reanim'
INFO: compile 1 ms:'compiled/reanim/RoofCleaner.reanim.compiled'
INFO: 'reanim/FirePea.reanim'
INFO: compile 7 ms:'compiled/reanim/Zombie_yeti.reanim.compiled'
INFO: 'reanim/Zombie_Boss_driver.reanim'
INFO: compile 6 ms:'compiled/reanim/Zombie_yeti.reanim.compiled'
INFO: 'reanim/Zombie_Boss_driver.reanim'
INFO: compile 0 ms:'compiled/reanim/FirePea.reanim.compiled'
INFO: 'reanim/Imitater.reanim'
INFO: compile 4 ms:'compiled/reanim/Zombie_boss_fireball.reanim.compiled'
INFO: 'reanim/CobCannon.reanim'
INFO: compile 3 ms:'compiled/reanim/Cabbagepult.reanim.compiled'
INFO: 'reanim/Cornpult.reanim'
INFO: compile 3 ms:'compiled/reanim/Zombie_boss_iceball.reanim.compiled'
INFO: 'reanim/Zombie_boss_fireball.reanim'
INFO: compile 3 ms:'compiled/reanim/Imitater.reanim.compiled'
INFO: 'reanim/Zombie_yeti.reanim'
INFO: compile 2 ms:'compiled/reanim/Zombie_boss_fireball.reanim.compiled'
INFO: 'reanim/CobCannon.reanim'
INFO: compile 4 ms:'compiled/reanim/Cornpult.reanim.compiled'
INFO: 'reanim/Melonpult.reanim'
INFO: compile 6 ms:'compiled/reanim/Zombie_Boss_driver.reanim.compiled'
INFO: 'reanim/LawnMoweredZombie.reanim'
INFO: compile 0 ms:'compiled/reanim/LawnMoweredZombie.reanim.compiled'
INFO: 'reanim/CrazyDave.reanim'
INFO: compile 6 ms:'compiled/reanim/Zombie_Boss_driver.reanim.compiled'
INFO: compile 5 ms:'compiled/reanim/CobCannon.reanim.compiled'
INFO: 'reanim/LawnMoweredZombie.reanim'
INFO: 'reanim/Garlic.reanim'
INFO: compile 0 ms:'compiled/reanim/LawnMoweredZombie.reanim.compiled'
INFO: 'reanim/CrazyDave.reanim'
INFO: compile 1 ms:'compiled/reanim/Garlic.reanim.compiled'
INFO: 'reanim/GoldMagnet.reanim'
INFO: compile 2 ms:'compiled/reanim/Melonpult.reanim.compiled'
INFO: 'reanim/Coffeebean.reanim'
INFO: compile 3 ms:'compiled/reanim/CobCannon.reanim.compiled'
INFO: 'reanim/Garlic.reanim'
INFO: compile 1 ms:'compiled/reanim/Garlic.reanim.compiled'
INFO: 'reanim/GoldMagnet.reanim'
INFO: compile 6 ms:'compiled/reanim/Zombie_yeti.reanim.compiled'
INFO: 'reanim/Zombie_Boss_driver.reanim'
INFO: compile 2 ms:'compiled/reanim/Coffeebean.reanim.compiled'
INFO: 'reanim/Umbrellaleaf.reanim'
INFO: compile 4 ms:'compiled/reanim/GoldMagnet.reanim.compiled'
INFO: 'reanim/WinterMelon.reanim'
INFO: compile 3 ms:'compiled/reanim/Umbrellaleaf.reanim.compiled'
INFO: 'reanim/GatlingPea.reanim'
INFO: compile 4 ms:'compiled/reanim/GoldMagnet.reanim.compiled'
INFO: 'reanim/WinterMelon.reanim'
INFO: compile 3 ms:'compiled/reanim/WinterMelon.reanim.compiled'
INFO: 'reanim/TwinSunflower.reanim'
INFO: compile 1 ms:'compiled/reanim/TwinSunflower.reanim.compiled'
INFO: 'reanim/PoolCleaner.reanim'
INFO: compile 3 ms:'compiled/reanim/WinterMelon.reanim.compiled'
INFO: 'reanim/TwinSunflower.reanim'
INFO: compile 1 ms:'compiled/reanim/TwinSunflower.reanim.compiled'
INFO: 'reanim/PoolCleaner.reanim'
INFO: compile 5 ms:'compiled/reanim/GatlingPea.reanim.compiled'
INFO: 'reanim/Cattail.reanim'
INFO: compile 2 ms:'compiled/reanim/PoolCleaner.reanim.compiled'
INFO: 'reanim/RoofCleaner.reanim'
INFO: compile 10 ms:'compiled/reanim/Zombie_Boss_driver.reanim.compiled'
INFO: 'reanim/LawnMoweredZombie.reanim'
INFO: compile 0 ms:'compiled/reanim/LawnMoweredZombie.reanim.compiled'
INFO: 'reanim/CrazyDave.reanim'
INFO: compile 1 ms:'compiled/reanim/RoofCleaner.reanim.compiled'
INFO: 'reanim/FirePea.reanim'
INFO: compile 2 ms:'compiled/reanim/PoolCleaner.reanim.compiled'
INFO: 'reanim/RoofCleaner.reanim'
INFO: compile 0 ms:'compiled/reanim/FirePea.reanim.compiled'
INFO: 'reanim/Imitater.reanim'
INFO: compile 3 ms:'compiled/reanim/Cattail.reanim.compiled'
INFO: 'reanim/GloomShroom.reanim'
INFO: compile 1 ms:'compiled/reanim/RoofCleaner.reanim.compiled'
INFO: 'reanim/FirePea.reanim'
INFO: compile 0 ms:'compiled/reanim/FirePea.reanim.compiled'
INFO: 'reanim/Imitater.reanim'
INFO: compile 3 ms:'compiled/reanim/Imitater.reanim.compiled'
INFO: 'reanim/Zombie_yeti.reanim'
INFO: compile 3 ms:'compiled/reanim/Imitater.reanim.compiled'
INFO: 'reanim/Zombie_yeti.reanim'
INFO: compile 5 ms:'compiled/reanim/GloomShroom.reanim.compiled'
INFO: 'reanim/Zombie_boss_iceball.reanim'
INFO: compile 32 ms:'compiled/reanim/SelectorScreen.reanim.compiled'
INFO: 'reanim/Portal_Circle.reanim'
INFO: compile 1 ms:'compiled/reanim/Portal_Circle.reanim.compiled'
INFO: 'reanim/Portal_Square.reanim'
INFO: compile 6 ms:'compiled/reanim/Zombie_yeti.reanim.compiled'
INFO: 'reanim/Zombie_Boss_driver.reanim'
INFO: compile 0 ms:'compiled/reanim/Portal_Square.reanim.compiled'
INFO: 'reanim/ZenGarden_sprout.reanim'
INFO: compile 3 ms:'compiled/reanim/Zombie_boss_iceball.reanim.compiled'
INFO: 'reanim/Zombie_boss_fireball.reanim'
INFO: compile 1 ms:'compiled/reanim/ZenGarden_sprout.reanim.compiled'
INFO: 'reanim/ZenGarden_wateringcan.reanim'
INFO: compile 6 ms:'compiled/reanim/Zombie_yeti.reanim.compiled'
INFO: 'reanim/Zombie_Boss_driver.reanim'
INFO: compile 2 ms:'compiled/reanim/ZenGarden_wateringcan.reanim.compiled'
INFO: 'reanim/ZenGarden_fertilizer.reanim'
INFO: compile 29 ms:'compiled/reanim/CrazyDave.reanim.compiled'
INFO: compile 2 ms:'compiled/reanim/Zombie_boss_fireball.reanim.compiled'
INFO: 'reanim/CobCannon.reanim'
INFO: 'reanim/TextFadeOn.reanim'
INFO: compile 0 ms:'compiled/reanim/TextFadeOn.reanim.compiled'
INFO: 'reanim/Hammer.reanim'
INFO: compile 0 ms:'compiled/reanim/Hammer.reanim.compiled'
INFO: 'reanim/SlotMachine.reanim'
INFO: compile 30 ms:'compiled/reanim/CrazyDave.reanim.compiled'
INFO: compile 1 ms:'compiled/reanim/ZenGarden_fertilizer.reanim.compiled'
INFO: 'reanim/ZenGarden_bugspray.reanim'
INFO: 'reanim/TextFadeOn.reanim'
INFO: compile 0 ms:'compiled/reanim/TextFadeOn.reanim.compiled'
INFO: 'reanim/Hammer.reanim'
INFO: compile 0 ms:'compiled/reanim/SlotMachine.reanim.compiled'
INFO: 'reanim/Credits_Football.reanim'
INFO: compile 0 ms:'compiled/reanim/Credits_Football.reanim.compiled'
INFO: 'reanim/Credits_Jackbox.reanim'
INFO: compile 0 ms:'compiled/reanim/Hammer.reanim.compiled'
INFO: 'reanim/SlotMachine.reanim'
INFO: compile 0 ms:'compiled/reanim/ZenGarden_bugspray.reanim.compiled'
INFO: 'reanim/ZenGarden_phonograph.reanim'
INFO: compile 0 ms:'compiled/reanim/Credits_Jackbox.reanim.compiled'
INFO: 'reanim/SelectorScreen.reanim'
INFO: compile 6 ms:'compiled/reanim/Zombie_Boss_driver.reanim.compiled'
INFO: 'reanim/LawnMoweredZombie.reanim'
INFO: compile 0 ms:'compiled/reanim/LawnMoweredZombie.reanim.compiled'
INFO: 'reanim/CrazyDave.reanim'
INFO: compile 0 ms:'compiled/reanim/SlotMachine.reanim.compiled'
INFO: 'reanim/Credits_Football.reanim'
INFO: compile 0 ms:'compiled/reanim/Credits_Football.reanim.compiled'
INFO: 'reanim/Credits_Jackbox.reanim'
INFO: compile 0 ms:'compiled/reanim/ZenGarden_phonograph.reanim.compiled'
INFO: 'reanim/Diamond.reanim'
INFO: compile 0 ms:'compiled/reanim/Credits_Jackbox.reanim.compiled'
INFO: 'reanim/SelectorScreen.reanim'
INFO: compile 0 ms:'compiled/reanim/Diamond.reanim.compiled'
INFO: 'reanim/Zombie_hand.reanim'
INFO: compile 3 ms:'compiled/reanim/CobCannon.reanim.compiled'
INFO: 'reanim/Garlic.reanim'
INFO: compile 6 ms:'compiled/reanim/Zombie_Boss_driver.reanim.compiled'
INFO: 'reanim/LawnMoweredZombie.reanim'
INFO: compile 0 ms:'compiled/reanim/LawnMoweredZombie.reanim.compiled'
INFO: 'reanim/CrazyDave.reanim'
INFO: compile 1 ms:'compiled/reanim/Garlic.reanim.compiled'
INFO: 'reanim/GoldMagnet.reanim'
INFO: compile 3 ms:'compiled/reanim/Zombie_hand.reanim.compiled'
INFO: 'reanim/Stinky.reanim'
INFO: compile 4 ms:'compiled/reanim/GoldMagnet.reanim.compiled'
INFO: 'reanim/WinterMelon.reanim'
INFO: compile 2 ms:'compiled/reanim/Stinky.reanim.compiled'
INFO: 'reanim/Rake.reanim'
INFO: compile 0 ms:'compiled/reanim/Rake.reanim.compiled'
INFO: 'reanim/Rain_circle.reanim'
INFO: compile 0 ms:'compiled/reanim/Rain_circle.reanim.compiled'
INFO: 'reanim/Rain_splash.reanim'
INFO: compile 0 ms:'compiled/reanim/Rain_splash.reanim.compiled'
INFO: 'reanim/Zombie_surprise.reanim'
INFO: compile 0 ms:'compiled/reanim/Zombie_surprise.reanim.compiled'
INFO: 'reanim/Coin_gold.reanim'
INFO: compile 0 ms:'compiled/reanim/Coin_gold.reanim.compiled'
INFO: 'reanim/TreeOfWisdom.reanim'
INFO: compile 3 ms:'compiled/reanim/WinterMelon.reanim.compiled'
INFO: 'reanim/TwinSunflower.reanim'
INFO: compile 1 ms:'compiled/reanim/TwinSunflower.reanim.compiled'
INFO: 'reanim/PoolCleaner.reanim'
INFO: compile 30 ms:'compiled/reanim/CrazyDave.reanim.compiled'
INFO: 'reanim/TextFadeOn.reanim'
INFO: compile 0 ms:'compiled/reanim/TextFadeOn.reanim.compiled'
INFO: 'reanim/Hammer.reanim'
INFO: compile 2 ms:'compiled/reanim/PoolCleaner.reanim.compiled'
INFO: 'reanim/RoofCleaner.reanim'
INFO: compile 0 ms:'compiled/reanim/Hammer.reanim.compiled'
INFO: 'reanim/SlotMachine.reanim'
INFO: compile 0 ms:'compiled/reanim/SlotMachine.reanim.compiled'
INFO: 'reanim/Credits_Football.reanim'
INFO: compile 0 ms:'compiled/reanim/Credits_Football.reanim.compiled'
INFO: 'reanim/Credits_Jackbox.reanim'
INFO: compile 0 ms:'compiled/reanim/Credits_Jackbox.reanim.compiled'
INFO: 'reanim/SelectorScreen.reanim'
INFO: compile 1 ms:'compiled/reanim/RoofCleaner.reanim.compiled'
INFO: 'reanim/FirePea.reanim'
INFO: compile 0 ms:'compiled/reanim/FirePea.reanim.compiled'
INFO: 'reanim/Imitater.reanim'
INFO: compile 3 ms:'compiled/reanim/Imitater.reanim.compiled'
INFO: 'reanim/Zombie_yeti.reanim'
INFO: compile 6 ms:'compiled/reanim/Zombie_yeti.reanim.compiled'
INFO: 'reanim/Zombie_Boss_driver.reanim'
INFO: compile 81 ms:'compiled/reanim/Zombie_boss.reanim.compiled'
INFO: 'reanim/Cabbagepult.reanim'
INFO: compile 28 ms:'compiled/reanim/CrazyDave.reanim.compiled'
INFO: 'reanim/TextFadeOn.reanim'
INFO: compile 0 ms:'compiled/reanim/TextFadeOn.reanim.compiled'
INFO: 'reanim/Hammer.reanim'
INFO: compile 0 ms:'compiled/reanim/Hammer.reanim.compiled'
INFO: 'reanim/SlotMachine.reanim'
INFO: compile 0 ms:'compiled/reanim/SlotMachine.reanim.compiled'
INFO: 'reanim/Credits_Football.reanim'
INFO: compile 0 ms:'compiled/reanim/Credits_Football.reanim.compiled'
INFO: 'reanim/Credits_Jackbox.reanim'
INFO: compile 0 ms:'compiled/reanim/Credits_Jackbox.reanim.compiled'
INFO: 'reanim/SelectorScreen.reanim'
INFO: compile 32 ms:'compiled/reanim/SelectorScreen.reanim.compiled'
INFO: 'reanim/Portal_Circle.reanim'
INFO: compile 3 ms:'compiled/reanim/Cabbagepult.reanim.compiled'
INFO: 'reanim/Cornpult.reanim'
INFO: compile 6 ms:'compiled/reanim/Zombie_Boss_driver.reanim.compiled'
INFO: compile 1 ms:'compiled/reanim/Portal_Circle.reanim.compiled'
INFO: 'reanim/Portal_Square.reanim'
INFO: 'reanim/LawnMoweredZombie.reanim'
INFO: compile 0 ms:'compiled/reanim/LawnMoweredZombie.reanim.compiled'
INFO: 'reanim/CrazyDave.reanim'
INFO: compile 0 ms:'compiled/reanim/Portal_Square.reanim.compiled'
INFO: 'reanim/ZenGarden_sprout.reanim'
INFO: compile 1 ms:'compiled/reanim/ZenGarden_sprout.reanim.compiled'
INFO: 'reanim/ZenGarden_wateringcan.reanim'
INFO: compile 33 ms:'compiled/reanim/CrazyDave.reanim.compiled'
INFO: 'reanim/TextFadeOn.reanim'
INFO: compile 0 ms:'compiled/reanim/TextFadeOn.reanim.compiled'
INFO: 'reanim/Hammer.reanim'
INFO: compile 4 ms:'compiled/reanim/Cornpult.reanim.compiled'
INFO: 'reanim/Melonpult.reanim'
INFO: compile 0 ms:'compiled/reanim/Hammer.reanim.compiled'
INFO: 'reanim/SlotMachine.reanim'
INFO: compile 0 ms:'compiled/reanim/SlotMachine.reanim.compiled'
INFO: 'reanim/Credits_Football.reanim'
INFO: compile 0 ms:'compiled/reanim/Credits_Football.reanim.compiled'
INFO: 'reanim/Credits_Jackbox.reanim'
INFO: compile 0 ms:'compiled/reanim/Credits_Jackbox.reanim.compiled'
INFO: 'reanim/SelectorScreen.reanim'
INFO: compile 2 ms:'compiled/reanim/Melonpult.reanim.compiled'
INFO: 'reanim/Coffeebean.reanim'
INFO: compile 3 ms:'compiled/reanim/ZenGarden_wateringcan.reanim.compiled'
INFO: 'reanim/ZenGarden_fertilizer.reanim'
INFO: compile 1 ms:'compiled/reanim/Coffeebean.reanim.compiled'
INFO: 'reanim/Umbrellaleaf.reanim'
INFO: compile 2 ms:'compiled/reanim/ZenGarden_fertilizer.reanim.compiled'
INFO: 'reanim/ZenGarden_bugspray.reanim'
INFO: compile 1 ms:'compiled/reanim/ZenGarden_bugspray.reanim.compiled'
INFO: 'reanim/ZenGarden_phonograph.reanim'
INFO: compile 42 ms:'compiled/reanim/SelectorScreen.reanim.compiled'
INFO: compile 1 ms:'compiled/reanim/Umbrellaleaf.reanim.compiled'
INFO: 'reanim/GatlingPea.reanim'
INFO: 'reanim/Portal_Circle.reanim'
INFO: compile 1 ms:'compiled/reanim/Portal_Circle.reanim.compiled'
INFO: 'reanim/Portal_Square.reanim'
INFO: compile 1 ms:'compiled/reanim/ZenGarden_phonograph.reanim.compiled'
INFO: 'reanim/Diamond.reanim'
INFO: compile 0 ms:'compiled/reanim/Portal_Square.reanim.compiled'
INFO: 'reanim/ZenGarden_sprout.reanim'
INFO: compile 1 ms:'compiled/reanim/Diamond.reanim.compiled'
INFO: 'reanim/Zombie_hand.reanim'
INFO: compile 1 ms:'compiled/reanim/ZenGarden_sprout.reanim.compiled'
INFO: 'reanim/ZenGarden_wateringcan.reanim'
INFO: compile 3 ms:'compiled/reanim/GatlingPea.reanim.compiled'
INFO: 'reanim/Cattail.reanim'
INFO: compile 2 ms:'compiled/reanim/ZenGarden_wateringcan.reanim.compiled'
INFO: 'reanim/ZenGarden_fertilizer.reanim'
INFO: compile 2 ms:'compiled/reanim/Cattail.reanim.compiled'
INFO: 'reanim/GloomShroom.reanim'
INFO: compile 1 ms:'compiled/reanim/ZenGarden_fertilizer.reanim.compiled'
INFO: 'reanim/ZenGarden_bugspray.reanim'
INFO: compile 0 ms:'compiled/reanim/ZenGarden_bugspray.reanim.compiled'
INFO: 'reanim/ZenGarden_phonograph.reanim'
INFO: compile 5 ms:'compiled/reanim/Zombie_hand.reanim.compiled'
INFO: 'reanim/Stinky.reanim'
INFO: compile 0 ms:'compiled/reanim/ZenGarden_phonograph.reanim.compiled'
INFO: 'reanim/Diamond.reanim'
INFO: compile 0 ms:'compiled/reanim/Diamond.reanim.compiled'
INFO: 'reanim/Zombie_hand.reanim'
INFO: compile 3 ms:'compiled/reanim/GloomShroom.reanim.compiled'
INFO: 'reanim/Zombie_boss_iceball.reanim'
INFO: compile 2 ms:'compiled/reanim/Stinky.reanim.compiled'
INFO: 'reanim/Rake.reanim'
INFO: compile 0 ms:'compiled/reanim/Rake.reanim.compiled'
INFO: 'reanim/Rain_circle.reanim'
INFO: compile 0 ms:'compiled/reanim/Rain_circle.reanim.compiled'
INFO: 'reanim/Rain_splash.reanim'
INFO: compile 45 ms:'compiled/reanim/TreeOfWisdom.reanim.compiled'
INFO: compile 0 ms:'compiled/reanim/Rain_splash.reanim.compiled'
INFO: 'reanim/Zombie_surprise.reanim'
INFO: 'reanim/TreeOfWisdomClouds.reanim'
INFO: compile 0 ms:'compiled/reanim/Zombie_surprise.reanim.compiled'
INFO: 'reanim/Coin_gold.reanim'
INFO: compile 0 ms:'compiled/reanim/Coin_gold.reanim.compiled'
INFO: 'reanim/TreeOfWisdom.reanim'
INFO: compile 40 ms:'compiled/reanim/SelectorScreen.reanim.compiled'
INFO: compile 3 ms:'compiled/reanim/Zombie_hand.reanim.compiled'
INFO: 'reanim/Stinky.reanim'
INFO: 'reanim/Portal_Circle.reanim'
INFO: compile 5 ms:'compiled/reanim/Zombie_boss_iceball.reanim.compiled'
INFO: 'reanim/Zombie_boss_fireball.reanim'
INFO: compile 1 ms:'compiled/reanim/Portal_Circle.reanim.compiled'
INFO: 'reanim/Portal_Square.reanim'
INFO: compile 3 ms:'compiled/reanim/TreeOfWisdomClouds.reanim.compiled'
INFO: 'reanim/TreeFood.reanim'
INFO: compile 2 ms:'compiled/reanim/Stinky.reanim.compiled'
INFO: 'reanim/Rake.reanim'
INFO: compile 0 ms:'compiled/reanim/Portal_Square.reanim.compiled'
INFO: 'reanim/ZenGarden_sprout.reanim'
INFO: compile 0 ms:'compiled/reanim/Rake.reanim.compiled'
INFO: 'reanim/Rain_circle.reanim'
INFO: compile 0 ms:'compiled/reanim/Rain_circle.reanim.compiled'
INFO: 'reanim/Rain_splash.reanim'
INFO: compile 0 ms:'compiled/reanim/Rain_splash.reanim.compiled'
INFO: 'reanim/Zombie_surprise.reanim'
INFO: compile 1 ms:'compiled/reanim/TreeFood.reanim.compiled'
INFO: 'reanim/Credits_Main.reanim'
INFO: compile 0 ms:'compiled/reanim/Zombie_surprise.reanim.compiled'
INFO: 'reanim/Coin_gold.reanim'
INFO: compile 0 ms:'compiled/reanim/Coin_gold.reanim.compiled'
INFO: 'reanim/TreeOfWisdom.reanim'
INFO: compile 1 ms:'compiled/reanim/ZenGarden_sprout.reanim.compiled'
INFO: 'reanim/ZenGarden_wateringcan.reanim'
INFO: compile 4 ms:'compiled/reanim/Zombie_boss_fireball.reanim.compiled'
INFO: 'reanim/CobCannon.reanim'
INFO: compile 29 ms:'compiled/reanim/CrazyDave.reanim.compiled'
INFO: 'reanim/TextFadeOn.reanim'
INFO: compile 0 ms:'compiled/reanim/TextFadeOn.reanim.compiled'
INFO: 'reanim/Hammer.reanim'
INFO: compile 0 ms:'compiled/reanim/Hammer.reanim.compiled'
INFO: 'reanim/SlotMachine.reanim'
INFO: compile 33 ms:'compiled/reanim/SelectorScreen.reanim.compiled'
INFO: compile 0 ms:'compiled/reanim/SlotMachine.reanim.compiled'
INFO: 'reanim/Credits_Football.reanim'
INFO: 'reanim/Portal_Circle.reanim'
INFO: compile 3 ms:'compiled/reanim/ZenGarden_wateringcan.reanim.compiled'
INFO: 'reanim/ZenGarden_fertilizer.reanim'
INFO: compile 0 ms:'compiled/reanim/Credits_Football.reanim.compiled'
INFO: 'reanim/Credits_Jackbox.reanim'
INFO: compile 0 ms:'compiled/reanim/Credits_Jackbox.reanim.compiled'
INFO: 'reanim/SelectorScreen.reanim'
INFO: compile 1 ms:'compiled/reanim/Portal_Circle.reanim.compiled'
INFO: 'reanim/Portal_Square.reanim'
INFO: compile 0 ms:'compiled/reanim/Portal_Square.reanim.compiled'
INFO: 'reanim/ZenGarden_sprout.reanim'
INFO: compile 2 ms:'compiled/reanim/ZenGarden_fertilizer.reanim.compiled'
INFO: 'reanim/ZenGarden_bugspray.reanim'
INFO: compile 1 ms:'compiled/reanim/ZenGarden_sprout.reanim.compiled'
INFO: 'reanim/ZenGarden_wateringcan.reanim'
INFO: compile 1 ms:'compiled/reanim/ZenGarden_bugspray.reanim.compiled'
INFO: 'reanim/ZenGarden_phonograph.reanim'
INFO: compile 5 ms:'compiled/reanim/CobCannon.reanim.compiled'
INFO: 'reanim/Garlic.reanim'
INFO: compile 1 ms:'compiled/reanim/ZenGarden_phonograph.reanim.compiled'
INFO: 'reanim/Diamond.reanim'
INFO: compile 2 ms:'compiled/reanim/ZenGarden_wateringcan.reanim.compiled'
INFO: 'reanim/ZenGarden_fertilizer.reanim'
INFO: compile 1 ms:'compiled/reanim/Garlic.reanim.compiled'
INFO: 'reanim/GoldMagnet.reanim'
INFO: compile 1 ms:'compiled/reanim/Diamond.reanim.compiled'
INFO: 'reanim/Zombie_hand.reanim'
INFO: compile 1 ms:'compiled/reanim/ZenGarden_fertilizer.reanim.compiled'
INFO: 'reanim/ZenGarden_bugspray.reanim'
INFO: compile 33 ms:'compiled/reanim/SelectorScreen.reanim.compiled'
INFO: 'reanim/Portal_Circle.reanim'
INFO: compile 0 ms:'compiled/reanim/ZenGarden_bugspray.reanim.compiled'
INFO: 'reanim/ZenGarden_phonograph.reanim'
INFO: compile 1 ms:'compiled/reanim/Portal_Circle.reanim.compiled'
INFO: 'reanim/Portal_Square.reanim'
INFO: compile 1 ms:'compiled/reanim/ZenGarden_phonograph.reanim.compiled'
INFO: 'reanim/Diamond.reanim'
INFO: compile 0 ms:'compiled/reanim/Portal_Square.reanim.compiled'
INFO: 'reanim/ZenGarden_sprout.reanim'
INFO: compile 1 ms:'compiled/reanim/Diamond.reanim.compiled'
INFO: 'reanim/Zombie_hand.reanim'
INFO: compile 1 ms:'compiled/reanim/ZenGarden_sprout.reanim.compiled'
INFO: 'reanim/ZenGarden_wateringcan.reanim'
INFO: compile 6 ms:'compiled/reanim/GoldMagnet.reanim.compiled'
INFO: 'reanim/WinterMelon.reanim'
INFO: compile 2 ms:'compiled/reanim/ZenGarden_wateringcan.reanim.compiled'
INFO: 'reanim/ZenGarden_fertilizer.reanim'
INFO: compile 8 ms:'compiled/reanim/Zombie_hand.reanim.compiled'
INFO: 'reanim/Stinky.reanim'
INFO: compile 1 ms:'compiled/reanim/ZenGarden_fertilizer.reanim.compiled'
INFO: 'reanim/ZenGarden_bugspray.reanim'
INFO: compile 1 ms:'compiled/reanim/ZenGarden_bugspray.reanim.compiled'
INFO: 'reanim/ZenGarden_phonograph.reanim'
INFO: compile 5 ms:'compiled/reanim/WinterMelon.reanim.compiled'
INFO: 'reanim/TwinSunflower.reanim'
INFO: compile 6 ms:'compiled/reanim/Zombie_hand.reanim.compiled'
INFO: 'reanim/Stinky.reanim'
INFO: compile 3 ms:'compiled/reanim/Stinky.reanim.compiled'
INFO: 'reanim/Rake.reanim'
INFO: compile 0 ms:'compiled/reanim/ZenGarden_phonograph.reanim.compiled'
INFO: 'reanim/Diamond.reanim'
INFO: compile 0 ms:'compiled/reanim/Rake.reanim.compiled'
INFO: 'reanim/Rain_circle.reanim'
INFO: compile 0 ms:'compiled/reanim/Rain_circle.reanim.compiled'
INFO: 'reanim/Rain_splash.reanim'
INFO: compile 0 ms:'compiled/reanim/Diamond.reanim.compiled'
INFO: 'reanim/Zombie_hand.reanim'
INFO: compile 0 ms:'compiled/reanim/Rain_splash.reanim.compiled'
INFO: 'reanim/Zombie_surprise.reanim'
INFO: compile 0 ms:'compiled/reanim/Zombie_surprise.reanim.compiled'
INFO: 'reanim/Coin_gold.reanim'
INFO: compile 0 ms:'compiled/reanim/Coin_gold.reanim.compiled'
INFO: 'reanim/TreeOfWisdom.reanim'
INFO: compile 2 ms:'compiled/reanim/TwinSunflower.reanim.compiled'
INFO: 'reanim/PoolCleaner.reanim'
INFO: compile 3 ms:'compiled/reanim/Stinky.reanim.compiled'
INFO: 'reanim/Rake.reanim'
INFO: compile 0 ms:'compiled/reanim/Rake.reanim.compiled'
INFO: 'reanim/Rain_circle.reanim'
INFO: compile 0 ms:'compiled/reanim/Rain_circle.reanim.compiled'
INFO: 'reanim/Rain_splash.reanim'
INFO: compile 2 ms:'compiled/reanim/PoolCleaner.reanim.compiled'
INFO: 'reanim/RoofCleaner.reanim'
INFO: compile 0 ms:'compiled/reanim/Rain_splash.reanim.compiled'
INFO: 'reanim/Zombie_surprise.reanim'
INFO: compile 4 ms:'compiled/reanim/Zombie_hand.reanim.compiled'
INFO: 'reanim/Stinky.reanim'
INFO: compile 0 ms:'compiled/reanim/Zombie_surprise.reanim.compiled'
INFO: 'reanim/Coin_gold.reanim'
INFO: compile 27 ms:'compiled/reanim/Credits_Main.reanim.compiled'
INFO: 'reanim/Credits_Main2.reanim'
INFO: compile 1 ms:'compiled/reanim/RoofCleaner.reanim.compiled'
INFO: 'reanim/FirePea.reanim'
INFO: compile 0 ms:'compiled/reanim/Coin_gold.reanim.compiled'
INFO: 'reanim/TreeOfWisdom.reanim'
INFO: compile 0 ms:'compiled/reanim/FirePea.reanim.compiled'
INFO: 'reanim/Imitater.reanim'
INFO: compile 2 ms:'compiled/reanim/Stinky.reanim.compiled'
INFO: 'reanim/Rake.reanim'
INFO: compile 0 ms:'compiled/reanim/Rake.reanim.compiled'
INFO: 'reanim/Rain_circle.reanim'
INFO: compile 0 ms:'compiled/reanim/Rain_circle.reanim.compiled'
INFO: 'reanim/Rain_splash.reanim'
INFO: compile 0 ms:'compiled/reanim/Rain_splash.reanim.compiled'
INFO: 'reanim/Zombie_surprise.reanim'
INFO: compile 0 ms:'compiled/reanim/Zombie_surprise.reanim.compiled'
INFO: 'reanim/Coin_gold.reanim'
INFO: compile 0 ms:'compiled/reanim/Coin_gold.reanim.compiled'
INFO: 'reanim/TreeOfWisdom.reanim'
INFO: compile 3 ms:'compiled/reanim/Imitater.reanim.compiled'
INFO: 'reanim/Zombie_yeti.reanim'
INFO: compile 6 ms:'compiled/reanim/Zombie_yeti.reanim.compiled'
INFO: 'reanim/Zombie_Boss_driver.reanim'
INFO: compile 6 ms:'compiled/reanim/Zombie_Boss_driver.reanim.compiled'
INFO: 'reanim/LawnMoweredZombie.reanim'
INFO: compile 0 ms:'compiled/reanim/LawnMoweredZombie.reanim.compiled'
INFO: 'reanim/CrazyDave.reanim'
INFO: compile 18 ms:'compiled/reanim/Credits_Main2.reanim.compiled'
INFO: compile 45 ms:'compiled/reanim/TreeOfWisdom.reanim.compiled'
INFO: 'reanim/Credits_Main3.reanim'
INFO: 'reanim/TreeOfWisdomClouds.reanim'
INFO: compile 2 ms:'compiled/reanim/TreeOfWisdomClouds.reanim.compiled'
INFO: 'reanim/TreeFood.reanim'
INFO: compile 1 ms:'compiled/reanim/TreeFood.reanim.compiled'
INFO: 'reanim/Credits_Main.reanim'
INFO: compile 55 ms:'compiled/reanim/TreeOfWisdom.reanim.compiled'
INFO: 'reanim/TreeOfWisdomClouds.reanim'
INFO: compile 49 ms:'compiled/reanim/SelectorScreen.reanim.compiled'
INFO: 'reanim/Portal_Circle.reanim'
INFO: compile 1 ms:'compiled/reanim/Portal_Circle.reanim.compiled'
INFO: 'reanim/Portal_Square.reanim'
INFO: compile 4 ms:'compiled/reanim/TreeOfWisdomClouds.reanim.compiled'
INFO: 'reanim/TreeFood.reanim'
INFO: compile 0 ms:'compiled/reanim/Portal_Square.reanim.compiled'
INFO: 'reanim/ZenGarden_sprout.reanim'
INFO: compile 1 ms:'compiled/reanim/ZenGarden_sprout.reanim.compiled'
INFO: compile 1 ms:'compiled/reanim/TreeFood.reanim.compiled'
INFO: 'reanim/Credits_Main.reanim'
INFO: 'reanim/ZenGarden_wateringcan.reanim'
INFO: compile 2 ms:'compiled/reanim/ZenGarden_wateringcan.reanim.compiled'
INFO: 'reanim/ZenGarden_fertilizer.reanim'
INFO: compile 1 ms:'compiled/reanim/ZenGarden_fertilizer.reanim.compiled'
INFO: 'reanim/ZenGarden_bugspray.reanim'
INFO: compile 0 ms:'compiled/reanim/ZenGarden_bugspray.reanim.compiled'
INFO: 'reanim/ZenGarden_phonograph.reanim'
INFO: compile 0 ms:'compiled/reanim/ZenGarden_phonograph.reanim.compiled'
INFO: 'reanim/Diamond.reanim'
INFO: compile 0 ms:'compiled/reanim/Diamond.reanim.compiled'
INFO: 'reanim/Zombie_hand.reanim'
INFO: compile 40 ms:'compiled/reanim/TreeOfWisdom.reanim.compiled'
INFO: 'reanim/TreeOfWisdomClouds.reanim'
INFO: compile 17 ms:'compiled/reanim/Credits_Main3.reanim.compiled'
INFO: 'reanim/Zombie_credits_dance.reanim'
INFO: compile 3 ms:'compiled/reanim/Zombie_hand.reanim.compiled'
INFO: 'reanim/Stinky.reanim'
INFO: compile 2 ms:'compiled/reanim/TreeOfWisdomClouds.reanim.compiled'
INFO: 'reanim/TreeFood.reanim'
INFO: compile 1 ms:'compiled/reanim/TreeFood.reanim.compiled'
INFO: 'reanim/Credits_Main.reanim'
INFO: compile 2 ms:'compiled/reanim/Stinky.reanim.compiled'
INFO: 'reanim/Rake.reanim'
INFO: compile 0 ms:'compiled/reanim/Rake.reanim.compiled'
INFO: 'reanim/Rain_circle.reanim'
INFO: compile 19 ms:'compiled/reanim/Credits_Main.reanim.compiled'
INFO: compile 0 ms:'compiled/reanim/Rain_circle.reanim.compiled'
INFO: 'reanim/Rain_splash.reanim'
INFO: 'reanim/Credits_Main2.reanim'
INFO: compile 0 ms:'compiled/reanim/Rain_splash.reanim.compiled'
INFO: 'reanim/Zombie_surprise.reanim'
INFO: compile 0 ms:'compiled/reanim/Zombie_surprise.reanim.compiled'
INFO: 'reanim/Coin_gold.reanim'
INFO: compile 0 ms:'compiled/reanim/Coin_gold.reanim.compiled'
INFO: 'reanim/TreeOfWisdom.reanim'
INFO: compile 29 ms:'compiled/reanim/CrazyDave.reanim.compiled'
INFO: 'reanim/TextFadeOn.reanim'
INFO: compile 0 ms:'compiled/reanim/TextFadeOn.reanim.compiled'
INFO: 'reanim/Hammer.reanim'
INFO: compile 0 ms:'compiled/reanim/Hammer.reanim.compiled'
INFO: 'reanim/SlotMachine.reanim'
INFO: compile 0 ms:'compiled/reanim/SlotMachine.reanim.compiled'
INFO: 'reanim/Credits_Football.reanim'
INFO: compile 0 ms:'compiled/reanim/Credits_Football.reanim.compiled'
INFO: 'reanim/Credits_Jackbox.reanim'
INFO: compile 0 ms:'compiled/reanim/Credits_Jackbox.reanim.compiled'
INFO: 'reanim/SelectorScreen.reanim'
INFO: compile 21 ms:'compiled/reanim/Credits_Main.reanim.compiled'
INFO: 'reanim/Credits_Main2.reanim'
INFO: compile 51 ms:'compiled/reanim/TreeOfWisdom.reanim.compiled'
INFO: 'reanim/TreeOfWisdomClouds.reanim'
INFO: compile 50 ms:'compiled/reanim/TreeOfWisdom.reanim.compiled'
INFO: 'reanim/TreeOfWisdomClouds.reanim'
INFO: compile 2 ms:'compiled/reanim/TreeOfWisdomClouds.reanim.compiled'
INFO: 'reanim/TreeFood.reanim'
INFO: compile 1 ms:'compiled/reanim/TreeFood.reanim.compiled'
INFO: 'reanim/Credits_Main.reanim'
INFO: compile 2 ms:'compiled/reanim/TreeOfWisdomClouds.reanim.compiled'
INFO: 'reanim/TreeFood.reanim'
INFO: compile 15 ms:'compiled/reanim/Credits_Main2.reanim.compiled'
INFO: 'reanim/Credits_Main3.reanim'
INFO: compile 1 ms:'compiled/reanim/TreeFood.reanim.compiled'
INFO: 'reanim/Credits_Main.reanim'
INFO: compile 19 ms:'compiled/reanim/Credits_Main.reanim.compiled'
INFO: 'reanim/Credits_Main2.reanim'
INFO: compile 28 ms:'compiled/reanim/Zombie_credits_dance.reanim.compiled'
INFO: 'reanim/Credits_stage.reanim'
INFO: compile 16 ms:'compiled/reanim/Credits_Main2.reanim.compiled'
INFO: 'reanim/Credits_Main3.reanim'
INFO: compile 3 ms:'compiled/reanim/Credits_stage.reanim.compiled'
INFO: 'reanim/Credits_BigBrain.reanim'
INFO: compile 0 ms:'compiled/reanim/Credits_BigBrain.reanim.compiled'
INFO: 'reanim/Credits_Flower_petals.reanim'
INFO: compile 1 ms:'compiled/reanim/Credits_Flower_petals.reanim.compiled'
INFO: 'reanim/Credits_Infantry.reanim'
INFO: compile 0 ms:'compiled/reanim/Credits_Infantry.reanim.compiled'
INFO: 'reanim/Credits_Throat.reanim'
INFO: compile 15 ms:'compiled/reanim/Credits_Main2.reanim.compiled'
INFO: 'reanim/Credits_Main3.reanim'
INFO: compile 4 ms:'compiled/reanim/Credits_Throat.reanim.compiled'
INFO: 'reanim/Credits_CrazyDave.reanim'
INFO: compile 1 ms:'compiled/reanim/Credits_CrazyDave.reanim.compiled'
INFO: 'reanim/Credits_Bossdance.reanim'
INFO: compile 20 ms:'compiled/reanim/Credits_Main3.reanim.compiled'
INFO: 'reanim/Zombie_credits_dance.reanim'
INFO: compile 20 ms:'compiled/reanim/Credits_Main.reanim.compiled'
INFO: 'reanim/Credits_Main2.reanim'
INFO: compile 0 ms:'compiled/reanim/Credits_Bossdance.reanim.compiled'
INFO: 'reanim/Zombie_Credits_Screendoor.reanim'
INFO: compile 24 ms:'compiled/reanim/Credits_Main.reanim.compiled'
INFO: 'reanim/Credits_Main2.reanim'
INFO: compile 1 ms:'compiled/reanim/Zombie_Credits_Screendoor.reanim.compiled'
INFO: 'reanim/Zombie_Credits_Conehead.reanim'
INFO: compile 1 ms:'compiled/reanim/Zombie_Credits_Conehead.reanim.compiled'
INFO: 'reanim/Credits_ZombieArmy1.reanim'
INFO: compile 0 ms:'compiled/reanim/Credits_ZombieArmy1.reanim.compiled'
INFO: 'reanim/Credits_ZombieArmy2.reanim'
INFO: compile 0 ms:'compiled/reanim/Credits_ZombieArmy2.reanim.compiled'
INFO: 'reanim/Credits_Tombstones.reanim'
INFO: compile 0 ms:'compiled/reanim/Credits_Tombstones.reanim.compiled'
INFO: 'reanim/Credits_SolarPower.reanim'
INFO: compile 0 ms:'compiled/reanim/Credits_SolarPower.reanim.compiled'
INFO: 'reanim/Credits_Anyhour.reanim'
INFO: compile 40 ms:'compiled/reanim/TreeOfWisdom.reanim.compiled'
INFO: 'reanim/TreeOfWisdomClouds.reanim'
INFO: compile 1 ms:'compiled/reanim/Credits_Anyhour.reanim.compiled'
INFO: 'reanim/Credits_WeAreTheUndead.reanim'
INFO: compile 18 ms:'compiled/reanim/Credits_Main3.reanim.compiled'
INFO: 'reanim/Zombie_credits_dance.reanim'
INFO: compile 2 ms:'compiled/reanim/TreeOfWisdomClouds.reanim.compiled'
INFO: 'reanim/TreeFood.reanim'
INFO: compile 39 ms:'compiled/reanim/SelectorScreen.reanim.compiled'
INFO: compile 2 ms:'compiled/reanim/Credits_WeAreTheUndead.reanim.compiled'
INFO: 'reanim/Credits_DiscoLights.reanim'
INFO: 'reanim/Portal_Circle.reanim'
INFO: compile 0 ms:'compiled/reanim/Credits_DiscoLights.reanim.compiled'
INFO: 'reanim/Zombie_FlagPole.reanim'
INFO: compile 1 ms:'compiled/reanim/TreeFood.reanim.compiled'
INFO: 'reanim/Credits_Main.reanim'
INFO: compile 0 ms:'compiled/reanim/Zombie_FlagPole.reanim.compiled'
INFO: 'reanim/zombatar_zombie_head.reanim'
INFO: compile 1 ms:'compiled/reanim/Portal_Circle.reanim.compiled'
INFO: 'reanim/Portal_Square.reanim'
INFO: compile 0 ms:'compiled/reanim/Portal_Square.reanim.compiled'
INFO: 'reanim/ZenGarden_sprout.reanim'
INFO: compile 1 ms:'compiled/reanim/ZenGarden_sprout.reanim.compiled'
INFO: 'reanim/ZenGarden_wateringcan.reanim'
INFO: compile 2 ms:'compiled/reanim/ZenGarden_wateringcan.reanim.compiled'
INFO: 'reanim/ZenGarden_fertilizer.reanim'
INFO: compile 18 ms:'compiled/reanim/Credits_Main3.reanim.compiled'
INFO: 'reanim/Zombie_credits_dance.reanim'
INFO: compile 1 ms:'compiled/reanim/ZenGarden_fertilizer.reanim.compiled'
INFO: 'reanim/ZenGarden_bugspray.reanim'
INFO: compile 16 ms:'compiled/reanim/Credits_Main2.reanim.compiled'
INFO: 'reanim/Credits_Main3.reanim'
INFO: compile 1 ms:'compiled/reanim/ZenGarden_bugspray.reanim.compiled'
INFO: 'reanim/ZenGarden_phonograph.reanim'
INFO: compile 1 ms:'compiled/reanim/ZenGarden_phonograph.reanim.compiled'
INFO: 'reanim/Diamond.reanim'
INFO: compile 1 ms:'compiled/reanim/Diamond.reanim.compiled'
INFO: 'reanim/Zombie_hand.reanim'
INFO: compile 19 ms:'compiled/reanim/Credits_Main2.reanim.compiled'
INFO: 'reanim/Credits_Main3.reanim'
INFO: compile 14 ms:'compiled/reanim/zombatar_zombie_head.reanim.compiled'
INFO: compile 5 ms:'compiled/reanim/Zombie_hand.reanim.compiled'
INFO: 'reanim/Stinky.reanim'
INFO: compile 28 ms:'compiled/reanim/Zombie_credits_dance.reanim.compiled'
INFO: 'reanim/Credits_stage.reanim'
INFO: compile 3 ms:'compiled/reanim/Stinky.reanim.compiled'
INFO: 'reanim/Rake.reanim'
INFO: compile 19 ms:'compiled/reanim/Credits_Main.reanim.compiled'
INFO: 'reanim/Credits_Main2.reanim'
INFO: compile 0 ms:'compiled/reanim/Rake.reanim.compiled'
INFO: 'reanim/Rain_circle.reanim'
INFO: compile 0 ms:'compiled/reanim/Rain_circle.reanim.compiled'
INFO: 'reanim/Rain_splash.reanim'
INFO: compile 0 ms:'compiled/reanim/Rain_splash.reanim.compiled'
INFO: 'reanim/Zombie_surprise.reanim'
INFO: compile 2 ms:'compiled/reanim/Credits_stage.reanim.compiled'
INFO: 'reanim/Credits_BigBrain.reanim'
INFO: compile 0 ms:'compiled/reanim/Zombie_surprise.reanim.compiled'
INFO: 'reanim/Coin_gold.reanim'
INFO: compile 0 ms:'compiled/reanim/Coin_gold.reanim.compiled'
INFO: 'reanim/TreeOfWisdom.reanim'
INFO: compile 0 ms:'compiled/reanim/Credits_BigBrain.reanim.compiled'
INFO: 'reanim/Credits_Flower_petals.reanim'
INFO: compile 1 ms:'compiled/reanim/Credits_Flower_petals.reanim.compiled'
INFO: 'reanim/Credits_Infantry.reanim'
INFO: compile 0 ms:'compiled/reanim/Credits_Infantry.reanim.compiled'
INFO: 'reanim/Credits_Throat.reanim'
INFO: compile 18 ms:'compiled/reanim/Credits_Main3.reanim.compiled'
INFO: 'reanim/Zombie_credits_dance.reanim'
INFO: compile 3 ms:'compiled/reanim/Credits_Throat.reanim.compiled'
INFO: 'reanim/Credits_CrazyDave.reanim'
INFO: compile 1 ms:'compiled/reanim/Credits_CrazyDave.reanim.compiled'
INFO: 'reanim/Credits_Bossdance.reanim'
INFO: compile 18 ms:'compiled/reanim/Credits_Main3.reanim.compiled'
INFO: 'reanim/Zombie_credits_dance.reanim'
INFO: compile 0 ms:'compiled/reanim/Credits_Bossdance.reanim.compiled'
INFO: 'reanim/Zombie_Credits_Screendoor.reanim'
INFO: compile 1 ms:'compiled/reanim/Zombie_Credits_Screendoor.reanim.compiled'
INFO: 'reanim/Zombie_Credits_Conehead.reanim'
INFO: compile 35 ms:'compiled/reanim/Zombie_credits_dance.reanim.compiled'
INFO: compile 1 ms:'compiled/reanim/Zombie_Credits_Conehead.reanim.compiled'
INFO: 'reanim/Credits_ZombieArmy1.reanim'
INFO: 'reanim/Credits_stage.reanim'
INFO: compile 0 ms:'compiled/reanim/Credits_ZombieArmy1.reanim.compiled'
INFO: 'reanim/Credits_ZombieArmy2.reanim'
INFO: compile 0 ms:'compiled/reanim/Credits_ZombieArmy2.reanim.compiled'
INFO: 'reanim/Credits_Tombstones.reanim'
INFO: compile 0 ms:'compiled/reanim/Credits_Tombstones.reanim.compiled'
INFO: 'reanim/Credits_SolarPower.reanim'
INFO: compile 0 ms:'compiled/reanim/Credits_SolarPower.reanim.compiled'
INFO: 'reanim/Credits_Anyhour.reanim'
INFO: compile 15 ms:'compiled/reanim/Credits_Main2.reanim.compiled'
INFO: 'reanim/Credits_Main3.reanim'
INFO: compile 2 ms:'compiled/reanim/Credits_stage.reanim.compiled'
INFO: 'reanim/Credits_BigBrain.reanim'
INFO: compile 1 ms:'compiled/reanim/Credits_Anyhour.reanim.compiled'
INFO: 'reanim/Credits_WeAreTheUndead.reanim'
INFO: compile 0 ms:'compiled/reanim/Credits_BigBrain.reanim.compiled'
INFO: 'reanim/Credits_Flower_petals.reanim'
INFO: compile 1 ms:'compiled/reanim/Credits_Flower_petals.reanim.compiled'
INFO: 'reanim/Credits_Infantry.reanim'
INFO: compile 0 ms:'compiled/reanim/Credits_Infantry.reanim.compiled'
INFO: 'reanim/Credits_Throat.reanim'
INFO: compile 2 ms:'compiled/reanim/Credits_WeAreTheUndead.reanim.compiled'
INFO: 'reanim/Credits_DiscoLights.reanim'
INFO: compile 0 ms:'compiled/reanim/Credits_DiscoLights.reanim.compiled'
INFO: 'reanim/Zombie_FlagPole.reanim'
INFO: compile 0 ms:'compiled/reanim/Zombie_FlagPole.reanim.compiled'
INFO: 'reanim/zombatar_zombie_head.reanim'
INFO: compile 3 ms:'compiled/reanim/Credits_Throat.reanim.compiled'
INFO: 'reanim/Credits_CrazyDave.reanim'
INFO: compile 1 ms:'compiled/reanim/Credits_CrazyDave.reanim.compiled'
INFO: 'reanim/Credits_Bossdance.reanim'
INFO: compile 0 ms:'compiled/reanim/Credits_Bossdance.reanim.compiled'
INFO: 'reanim/Zombie_Credits_Screendoor.reanim'
INFO: compile 1 ms:'compiled/reanim/Zombie_Credits_Screendoor.reanim.compiled'
INFO: 'reanim/Zombie_Credits_Conehead.reanim'
INFO: compile 41 ms:'compiled/reanim/Zombie_credits_dance.reanim.compiled'
INFO: 'reanim/Credits_stage.reanim'
INFO: compile 1 ms:'compiled/reanim/Zombie_Credits_Conehead.reanim.compiled'
INFO: 'reanim/Credits_ZombieArmy1.reanim'
INFO: compile 0 ms:'compiled/reanim/Credits_ZombieArmy1.reanim.compiled'
INFO: 'reanim/Credits_ZombieArmy2.reanim'
INFO: compile 0 ms:'compiled/reanim/Credits_ZombieArmy2.reanim.compiled'
INFO: 'reanim/Credits_Tombstones.reanim'
INFO: compile 0 ms:'compiled/reanim/Credits_Tombstones.reanim.compiled'
INFO: 'reanim/Credits_SolarPower.reanim'
INFO: compile 0 ms:'compiled/reanim/Credits_SolarPower.reanim.compiled'
INFO: 'reanim/Credits_Anyhour.reanim'
INFO: compile 2 ms:'compiled/reanim/Credits_stage.reanim.compiled'
INFO: 'reanim/Credits_BigBrain.reanim'
INFO: compile 0 ms:'compiled/reanim/Credits_BigBrain.reanim.compiled'
INFO: 'reanim/Credits_Flower_petals.reanim'
INFO: compile 1 ms:'compiled/reanim/Credits_Anyhour.reanim.compiled'
INFO: 'reanim/Credits_WeAreTheUndead.reanim'
INFO: compile 17 ms:'compiled/reanim/Credits_Main3.reanim.compiled'
INFO: 'reanim/Zombie_credits_dance.reanim'
INFO: compile 27 ms:'compiled/reanim/Zombie_credits_dance.reanim.compiled'
INFO: compile 1 ms:'compiled/reanim/Credits_Flower_petals.reanim.compiled'
INFO: 'reanim/Credits_Infantry.reanim'
INFO: 'reanim/Credits_stage.reanim'
INFO: compile 13 ms:'compiled/reanim/zombatar_zombie_head.reanim.compiled'
INFO: compile 0 ms:'compiled/reanim/Credits_Infantry.reanim.compiled'
INFO: 'reanim/Credits_Throat.reanim'
INFO: compile 2 ms:'compiled/reanim/Credits_WeAreTheUndead.reanim.compiled'
INFO: 'reanim/Credits_DiscoLights.reanim'
INFO: compile 0 ms:'compiled/reanim/Credits_DiscoLights.reanim.compiled'
INFO: 'reanim/Zombie_FlagPole.reanim'
INFO: compile 0 ms:'compiled/reanim/Zombie_FlagPole.reanim.compiled'
INFO: 'reanim/zombatar_zombie_head.reanim'
INFO: compile 2 ms:'compiled/reanim/Credits_stage.reanim.compiled'
INFO: 'reanim/Credits_BigBrain.reanim'
INFO: compile 0 ms:'compiled/reanim/Credits_BigBrain.reanim.compiled'
INFO: 'reanim/Credits_Flower_petals.reanim'
INFO: compile 1 ms:'compiled/reanim/Credits_Flower_petals.reanim.compiled'
INFO: 'reanim/Credits_Infantry.reanim'
INFO: compile 0 ms:'compiled/reanim/Credits_Infantry.reanim.compiled'
INFO: 'reanim/Credits_Throat.reanim'
INFO: compile 7 ms:'compiled/reanim/Credits_Throat.reanim.compiled'
INFO: 'reanim/Credits_CrazyDave.reanim'
INFO: compile 3 ms:'compiled/reanim/Credits_Throat.reanim.compiled'
INFO: 'reanim/Credits_CrazyDave.reanim'
INFO: compile 2 ms:'compiled/reanim/Credits_CrazyDave.reanim.compiled'
INFO: 'reanim/Credits_Bossdance.reanim'
INFO: compile 1 ms:'compiled/reanim/Credits_CrazyDave.reanim.compiled'
INFO: 'reanim/Credits_Bossdance.reanim'
INFO: compile 34 ms:'compiled/reanim/Zombie_credits_dance.reanim.compiled'
INFO: 'reanim/Credits_stage.reanim'
INFO: compile 1 ms:'compiled/reanim/Credits_Bossdance.reanim.compiled'
INFO: 'reanim/Zombie_Credits_Screendoor.reanim'
INFO: compile 1 ms:'compiled/reanim/Credits_Bossdance.reanim.compiled'
INFO: 'reanim/Zombie_Credits_Screendoor.reanim'
INFO: compile 1 ms:'compiled/reanim/Zombie_Credits_Screendoor.reanim.compiled'
INFO: 'reanim/Zombie_Credits_Conehead.reanim'
INFO: compile 2 ms:'compiled/reanim/Credits_stage.reanim.compiled'
INFO: 'reanim/Credits_BigBrain.reanim'
INFO: compile 2 ms:'compiled/reanim/Zombie_Credits_Screendoor.reanim.compiled'
INFO: 'reanim/Zombie_Credits_Conehead.reanim'
INFO: compile 0 ms:'compiled/reanim/Credits_BigBrain.reanim.compiled'
INFO: 'reanim/Credits_Flower_petals.reanim'
INFO: compile 1 ms:'compiled/reanim/Zombie_Credits_Conehead.reanim.compiled'
INFO: 'reanim/Credits_ZombieArmy1.reanim'
INFO: compile 13 ms:'compiled/reanim/zombatar_zombie_head.reanim.compiled'
INFO: compile 0 ms:'compiled/reanim/Credits_ZombieArmy1.reanim.compiled'
INFO: 'reanim/Credits_ZombieArmy2.reanim'
INFO: compile 0 ms:'compiled/reanim/Credits_ZombieArmy2.reanim.compiled'
INFO: 'reanim/Credits_Tombstones.reanim'
INFO: compile 0 ms:'compiled/reanim/Credits_Tombstones.reanim.compiled'
INFO: 'reanim/Credits_SolarPower.reanim'
INFO: compile 1 ms:'compiled/reanim/Credits_Flower_petals.reanim.compiled'
INFO: 'reanim/Credits_Infantry.reanim'
INFO: compile 0 ms:'compiled/reanim/Credits_Infantry.reanim.compiled'
INFO: 'reanim/Credits_Throat.reanim'
INFO: compile 47 ms:'compiled/reanim/TreeOfWisdom.reanim.compiled'
INFO: compile 0 ms:'compiled/reanim/Credits_SolarPower.reanim.compiled'
INFO: 'reanim/Credits_Anyhour.reanim'
INFO: 'reanim/TreeOfWisdomClouds.reanim'
INFO: compile 2 ms:'compiled/reanim/Zombie_Credits_Conehead.reanim.compiled'
INFO: 'reanim/Credits_ZombieArmy1.reanim'
INFO: compile 0 ms:'compiled/reanim/Credits_ZombieArmy1.reanim.compiled'
INFO: 'reanim/Credits_ZombieArmy2.reanim'
INFO: compile 0 ms:'compiled/reanim/Credits_ZombieArmy2.reanim.compiled'
INFO: 'reanim/Credits_Tombstones.reanim'
INFO: compile 0 ms:'compiled/reanim/Credits_Tombstones.reanim.compiled'
INFO: 'reanim/Credits_SolarPower.reanim'
INFO: compile 1 ms:'compiled/reanim/Credits_Anyhour.reanim.compiled'
INFO: 'reanim/Credits_WeAreTheUndead.reanim'
INFO: compile 1 ms:'compiled/reanim/Credits_SolarPower.reanim.compiled'
INFO: 'reanim/Credits_Anyhour.reanim'
INFO: compile 2 ms:'compiled/reanim/TreeOfWisdomClouds.reanim.compiled'
INFO: 'reanim/TreeFood.reanim'
INFO: compile 3 ms:'compiled/reanim/Credits_Throat.reanim.compiled'
INFO: 'reanim/Credits_CrazyDave.reanim'
INFO: compile 1 ms:'compiled/reanim/TreeFood.reanim.compiled'
INFO: 'reanim/Credits_Main.reanim'
INFO: compile 2 ms:'compiled/reanim/Credits_WeAreTheUndead.reanim.compiled'
INFO: 'reanim/Credits_DiscoLights.reanim'
INFO: compile 0 ms:'compiled/reanim/Credits_DiscoLights.reanim.compiled'
INFO: 'reanim/Zombie_FlagPole.reanim'
INFO: compile 0 ms:'compiled/reanim/Zombie_FlagPole.reanim.compiled'
INFO: 'reanim/zombatar_zombie_head.reanim'
INFO: compile 1 ms:'compiled/reanim/Credits_CrazyDave.reanim.compiled'
INFO: 'reanim/Credits_Bossdance.reanim'
INFO: compile 2 ms:'compiled/reanim/Credits_Anyhour.reanim.compiled'
INFO: 'reanim/Credits_WeAreTheUndead.reanim'
INFO: compile 0 ms:'compiled/reanim/Credits_Bossdance.reanim.compiled'
INFO: 'reanim/Zombie_Credits_Screendoor.reanim'
INFO: compile 1 ms:'compiled/reanim/Zombie_Credits_Screendoor.reanim.compiled'
INFO: 'reanim/Zombie_Credits_Conehead.reanim'
INFO: compile 3 ms:'compiled/reanim/Credits_WeAreTheUndead.reanim.compiled'
INFO: 'reanim/Credits_DiscoLights.reanim'
INFO: compile 0 ms:'compiled/reanim/Credits_DiscoLights.reanim.compiled'
INFO: 'reanim/Zombie_FlagPole.reanim'
INFO: compile 1 ms:'compiled/reanim/Zombie_Credits_Conehead.reanim.compiled'
INFO: 'reanim/Credits_ZombieArmy1.reanim'
INFO: compile 0 ms:'compiled/reanim/Credits_ZombieArmy1.reanim.compiled'
INFO: 'reanim/Credits_ZombieArmy2.reanim'
INFO: compile 0 ms:'compiled/reanim/Credits_ZombieArmy2.reanim.compiled'
INFO: 'reanim/Credits_Tombstones.reanim'
INFO: compile 0 ms:'compiled/reanim/Credits_Tombstones.reanim.compiled'
INFO: 'reanim/Credits_SolarPower.reanim'
INFO: compile 0 ms:'compiled/reanim/Zombie_FlagPole.reanim.compiled'
INFO: 'reanim/zombatar_zombie_head.reanim'
INFO: compile 0 ms:'compiled/reanim/Credits_SolarPower.reanim.compiled'
INFO: 'reanim/Credits_Anyhour.reanim'
INFO: compile 28 ms:'compiled/reanim/Zombie_credits_dance.reanim.compiled'
INFO: 'reanim/Credits_stage.reanim'
INFO: compile 1 ms:'compiled/reanim/Credits_Anyhour.reanim.compiled'
INFO: 'reanim/Credits_WeAreTheUndead.reanim'
INFO: compile 2 ms:'compiled/reanim/Credits_stage.reanim.compiled'
INFO: 'reanim/Credits_BigBrain.reanim'
INFO: compile 0 ms:'compiled/reanim/Credits_BigBrain.reanim.compiled'
INFO: 'reanim/Credits_Flower_petals.reanim'
INFO: compile 2 ms:'compiled/reanim/Credits_WeAreTheUndead.reanim.compiled'
INFO: 'reanim/Credits_DiscoLights.reanim'
INFO: compile 0 ms:'compiled/reanim/Credits_DiscoLights.reanim.compiled'
INFO: 'reanim/Zombie_FlagPole.reanim'
INFO: compile 0 ms:'compiled/reanim/Zombie_FlagPole.reanim.compiled'
INFO: 'reanim/zombatar_zombie_head.reanim'
INFO: compile 1 ms:'compiled/reanim/Credits_Flower_petals.reanim.compiled'
INFO: 'reanim/Credits_Infantry.reanim'
INFO: compile 0 ms:'compiled/reanim/Credits_Infantry.reanim.compiled'
INFO: 'reanim/Credits_Throat.reanim'
INFO: compile 13 ms:'compiled/reanim/zombatar_zombie_head.reanim.compiled'
INFO: compile 3 ms:'compiled/reanim/Credits_Throat.reanim.compiled'
INFO: 'reanim/Credits_CrazyDave.reanim'
INFO: compile 1 ms:'compiled/reanim/Credits_CrazyDave.reanim.compiled'
INFO: 'reanim/Credits_Bossdance.reanim'
INFO: compile 0 ms:'compiled/reanim/Credits_Bossdance.reanim.compiled'
INFO: 'reanim/Zombie_Credits_Screendoor.reanim'
INFO: compile 1 ms:'compiled/reanim/Zombie_Credits_Screendoor.reanim.compiled'
INFO: 'reanim/Zombie_Credits_Conehead.reanim'
INFO: compile 1 ms:'compiled/reanim/Zombie_Credits_Conehead.reanim.compiled'
INFO: 'reanim/Credits_ZombieArmy1.reanim'
INFO: compile 0 ms:'compiled/reanim/Credits_ZombieArmy1.reanim.compiled'
INFO: 'reanim/Credits_ZombieArmy2.reanim'
INFO: compile 0 ms:'compiled/reanim/Credits_ZombieArmy2.reanim.compiled'
INFO: 'reanim/Credits_Tombstones.reanim'
INFO: compile 0 ms:'compiled/reanim/Credits_Tombstones.reanim.compiled'
INFO: 'reanim/Credits_SolarPower.reanim'
INFO: compile 0 ms:'compiled/reanim/Credits_SolarPower.reanim.compiled'
INFO: 'reanim/Credits_Anyhour.reanim'
INFO: compile 23 ms:'compiled/reanim/Credits_Main.reanim.compiled'
INFO: 'reanim/Credits_Main2.reanim'
INFO: compile 18 ms:'compiled/reanim/zombatar_zombie_head.reanim.compiled'
INFO: compile 1 ms:'compiled/reanim/Credits_Anyhour.reanim.compiled'
INFO: 'reanim/Credits_WeAreTheUndead.reanim'
INFO: compile 2 ms:'compiled/reanim/Credits_WeAreTheUndead.reanim.compiled'
INFO: 'reanim/Credits_DiscoLights.reanim'
INFO: compile 0 ms:'compiled/reanim/Credits_DiscoLights.reanim.compiled'
INFO: 'reanim/Zombie_FlagPole.reanim'
INFO: compile 16 ms:'compiled/reanim/zombatar_zombie_head.reanim.compiled'
INFO: compile 0 ms:'compiled/reanim/Zombie_FlagPole.reanim.compiled'
INFO: 'reanim/zombatar_zombie_head.reanim'
INFO: compile 15 ms:'compiled/reanim/Credits_Main2.reanim.compiled'
INFO: 'reanim/Credits_Main3.reanim'
INFO: compile 16 ms:'compiled/reanim/zombatar_zombie_head.reanim.compiled'
INFO: compile 18 ms:'compiled/reanim/Credits_Main3.reanim.compiled'
INFO: 'reanim/Zombie_credits_dance.reanim'
INFO: compile 34 ms:'compiled/reanim/Zombie_credits_dance.reanim.compiled'
INFO: 'reanim/Credits_stage.reanim'
INFO: compile 2 ms:'compiled/reanim/Credits_stage.reanim.compiled'
INFO: 'reanim/Credits_BigBrain.reanim'
INFO: compile 0 ms:'compiled/reanim/Credits_BigBrain.reanim.compiled'
INFO: 'reanim/Credits_Flower_petals.reanim'
INFO: compile 1 ms:'compiled/reanim/Credits_Flower_petals.reanim.compiled'
INFO: 'reanim/Credits_Infantry.reanim'
INFO: compile 0 ms:'compiled/reanim/Credits_Infantry.reanim.compiled'
INFO: 'reanim/Credits_Throat.reanim'
INFO: compile 4 ms:'compiled/reanim/Credits_Throat.reanim.compiled'
INFO: 'reanim/Credits_CrazyDave.reanim'
INFO: compile 1 ms:'compiled/reanim/Credits_CrazyDave.reanim.compiled'
INFO: 'reanim/Credits_Bossdance.reanim'
INFO: compile 0 ms:'compiled/reanim/Credits_Bossdance.reanim.compiled'
INFO: 'reanim/Zombie_Credits_Screendoor.reanim'
INFO: compile 1 ms:'compiled/reanim/Zombie_Credits_Screendoor.reanim.compiled'
INFO: 'reanim/Zombie_Credits_Conehead.reanim'
INFO: compile 1 ms:'compiled/reanim/Zombie_Credits_Conehead.reanim.compiled'
INFO: 'reanim/Credits_ZombieArmy1.reanim'
INFO: compile 0 ms:'compiled/reanim/Credits_ZombieArmy1.reanim.compiled'
INFO: 'reanim/Credits_ZombieArmy2.reanim'
INFO: compile 0 ms:'compiled/reanim/Credits_ZombieArmy2.reanim.compiled'
INFO: 'reanim/Credits_Tombstones.reanim'
INFO: compile 0 ms:'compiled/reanim/Credits_Tombstones.reanim.compiled'
INFO: 'reanim/Credits_SolarPower.reanim'
INFO: compile 0 ms:'compiled/reanim/Credits_SolarPower.reanim.compiled'
INFO: 'reanim/Credits_Anyhour.reanim'
INFO: compile 1 ms:'compiled/reanim/Credits_Anyhour.reanim.compiled'
INFO: 'reanim/Credits_WeAreTheUndead.reanim'
INFO: compile 2 ms:'compiled/reanim/Credits_WeAreTheUndead.reanim.compiled'
INFO: 'reanim/Credits_DiscoLights.reanim'
INFO: compile 0 ms:'compiled/reanim/Credits_DiscoLights.reanim.compiled'
INFO: 'reanim/Zombie_FlagPole.reanim'
INFO: compile 0 ms:'compiled/reanim/Zombie_FlagPole.reanim.compiled'
INFO: 'reanim/zombatar_zombie_head.reanim'
INFO: loading 'resources' 172 ms
INFO: loading 'stuff' 0 ms
INFO: compile 0 ms:'compiled/particles/IceTrail.trail.compiled'
INFO: loading 'trail' 0 ms
INFO: compile 0 ms:'compiled/particles/MelonImpact.xml.compiled'
INFO: compile 0 ms:'compiled/particles/WinterMelonImpact.xml.compiled'
INFO: compile 0 ms:'compiled/particles/FumeCloud.xml.compiled'
INFO: compile 0 ms:'compiled/particles/PopcornSplash.xml.compiled'
INFO: compile 0 ms:'compiled/particles/Powie.xml.compiled'
INFO: compile 1 ms:'compiled/particles/JackExplode.xml.compiled'
INFO: compile 0 ms:'compiled/particles/ZombieHead.xml.compiled'
INFO: compile 0 ms:'compiled/particles/ZombieArm.xml.compiled'
INFO: compile 0 ms:'compiled/particles/ZombieTrafficCone.xml.compiled'
INFO: compile 0 ms:'compiled/particles/ZombiePail.xml.compiled'
INFO: compile 0 ms:'compiled/particles/ZombieHelmet.xml.compiled'
INFO: compile 0 ms:'compiled/particles/ZombieFlag.xml.compiled'
INFO: compile 0 ms:'compiled/particles/ZombieDoor.xml.compiled'
INFO: compile 0 ms:'compiled/particles/ZombieNewspaper.xml.compiled'
INFO: compile 0 ms:'compiled/particles/ZombieHeadLight.xml.compiled'
INFO: compile 0 ms:'compiled/particles/Pow.xml.compiled'
INFO: compile 0 ms:'compiled/particles/ZombiePogo.xml.compiled'
INFO: compile 0 ms:'compiled/particles/ZombieNewspaperHead.xml.compiled'
INFO: compile 0 ms:'compiled/particles/ZombieBalloonHead.xml.compiled'
INFO: compile 0 ms:'compiled/particles/SodRoll.xml.compiled'
INFO: compile 0 ms:'compiled/particles/GraveStoneRise.xml.compiled'
INFO: compile 0 ms:'compiled/particles/Planting.xml.compiled'
INFO: compile 0 ms:'compiled/particles/PlantingPool.xml.compiled'
INFO: compile 0 ms:'compiled/particles/ZombieRise.xml.compiled'
INFO: compile 0 ms:'compiled/particles/GraveBuster.xml.compiled'
INFO: compile 0 ms:'compiled/particles/GraveBusterDie.xml.compiled'
INFO: compile 0 ms:'compiled/particles/PoolSplash.xml.compiled'
INFO: compile 0 ms:'compiled/particles/IceSparkle.xml.compiled'
INFO: compile 0 ms:'compiled/particles/SeedPacket.xml.compiled'
INFO: compile 0 ms:'compiled/particles/TallNutBlock.xml.compiled'
INFO: compile 2 ms:'compiled/particles/Doom.xml.compiled'
INFO: compile 0 ms:'compiled/particles/DiggerRise.xml.compiled'
INFO: compile 0 ms:'compiled/particles/DiggerTunnel.xml.compiled'
INFO: compile 0 ms:'compiled/particles/DancerRise.xml.compiled'
INFO: compile 0 ms:'compiled/particles/PoolSparkly.xml.compiled'
INFO: compile 0 ms:'compiled/particles/WallnutEatSmall.xml.compiled'
INFO: compile 0 ms:'compiled/particles/WallnutEatLarge.xml.compiled'
INFO: compile 0 ms:'compiled/particles/PeaSplat.xml.compiled'
INFO: compile 0 ms:'compiled/particles/ButterSplat.xml.compiled'
INFO: compile 0 ms:'compiled/particles/CabbageSplat.xml.compiled'
INFO: compile 0 ms:'compiled/particles/PuffSplat.xml.compiled'
INFO: compile 0 ms:'compiled/particles/StarSplat.xml.compiled'
INFO: compile 0 ms:'compiled/particles/IceTrap.xml.compiled'
INFO: compile 0 ms:'compiled/particles/SnowPeaSplat.xml.compiled'
INFO: compile 0 ms:'compiled/particles/SnowPeaPuff.xml.compiled'
INFO: compile 0 ms:'compiled/particles/SnowPeaTrail.xml.compiled'
INFO: compile 15 ms:'compiled/reanim/zombatar_zombie_head.reanim.compiled'
INFO: compile 0 ms:'compiled/particles/LanternShine.xml.compiled'
INFO: compile 1 ms:'compiled/particles/Award.xml.compiled'
INFO: compile 0 ms:'compiled/particles/PotatoMine.xml.compiled'
INFO: compile 0 ms:'compiled/particles/PotatoMineRise.xml.compiled'
INFO: compile 0 ms:'compiled/particles/PuffShroomTrail.xml.compiled'
INFO: compile 0 ms:'compiled/particles/PuffShroomMuzzle.xml.compiled'
INFO: compile 0 ms:'compiled/particles/SeedPacketFlash.xml.compiled'
INFO: compile 0 ms:'compiled/particles/WhackAZombieRise.xml.compiled'
INFO: compile 0 ms:'compiled/particles/ZombieLadder.xml.compiled'
INFO: compile 0 ms:'compiled/particles/UmbrellaReflect.xml.compiled'
INFO: compile 0 ms:'compiled/particles/SeedPacketPick.xml.compiled'
INFO: compile 0 ms:'compiled/particles/IceTrapZombie.xml.compiled'
INFO: compile 0 ms:'compiled/particles/IceTrapRelease.xml.compiled'
INFO: compile 0 ms:'compiled/particles/ZamboniSmoke.xml.compiled'
INFO: compile 0 ms:'compiled/particles/GloomCloud.xml.compiled'
INFO: compile 0 ms:'compiled/particles/ZombiePogoHead.xml.compiled'
INFO: compile 0 ms:'compiled/particles/ZamboniTire.xml.compiled'
INFO: compile 0 ms:'compiled/particles/ZamboniExplosion.xml.compiled'
INFO: compile 0 ms:'compiled/particles/ZamboniExplosion2.xml.compiled'
INFO: compile 0 ms:'compiled/particles/CatapultExplosion.xml.compiled'
INFO: compile 0 ms:'compiled/particles/MowerCloud.xml.compiled'
INFO: compile 0 ms:'compiled/particles/BossIceBallTrail.xml.compiled'
INFO: compile 1 ms:'compiled/particles/BlastMark.xml.compiled'
INFO: compile 0 ms:'compiled/particles/CoinPickupArrow.xml.compiled'
INFO: compile 0 ms:'compiled/particles/PresentPickup.xml.compiled'
INFO: compile 0 ms:'compiled/particles/ImitaterMorph.xml.compiled'
INFO: compile 0 ms:'compiled/particles/MoweredZombieHead.xml.compiled'
INFO: compile 0 ms:'compiled/particles/MoweredZombieArm.xml.compiled'
INFO: compile 0 ms:'compiled/particles/ZombieHeadPool.xml.compiled'
INFO: compile 0 ms:'compiled/particles/Zombie_boss_fireball.xml.compiled'
INFO: compile 0 ms:'compiled/particles/FireballDeath.xml.compiled'
INFO: compile 0 ms:'compiled/particles/IceballDeath.xml.compiled'
INFO: compile 0 ms:'compiled/particles/Iceball_Trail.xml.compiled'
INFO: compile 0 ms:'compiled/particles/Fireball_Trail.xml.compiled'
INFO: compile 1 ms:'compiled/particles/BossExplosion.xml.compiled'
INFO: compile 0 ms:'compiled/particles/ScreenFlash.xml.compiled'
INFO: compile 0 ms:'compiled/particles/TrophySparkle.xml.compiled'
INFO: compile 0 ms:'compiled/particles/PortalCircle.xml.compiled'
INFO: compile 0 ms:'compiled/particles/PortalSquare.xml.compiled'
INFO: compile 0 ms:'compiled/particles/PottedPlantGlow.xml.compiled'
INFO: compile 0 ms:'compiled/particles/PottedWaterPlantGlow.xml.compiled'
INFO: compile 0 ms:'compiled/particles/PottedZenGlow.xml.compiled'
INFO: compile 0 ms:'compiled/particles/MindControl.xml.compiled'
INFO: compile 0 ms:'compiled/particles/VaseShatter.xml.compiled'
INFO: compile 0 ms:'compiled/particles/VaseShatterLeaf.xml.compiled'
INFO: compile 0 ms:'compiled/particles/VaseShatterZombie.xml.compiled'
INFO: compile 0 ms:'compiled/particles/AwardPickupArrow.xml.compiled'
INFO: compile 0 ms:'compiled/particles/Zombie_seaweed.xml.compiled'
INFO: compile 0 ms:'compiled/particles/ZombieMustache.xml.compiled'
INFO: compile 0 ms:'compiled/particles/ZombieFutureGlasses.xml.compiled'
INFO: compile 0 ms:'compiled/particles/Pinata.xml.compiled'
INFO: compile 0 ms:'compiled/particles/Dust_Squash.xml.compiled'
INFO: compile 0 ms:'compiled/particles/Dust_Foot.xml.compiled'
INFO: compile 0 ms:'compiled/particles/Daisy.xml.compiled'
INFO: compile 0 ms:'compiled/particles/Credits_Strobe.xml.compiled'
INFO: compile 0 ms:'compiled/particles/Credits_RaysWipe.xml.compiled'
INFO: compile 0 ms:'compiled/particles/Credits_ZombieHeadWipe.xml.compiled'
INFO: compile 0 ms:'compiled/particles/Starburst.xml.compiled'
INFO: loading 'resources' 165 ms
INFO: loading 'stuff' 0 ms
INFO: compile 0 ms:'compiled/particles/IceTrail.trail.compiled'
INFO: loading 'trail' 0 ms
INFO: compile 0 ms:'compiled/particles/MelonImpact.xml.compiled'
INFO: compile 0 ms:'compiled/particles/WinterMelonImpact.xml.compiled'
INFO: compile 0 ms:'compiled/particles/FumeCloud.xml.compiled'
INFO: compile 0 ms:'compiled/particles/PopcornSplash.xml.compiled'
INFO: compile 0 ms:'compiled/particles/Powie.xml.compiled'
INFO: compile 0 ms:'compiled/particles/JackExplode.xml.compiled'
INFO: compile 2 ms:'compiled/particles/Credits_fog.xml.compiled'
INFO: compile 0 ms:'compiled/particles/UpsellArrow.xml.compiled'
INFO: compile 0 ms:'compiled/particles/ZombieHead.xml.compiled'
INFO: compile 0 ms:'compiled/particles/ZombieArm.xml.compiled'
INFO: compile 0 ms:'compiled/particles/ZombieTrafficCone.xml.compiled'
INFO: compile 0 ms:'compiled/particles/ZombiePail.xml.compiled'
INFO: compile 0 ms:'compiled/particles/ZombieHelmet.xml.compiled'
INFO: compile 0 ms:'compiled/particles/ZombieFlag.xml.compiled'
INFO: compile 0 ms:'compiled/particles/ZombieDoor.xml.compiled'
INFO: compile 0 ms:'compiled/particles/ZombieNewspaper.xml.compiled'
INFO: compile 0 ms:'compiled/particles/ZombieHeadLight.xml.compiled'
INFO: compile 0 ms:'compiled/particles/Pow.xml.compiled'
INFO: compile 0 ms:'compiled/particles/ZombiePogo.xml.compiled'
INFO: compile 0 ms:'compiled/particles/ZombieNewspaperHead.xml.compiled'
INFO: compile 0 ms:'compiled/particles/ZombieBalloonHead.xml.compiled'
INFO: compile 0 ms:'compiled/particles/SodRoll.xml.compiled'
INFO: compile 0 ms:'compiled/particles/GraveStoneRise.xml.compiled'
INFO: compile 0 ms:'compiled/particles/Planting.xml.compiled'
INFO: preloading: 1 ms
INFO: compile 0 ms:'compiled/particles/PlantingPool.xml.compiled'
INFO: compile 0 ms:'compiled/particles/ZombieRise.xml.compiled'
INFO: compile 0 ms:'compiled/particles/GraveBuster.xml.compiled'
INFO: compile 0 ms:'compiled/particles/GraveBusterDie.xml.compiled'
INFO: compile 0 ms:'compiled/particles/PoolSplash.xml.compiled'
INFO: compile 0 ms:'compiled/particles/IceSparkle.xml.compiled'
INFO: compile 0 ms:'compiled/particles/SeedPacket.xml.compiled'
INFO: compile 0 ms:'compiled/particles/TallNutBlock.xml.compiled'
INFO: compile 1 ms:'compiled/particles/Doom.xml.compiled'
INFO: compile 0 ms:'compiled/particles/DiggerRise.xml.compiled'
INFO: compile 0 ms:'compiled/particles/DiggerTunnel.xml.compiled'
INFO: compile 0 ms:'compiled/particles/DancerRise.xml.compiled'
INFO: compile 0 ms:'compiled/particles/PoolSparkly.xml.compiled'
INFO: compile 0 ms:'compiled/particles/WallnutEatSmall.xml.compiled'
INFO: compile 0 ms:'compiled/particles/WallnutEatLarge.xml.compiled'
INFO: compile 0 ms:'compiled/particles/PeaSplat.xml.compiled'
INFO: compile 0 ms:'compiled/particles/ButterSplat.xml.compiled'
INFO: compile 0 ms:'compiled/particles/CabbageSplat.xml.compiled'
INFO: compile 0 ms:'compiled/particles/PuffSplat.xml.compiled'
INFO: compile 0 ms:'compiled/particles/StarSplat.xml.compiled'
INFO: compile 0 ms:'compiled/particles/IceTrap.xml.compiled'
INFO: compile 0 ms:'compiled/particles/SnowPeaSplat.xml.compiled'
INFO: compile 0 ms:'compiled/particles/SnowPeaPuff.xml.compiled'
INFO: compile 0 ms:'compiled/particles/SnowPeaTrail.xml.compiled'
INFO: compile 0 ms:'compiled/particles/LanternShine.xml.compiled'
INFO: loading 'resources' 161 ms
INFO: loading 'stuff' 0 ms
INFO: compile 0 ms:'compiled/particles/IceTrail.trail.compiled'
INFO: loading 'trail' 0 ms
INFO: compile 0 ms:'compiled/particles/Award.xml.compiled'
INFO: compile 0 ms:'compiled/particles/MelonImpact.xml.compiled'
INFO: compile 0 ms:'compiled/particles/WinterMelonImpact.xml.compiled'
INFO: compile 0 ms:'compiled/particles/FumeCloud.xml.compiled'
INFO: compile 0 ms:'compiled/particles/PopcornSplash.xml.compiled'
INFO: compile 0 ms:'compiled/particles/PotatoMine.xml.compiled'
INFO: compile 0 ms:'compiled/particles/PotatoMineRise.xml.compiled'
INFO: compile 0 ms:'compiled/particles/PuffShroomTrail.xml.compiled'
INFO: compile 0 ms:'compiled/particles/PuffShroomMuzzle.xml.compiled'
INFO: compile 0 ms:'compiled/particles/Powie.xml.compiled'
INFO: compile 0 ms:'compiled/particles/SeedPacketFlash.xml.compiled'
INFO: compile 0 ms:'compiled/particles/WhackAZombieRise.xml.compiled'
INFO: compile 0 ms:'compiled/particles/ZombieLadder.xml.compiled'
INFO: compile 0 ms:'compiled/particles/UmbrellaReflect.xml.compiled'
INFO: compile 0 ms:'compiled/particles/SeedPacketPick.xml.compiled'
INFO: compile 0 ms:'compiled/particles/IceTrapZombie.xml.compiled'
INFO: compile 0 ms:'compiled/particles/IceTrapRelease.xml.compiled'
INFO: compile 0 ms:'compiled/particles/JackExplode.xml.compiled'
INFO: compile 0 ms:'compiled/particles/ZamboniSmoke.xml.compiled'
INFO: compile 0 ms:'compiled/particles/ZombieHead.xml.compiled'
INFO: compile 0 ms:'compiled/particles/GloomCloud.xml.compiled'
INFO: compile 0 ms:'compiled/particles/ZombieArm.xml.compiled'
INFO: compile 0 ms:'compiled/particles/ZombieTrafficCone.xml.compiled'
INFO: compile 0 ms:'compiled/particles/ZombiePogoHead.xml.compiled'
INFO: compile 0 ms:'compiled/particles/ZombiePail.xml.compiled'
INFO: compile 0 ms:'compiled/particles/ZombieHelmet.xml.compiled'
INFO: loading 'resources' 144 ms
INFO: compile 0 ms:'compiled/particles/ZamboniTire.xml.compiled'
INFO: loading 'stuff' 0 ms
INFO: compile 0 ms:'compiled/particles/ZombieFlag.xml.compiled'
INFO: compile 0 ms:'compiled/particles/IceTrail.trail.compiled'
INFO: loading 'trail' 0 ms
INFO: compile 0 ms:'compiled/particles/ZombieDoor.xml.compiled'
INFO: compile 0 ms:'compiled/particles/MelonImpact.xml.compiled'
INFO: compile 0 ms:'compiled/particles/ZombieNewspaper.xml.compiled'
INFO: compile 0 ms:'compiled/particles/ZombieHeadLight.xml.compiled'
INFO: compile 0 ms:'compiled/particles/ZamboniExplosion.xml.compiled'
INFO: compile 0 ms:'compiled/particles/WinterMelonImpact.xml.compiled'
INFO: compile 0 ms:'compiled/particles/FumeCloud.xml.compiled'
INFO: compile 0 ms:'compiled/particles/Pow.xml.compiled'
INFO: compile 0 ms:'compiled/particles/PopcornSplash.xml.compiled'
INFO: compile 0 ms:'compiled/particles/ZamboniExplosion2.xml.compiled'
INFO: compile 0 ms:'compiled/particles/ZombiePogo.xml.compiled'
INFO: compile 0 ms:'compiled/particles/ZombieNewspaperHead.xml.compiled'
INFO: compile 0 ms:'compiled/particles/CatapultExplosion.xml.compiled'
INFO: compile 0 ms:'compiled/particles/Powie.xml.compiled'
INFO: compile 0 ms:'compiled/particles/MowerCloud.xml.compiled'
INFO: compile 0 ms:'compiled/particles/ZombieBalloonHead.xml.compiled'
INFO: compile 0 ms:'compiled/particles/SodRoll.xml.compiled'
INFO: compile 0 ms:'compiled/particles/BossIceBallTrail.xml.compiled'
INFO: compile 0 ms:'compiled/particles/GraveStoneRise.xml.compiled'
INFO: compile 0 ms:'compiled/particles/Planting.xml.compiled'
INFO: compile 0 ms:'compiled/particles/PlantingPool.xml.compiled'
INFO: compile 0 ms:'compiled/particles/JackExplode.xml.compiled'
INFO: compile 0 ms:'compiled/particles/ZombieRise.xml.compiled'
INFO: compile 0 ms:'compiled/particles/ZombieHead.xml.compiled'
INFO: compile 0 ms:'compiled/particles/GraveBuster.xml.compiled'
INFO: compile 0 ms:'compiled/particles/BlastMark.xml.compiled'
INFO: compile 0 ms:'compiled/particles/CoinPickupArrow.xml.compiled'
INFO: compile 0 ms:'compiled/particles/GraveBusterDie.xml.compiled'
INFO: compile 0 ms:'compiled/particles/ZombieArm.xml.compiled'
INFO: compile 0 ms:'compiled/particles/ZombieTrafficCone.xml.compiled'
INFO: compile 0 ms:'compiled/particles/ZombiePail.xml.compiled'
INFO: compile 0 ms:'compiled/particles/PoolSplash.xml.compiled'
INFO: compile 0 ms:'compiled/particles/PresentPickup.xml.compiled'
INFO: compile 0 ms:'compiled/particles/ZombieHelmet.xml.compiled'
INFO: compile 0 ms:'compiled/particles/IceSparkle.xml.compiled'
INFO: compile 0 ms:'compiled/particles/ZombieFlag.xml.compiled'
INFO: compile 0 ms:'compiled/particles/ImitaterMorph.xml.compiled'
INFO: compile 0 ms:'compiled/particles/ZombieDoor.xml.compiled'
INFO: compile 0 ms:'compiled/particles/ZombieNewspaper.xml.compiled'
INFO: compile 0 ms:'compiled/particles/MoweredZombieHead.xml.compiled'
INFO: compile 0 ms:'compiled/particles/ZombieHeadLight.xml.compiled'
INFO: compile 0 ms:'compiled/particles/MoweredZombieArm.xml.compiled'
INFO: compile 0 ms:'compiled/particles/ZombieHeadPool.xml.compiled'
INFO: compile 0 ms:'compiled/particles/SeedPacket.xml.compiled'
INFO: compile 0 ms:'compiled/particles/Pow.xml.compiled'
INFO: compile 0 ms:'compiled/particles/Zombie_boss_fireball.xml.compiled'
INFO: compile 0 ms:'compiled/particles/ZombiePogo.xml.compiled'
INFO: compile 0 ms:'compiled/particles/FireballDeath.xml.compiled'
INFO: compile 0 ms:'compiled/particles/TallNutBlock.xml.compiled'
INFO: compile 0 ms:'compiled/particles/ZombieNewspaperHead.xml.compiled'
INFO: compile 0 ms:'compiled/particles/IceballDeath.xml.compiled'
INFO: compile 0 ms:'compiled/particles/Iceball_Trail.xml.compiled'
INFO: compile 0 ms:'compiled/particles/ZombieBalloonHead.xml.compiled'
INFO: compile 0 ms:'compiled/particles/SodRoll.xml.compiled'
INFO: compile 0 ms:'compiled/particles/GraveStoneRise.xml.compiled'
INFO: compile 0 ms:'compiled/particles/Planting.xml.compiled'
INFO: compile 0 ms:'compiled/particles/Fireball_Trail.xml.compiled'
INFO: compile 0 ms:'compiled/particles/PlantingPool.xml.compiled'
INFO: compile 0 ms:'compiled/particles/ZombieRise.xml.compiled'
INFO: compile 0 ms:'compiled/particles/GraveBuster.xml.compiled'
INFO: compile 0 ms:'compiled/particles/GraveBusterDie.xml.compiled'
INFO: compile 0 ms:'compiled/particles/PoolSplash.xml.compiled'
INFO: compile 0 ms:'compiled/particles/IceSparkle.xml.compiled'
INFO: compile 1 ms:'compiled/particles/BossExplosion.xml.compiled'
INFO: compile 0 ms:'compiled/particles/SeedPacket.xml.compiled'
INFO: compile 0 ms:'compiled/particles/ScreenFlash.xml.compiled'
INFO: compile 0 ms:'compiled/particles/TrophySparkle.xml.compiled'
INFO: compile 0 ms:'compiled/particles/TallNutBlock.xml.compiled'
INFO: compile 0 ms:'compiled/particles/PortalCircle.xml.compiled'
INFO: compile 0 ms:'compiled/particles/PortalSquare.xml.compiled'
INFO: compile 2 ms:'compiled/particles/Doom.xml.compiled'
INFO: compile 0 ms:'compiled/particles/PottedPlantGlow.xml.compiled'
INFO: compile 0 ms:'compiled/particles/DiggerRise.xml.compiled'
INFO: compile 0 ms:'compiled/particles/DiggerTunnel.xml.compiled'
INFO: compile 0 ms:'compiled/particles/PottedWaterPlantGlow.xml.compiled'
INFO: compile 0 ms:'compiled/particles/DancerRise.xml.compiled'
INFO: compile 0 ms:'compiled/particles/PottedZenGlow.xml.compiled'
INFO: compile 0 ms:'compiled/particles/PoolSparkly.xml.compiled'
INFO: compile 0 ms:'compiled/particles/MindControl.xml.compiled'
INFO: compile 0 ms:'compiled/particles/VaseShatter.xml.compiled'
INFO: compile 0 ms:'compiled/particles/WallnutEatSmall.xml.compiled'
INFO: compile 0 ms:'compiled/particles/VaseShatterLeaf.xml.compiled'
INFO: compile 0 ms:'compiled/particles/WallnutEatLarge.xml.compiled'
INFO: compile 1 ms:'compiled/particles/Doom.xml.compiled'
INFO: compile 0 ms:'compiled/particles/VaseShatterZombie.xml.compiled'
INFO: compile 0 ms:'compiled/particles/DiggerRise.xml.compiled'
INFO: compile 0 ms:'compiled/particles/AwardPickupArrow.xml.compiled'
INFO: compile 0 ms:'compiled/particles/PeaSplat.xml.compiled'
INFO: compile 0 ms:'compiled/particles/DiggerTunnel.xml.compiled'
INFO: compile 0 ms:'compiled/particles/Zombie_seaweed.xml.compiled'
INFO: compile 0 ms:'compiled/particles/DancerRise.xml.compiled'
INFO: compile 0 ms:'compiled/particles/ZombieMustache.xml.compiled'
INFO: compile 0 ms:'compiled/particles/ButterSplat.xml.compiled'
INFO: compile 0 ms:'compiled/particles/PoolSparkly.xml.compiled'
INFO: compile 0 ms:'compiled/particles/ZombieFutureGlasses.xml.compiled'
INFO: compile 0 ms:'compiled/particles/CabbageSplat.xml.compiled'
INFO: compile 0 ms:'compiled/particles/Pinata.xml.compiled'
INFO: compile 0 ms:'compiled/particles/WallnutEatSmall.xml.compiled'
INFO: compile 0 ms:'compiled/particles/Dust_Squash.xml.compiled'
INFO: compile 0 ms:'compiled/particles/Dust_Foot.xml.compiled'
INFO: compile 0 ms:'compiled/particles/WallnutEatLarge.xml.compiled'
INFO: compile 0 ms:'compiled/particles/PuffSplat.xml.compiled'
INFO: compile 0 ms:'compiled/particles/PeaSplat.xml.compiled'
INFO: compile 0 ms:'compiled/particles/Daisy.xml.compiled'
INFO: compile 0 ms:'compiled/particles/ButterSplat.xml.compiled'
INFO: compile 0 ms:'compiled/particles/Credits_Strobe.xml.compiled'
INFO: compile 0 ms:'compiled/particles/CabbageSplat.xml.compiled'
INFO: compile 0 ms:'compiled/particles/StarSplat.xml.compiled'
INFO: compile 0 ms:'compiled/particles/PuffSplat.xml.compiled'
INFO: compile 0 ms:'compiled/particles/Credits_RaysWipe.xml.compiled'
INFO: compile 0 ms:'compiled/particles/StarSplat.xml.compiled'
INFO: compile 0 ms:'compiled/particles/IceTrap.xml.compiled'
INFO: compile 0 ms:'compiled/particles/Credits_ZombieHeadWipe.xml.compiled'
INFO: compile 0 ms:'compiled/particles/IceTrap.xml.compiled'
INFO: compile 0 ms:'compiled/particles/SnowPeaSplat.xml.compiled'
INFO: compile 0 ms:'compiled/particles/Starburst.xml.compiled'
INFO: compile 0 ms:'compiled/particles/SnowPeaSplat.xml.compiled'
INFO: compile 0 ms:'compiled/particles/SnowPeaPuff.xml.compiled'
INFO: compile 0 ms:'compiled/particles/SnowPeaTrail.xml.compiled'
INFO: compile 0 ms:'compiled/particles/SnowPeaPuff.xml.compiled'
INFO: compile 0 ms:'compiled/particles/SnowPeaTrail.xml.compiled'
INFO: compile 0 ms:'compiled/particles/LanternShine.xml.compiled'
INFO: compile 0 ms:'compiled/particles/LanternShine.xml.compiled'
INFO: compile 0 ms:'compiled/particles/Award.xml.compiled'
INFO: compile 0 ms:'compiled/particles/PotatoMine.xml.compiled'
INFO: compile 0 ms:'compiled/particles/PotatoMineRise.xml.compiled'
INFO: compile 0 ms:'compiled/particles/PuffShroomTrail.xml.compiled'
INFO: compile 0 ms:'compiled/particles/PuffShroomMuzzle.xml.compiled'
INFO: compile 0 ms:'compiled/particles/SeedPacketFlash.xml.compiled'
INFO: compile 2 ms:'compiled/particles/Credits_fog.xml.compiled'
INFO: compile 1 ms:'compiled/particles/Award.xml.compiled'
INFO: compile 0 ms:'compiled/particles/WhackAZombieRise.xml.compiled'
INFO: compile 0 ms:'compiled/particles/UpsellArrow.xml.compiled'
INFO: compile 0 ms:'compiled/particles/ZombieLadder.xml.compiled'
INFO: compile 0 ms:'compiled/particles/UmbrellaReflect.xml.compiled'
INFO: compile 0 ms:'compiled/particles/SeedPacketPick.xml.compiled'
INFO: compile 0 ms:'compiled/particles/IceTrapZombie.xml.compiled'
INFO: compile 0 ms:'compiled/particles/IceTrapRelease.xml.compiled'
INFO: compile 0 ms:'compiled/particles/ZamboniSmoke.xml.compiled'
INFO: compile 0 ms:'compiled/particles/GloomCloud.xml.compiled'
INFO: compile 1 ms:'compiled/particles/PotatoMine.xml.compiled'
INFO: compile 0 ms:'compiled/particles/PotatoMineRise.xml.compiled'
INFO: compile 0 ms:'compiled/particles/ZombiePogoHead.xml.compiled'
INFO: compile 0 ms:'compiled/particles/PuffShroomTrail.xml.compiled'
INFO: compile 0 ms:'compiled/particles/PuffShroomMuzzle.xml.compiled'
INFO: compile 0 ms:'compiled/particles/ZamboniTire.xml.compiled'
INFO: compile 0 ms:'compiled/particles/SeedPacketFlash.xml.compiled'
INFO: compile 0 ms:'compiled/particles/WhackAZombieRise.xml.compiled'
INFO: compile 0 ms:'compiled/particles/ZombieLadder.xml.compiled'
INFO: compile 0 ms:'compiled/particles/UmbrellaReflect.xml.compiled'
INFO: compile 0 ms:'compiled/particles/ZamboniExplosion.xml.compiled'
INFO: compile 0 ms:'compiled/particles/SeedPacketPick.xml.compiled'
INFO: compile 0 ms:'compiled/particles/IceTrapZombie.xml.compiled'
INFO: compile 0 ms:'compiled/particles/IceTrapRelease.xml.compiled'
INFO: compile 0 ms:'compiled/particles/ZamboniSmoke.xml.compiled'
INFO: compile 0 ms:'compiled/particles/ZamboniExplosion2.xml.compiled'
INFO: preloading: 1 ms
INFO: compile 0 ms:'compiled/particles/GloomCloud.xml.compiled'
INFO: compile 0 ms:'compiled/particles/CatapultExplosion.xml.compiled'
INFO: compile 0 ms:'compiled/particles/MowerCloud.xml.compiled'
INFO: compile 0 ms:'compiled/particles/ZombiePogoHead.xml.compiled'
INFO: compile 0 ms:'compiled/particles/BossIceBallTrail.xml.compiled'
INFO: compile 0 ms:'compiled/particles/ZamboniTire.xml.compiled'
INFO: compile 0 ms:'compiled/particles/ZamboniExplosion.xml.compiled'
INFO: compile 0 ms:'compiled/particles/BlastMark.xml.compiled'
INFO: compile 0 ms:'compiled/particles/CoinPickupArrow.xml.compiled'
INFO: compile 0 ms:'compiled/particles/ZamboniExplosion2.xml.compiled'
INFO: compile 0 ms:'compiled/particles/CatapultExplosion.xml.compiled'
INFO: compile 0 ms:'compiled/particles/PresentPickup.xml.compiled'
INFO: compile 0 ms:'compiled/particles/MowerCloud.xml.compiled'
INFO: compile 0 ms:'compiled/particles/ImitaterMorph.xml.compiled'
INFO: compile 0 ms:'compiled/particles/BossIceBallTrail.xml.compiled'
INFO: compile 0 ms:'compiled/particles/MoweredZombieHead.xml.compiled'
INFO: compile 0 ms:'compiled/particles/MoweredZombieArm.xml.compiled'
INFO: compile 0 ms:'compiled/particles/ZombieHeadPool.xml.compiled'
INFO: compile 0 ms:'compiled/particles/Zombie_boss_fireball.xml.compiled'
INFO: compile 0 ms:'compiled/particles/FireballDeath.xml.compiled'
INFO: compile 0 ms:'compiled/particles/BlastMark.xml.compiled'
INFO: loading 'resources' 151 ms
INFO: compile 0 ms:'compiled/particles/IceballDeath.xml.compiled'
INFO: compile 0 ms:'compiled/particles/CoinPickupArrow.xml.compiled'
INFO: loading 'stuff' 0 ms
INFO: compile 0 ms:'compiled/particles/Iceball_Trail.xml.compiled'
INFO: compile 0 ms:'compiled/particles/IceTrail.trail.compiled'
INFO: loading 'trail' 0 ms
INFO: compile 0 ms:'compiled/particles/MelonImpact.xml.compiled'
INFO: compile 0 ms:'compiled/particles/Fireball_Trail.xml.compiled'
INFO: compile 0 ms:'compiled/particles/PresentPickup.xml.compiled'
INFO: compile 0 ms:'compiled/particles/WinterMelonImpact.xml.compiled'
INFO: compile 0 ms:'compiled/particles/ImitaterMorph.xml.compiled'
INFO: compile 0 ms:'compiled/particles/FumeCloud.xml.compiled'
INFO: compile 0 ms:'compiled/particles/PopcornSplash.xml.compiled'
INFO: compile 0 ms:'compiled/particles/MoweredZombieHead.xml.compiled'
INFO: compile 0 ms:'compiled/particles/MoweredZombieArm.xml.compiled'
INFO: compile 0 ms:'compiled/particles/ZombieHeadPool.xml.compiled'
INFO: compile 0 ms:'compiled/particles/Powie.xml.compiled'
INFO: compile 0 ms:'compiled/particles/Zombie_boss_fireball.xml.compiled'
INFO: compile 0 ms:'compiled/particles/FireballDeath.xml.compiled'
INFO: compile 1 ms:'compiled/particles/BossExplosion.xml.compiled'
INFO: compile 0 ms:'compiled/particles/IceballDeath.xml.compiled'
INFO: compile 0 ms:'compiled/particles/ScreenFlash.xml.compiled'
INFO: compile 0 ms:'compiled/particles/Iceball_Trail.xml.compiled'
INFO: compile 0 ms:'compiled/particles/TrophySparkle.xml.compiled'
INFO: compile 0 ms:'compiled/particles/JackExplode.xml.compiled'
INFO: compile 0 ms:'compiled/particles/PortalCircle.xml.compiled'
INFO: compile 0 ms:'compiled/particles/Fireball_Trail.xml.compiled'
INFO: compile 0 ms:'compiled/particles/PortalSquare.xml.compiled'
INFO: compile 0 ms:'compiled/particles/ZombieHead.xml.compiled'
INFO: loading 'resources' 151 ms
INFO: loading 'stuff' 0 ms
INFO: compile 0 ms:'compiled/particles/ZombieArm.xml.compiled'
INFO: compile 0 ms:'compiled/particles/PottedPlantGlow.xml.compiled'
INFO: compile 0 ms:'compiled/particles/IceTrail.trail.compiled'
INFO: loading 'trail' 0 ms
INFO: compile 0 ms:'compiled/particles/ZombieTrafficCone.xml.compiled'
INFO: compile 0 ms:'compiled/particles/ZombiePail.xml.compiled'
INFO: compile 0 ms:'compiled/particles/MelonImpact.xml.compiled'
INFO: compile 0 ms:'compiled/particles/ZombieHelmet.xml.compiled'
INFO: compile 0 ms:'compiled/particles/ZombieFlag.xml.compiled'
INFO: compile 0 ms:'compiled/particles/PottedWaterPlantGlow.xml.compiled'
INFO: compile 0 ms:'compiled/particles/PottedZenGlow.xml.compiled'
INFO: compile 0 ms:'compiled/particles/ZombieDoor.xml.compiled'
INFO: compile 0 ms:'compiled/particles/WinterMelonImpact.xml.compiled'
INFO: compile 0 ms:'compiled/particles/ZombieNewspaper.xml.compiled'
INFO: compile 0 ms:'compiled/particles/MindControl.xml.compiled'
INFO: compile 0 ms:'compiled/particles/FumeCloud.xml.compiled'
INFO: compile 1 ms:'compiled/particles/BossExplosion.xml.compiled'
INFO: compile 0 ms:'compiled/particles/PopcornSplash.xml.compiled'
INFO: compile 0 ms:'compiled/particles/ZombieHeadLight.xml.compiled'
INFO: compile 0 ms:'compiled/particles/VaseShatter.xml.compiled'
INFO: compile 0 ms:'compiled/particles/ScreenFlash.xml.compiled'
INFO: compile 0 ms:'compiled/particles/TrophySparkle.xml.compiled'
INFO: compile 0 ms:'compiled/particles/VaseShatterLeaf.xml.compiled'
INFO: compile 0 ms:'compiled/particles/Pow.xml.compiled'
INFO: compile 0 ms:'compiled/particles/VaseShatterZombie.xml.compiled'
INFO: compile 0 ms:'compiled/particles/PortalCircle.xml.compiled'
INFO: compile 0 ms:'compiled/particles/AwardPickupArrow.xml.compiled'
INFO: compile 0 ms:'compiled/particles/Powie.xml.compiled'
INFO: compile 0 ms:'compiled/particles/ZombiePogo.xml.compiled'
INFO: compile 0 ms:'compiled/particles/PortalSquare.xml.compiled'
INFO: compile 0 ms:'compiled/particles/Zombie_seaweed.xml.compiled'
INFO: compile 0 ms:'compiled/particles/ZombieMustache.xml.compiled'
INFO: compile 0 ms:'compiled/particles/ZombieNewspaperHead.xml.compiled'
INFO: compile 0 ms:'compiled/particles/ZombieFutureGlasses.xml.compiled'
INFO: compile 0 ms:'compiled/particles/Pinata.xml.compiled'
INFO: compile 0 ms:'compiled/particles/PottedPlantGlow.xml.compiled'
INFO: compile 0 ms:'compiled/particles/Dust_Squash.xml.compiled'
INFO: compile 0 ms:'compiled/particles/ZombieBalloonHead.xml.compiled'
INFO: compile 0 ms:'compiled/particles/Dust_Foot.xml.compiled'
INFO: compile 0 ms:'compiled/particles/SodRoll.xml.compiled'
INFO: compile 0 ms:'compiled/particles/GraveStoneRise.xml.compiled'
INFO: compile 0 ms:'compiled/particles/JackExplode.xml.compiled'
INFO: compile 0 ms:'compiled/particles/Daisy.xml.compiled'
INFO: compile 0 ms:'compiled/particles/Planting.xml.compiled'
INFO: compile 0 ms:'compiled/particles/PottedWaterPlantGlow.xml.compiled'
INFO: compile 0 ms:'compiled/particles/PlantingPool.xml.compiled'
INFO: compile 0 ms:'compiled/particles/Credits_Strobe.xml.compiled'
INFO: compile 0 ms:'compiled/particles/PottedZenGlow.xml.compiled'
INFO: compile 0 ms:'compiled/particles/ZombieHead.xml.compiled'
INFO: compile 0 ms:'compiled/particles/MindControl.xml.compiled'
INFO: compile 0 ms:'compiled/particles/ZombieRise.xml.compiled'
INFO: compile 0 ms:'compiled/particles/Credits_RaysWipe.xml.compiled'
INFO: compile 0 ms:'compiled/particles/VaseShatter.xml.compiled'
INFO: compile 0 ms:'compiled/particles/GraveBuster.xml.compiled'
INFO: compile 0 ms:'compiled/particles/ZombieArm.xml.compiled'
INFO: compile 0 ms:'compiled/particles/GraveBusterDie.xml.compiled'
INFO: compile 0 ms:'compiled/particles/VaseShatterLeaf.xml.compiled'
INFO: compile 0 ms:'compiled/particles/ZombieTrafficCone.xml.compiled'
INFO: compile 0 ms:'compiled/particles/Credits_ZombieHeadWipe.xml.compiled'
INFO: compile 0 ms:'compiled/particles/PoolSplash.xml.compiled'
INFO: compile 0 ms:'compiled/particles/ZombiePail.xml.compiled'
INFO: compile 0 ms:'compiled/particles/VaseShatterZombie.xml.compiled'
INFO: compile 0 ms:'compiled/particles/IceSparkle.xml.compiled'
INFO: compile 0 ms:'compiled/particles/AwardPickupArrow.xml.compiled'
INFO: compile 0 ms:'compiled/particles/ZombieHelmet.xml.compiled'
INFO: compile 0 ms:'compiled/particles/Starburst.xml.compiled'
INFO: compile 0 ms:'compiled/particles/ZombieFlag.xml.compiled'
INFO: compile 0 ms:'compiled/particles/Zombie_seaweed.xml.compiled'
INFO: compile 0 ms:'compiled/particles/ZombieDoor.xml.compiled'
INFO: compile 0 ms:'compiled/particles/ZombieMustache.xml.compiled'
INFO: compile 0 ms:'compiled/particles/ZombieNewspaper.xml.compiled'
INFO: compile 0 ms:'compiled/particles/SeedPacket.xml.compiled'
INFO: compile 0 ms:'compiled/particles/ZombieFutureGlasses.xml.compiled'
INFO: compile 0 ms:'compiled/particles/ZombieHeadLight.xml.compiled'
INFO: compile 0 ms:'compiled/particles/Pinata.xml.compiled'
INFO: compile 0 ms:'compiled/particles/TallNutBlock.xml.compiled'
INFO: compile 0 ms:'compiled/particles/Dust_Squash.xml.compiled'
INFO: compile 0 ms:'compiled/particles/Dust_Foot.xml.compiled'
INFO: compile 0 ms:'compiled/particles/Pow.xml.compiled'
INFO: compile 0 ms:'compiled/particles/Daisy.xml.compiled'
INFO: compile 0 ms:'compiled/particles/Credits_Strobe.xml.compiled'
INFO: compile 0 ms:'compiled/particles/ZombiePogo.xml.compiled'
INFO: compile 0 ms:'compiled/particles/Credits_RaysWipe.xml.compiled'
INFO: compile 0 ms:'compiled/particles/ZombieNewspaperHead.xml.compiled'
INFO: compile 0 ms:'compiled/particles/ZombieBalloonHead.xml.compiled'
INFO: compile 0 ms:'compiled/particles/Credits_ZombieHeadWipe.xml.compiled'
INFO: compile 0 ms:'compiled/particles/SodRoll.xml.compiled'
INFO: compile 0 ms:'compiled/particles/GraveStoneRise.xml.compiled'
INFO: compile 0 ms:'compiled/particles/Planting.xml.compiled'
INFO: compile 0 ms:'compiled/particles/Starburst.xml.compiled'
INFO: compile 0 ms:'compiled/particles/PlantingPool.xml.compiled'
INFO: compile 0 ms:'compiled/particles/ZombieRise.xml.compiled'
INFO: compile 0 ms:'compiled/particles/GraveBuster.xml.compiled'
INFO: compile 1 ms:'compiled/particles/Doom.xml.compiled'
INFO: compile 0 ms:'compiled/particles/GraveBusterDie.xml.compiled'
INFO: compile 0 ms:'compiled/particles/DiggerRise.xml.compiled'
INFO: compile 0 ms:'compiled/particles/PoolSplash.xml.compiled'
INFO: compile 0 ms:'compiled/particles/IceSparkle.xml.compiled'
INFO: compile 0 ms:'compiled/particles/DiggerTunnel.xml.compiled'
INFO: compile 0 ms:'compiled/particles/DancerRise.xml.compiled'
INFO: compile 0 ms:'compiled/particles/PoolSparkly.xml.compiled'
INFO: compile 2 ms:'compiled/particles/Credits_fog.xml.compiled'
INFO: compile 0 ms:'compiled/particles/SeedPacket.xml.compiled'
INFO: compile 0 ms:'compiled/particles/UpsellArrow.xml.compiled'
INFO: compile 0 ms:'compiled/particles/WallnutEatSmall.xml.compiled'
INFO: compile 0 ms:'compiled/particles/WallnutEatLarge.xml.compiled'
INFO: compile 0 ms:'compiled/particles/PeaSplat.xml.compiled'
INFO: compile 0 ms:'compiled/particles/TallNutBlock.xml.compiled'
INFO: compile 0 ms:'compiled/particles/ButterSplat.xml.compiled'
INFO: compile 0 ms:'compiled/particles/CabbageSplat.xml.compiled'
INFO: compile 0 ms:'compiled/particles/PuffSplat.xml.compiled'
INFO: compile 0 ms:'compiled/particles/StarSplat.xml.compiled'
INFO: compile 0 ms:'compiled/particles/IceTrap.xml.compiled'
INFO: compile 0 ms:'compiled/particles/SnowPeaSplat.xml.compiled'
INFO: compile 0 ms:'compiled/particles/SnowPeaPuff.xml.compiled'
INFO: compile 0 ms:'compiled/particles/SnowPeaTrail.xml.compiled'
INFO: compile 3 ms:'compiled/particles/Credits_fog.xml.compiled'
INFO: compile 0 ms:'compiled/particles/UpsellArrow.xml.compiled'
INFO: compile 1 ms:'compiled/particles/Doom.xml.compiled'
INFO: compile 0 ms:'compiled/particles/DiggerRise.xml.compiled'
INFO: compile 0 ms:'compiled/particles/LanternShine.xml.compiled'
INFO: compile 0 ms:'compiled/particles/DiggerTunnel.xml.compiled'
INFO: preloading: 1 ms
INFO: compile 0 ms:'compiled/particles/DancerRise.xml.compiled'
INFO: compile 0 ms:'compiled/particles/PoolSparkly.xml.compiled'
INFO: compile 0 ms:'compiled/particles/WallnutEatSmall.xml.compiled'
INFO: compile 0 ms:'compiled/particles/WallnutEatLarge.xml.compiled'
INFO: compile 0 ms:'compiled/particles/PeaSplat.xml.compiled'
INFO: compile 0 ms:'compiled/particles/ButterSplat.xml.compiled'
INFO: compile 0 ms:'compiled/particles/Award.xml.compiled'
INFO: compile 0 ms:'compiled/particles/CabbageSplat.xml.compiled'
INFO: compile 0 ms:'compiled/particles/PuffSplat.xml.compiled'
INFO: compile 0 ms:'compiled/particles/StarSplat.xml.compiled'
INFO: compile 0 ms:'compiled/particles/IceTrap.xml.compiled'
INFO: compile 0 ms:'compiled/particles/PotatoMine.xml.compiled'
INFO: compile 0 ms:'compiled/particles/SnowPeaSplat.xml.compiled'
INFO: compile 0 ms:'compiled/particles/PotatoMineRise.xml.compiled'
INFO: compile 0 ms:'compiled/particles/PuffShroomTrail.xml.compiled'
INFO: compile 0 ms:'compiled/particles/PuffShroomMuzzle.xml.compiled'
INFO: compile 0 ms:'compiled/particles/SeedPacketFlash.xml.compiled'
INFO: compile 0 ms:'compiled/particles/SnowPeaPuff.xml.compiled'
INFO: compile 0 ms:'compiled/particles/WhackAZombieRise.xml.compiled'
INFO: compile 0 ms:'compiled/particles/ZombieLadder.xml.compiled'
INFO: preloading: 1 ms
INFO: compile 0 ms:'compiled/particles/SnowPeaTrail.xml.compiled'
INFO: compile 0 ms:'compiled/particles/UmbrellaReflect.xml.compiled'
INFO: compile 0 ms:'compiled/particles/SeedPacketPick.xml.compiled'
INFO: compile 0 ms:'compiled/particles/IceTrapZombie.xml.compiled'
INFO: compile 0 ms:'compiled/particles/IceTrapRelease.xml.compiled'
INFO: compile 0 ms:'compiled/particles/ZamboniSmoke.xml.compiled'
INFO: compile 0 ms:'compiled/particles/GloomCloud.xml.compiled'
INFO: compile 0 ms:'compiled/particles/LanternShine.xml.compiled'
INFO: compile 0 ms:'compiled/particles/ZombiePogoHead.xml.compiled'
INFO: compile 0 ms:'compiled/particles/ZamboniTire.xml.compiled'
INFO: compile 0 ms:'compiled/particles/ZamboniExplosion.xml.compiled'
INFO: compile 0 ms:'compiled/particles/ZamboniExplosion2.xml.compiled'
INFO: compile 1 ms:'compiled/particles/Award.xml.compiled'
INFO: compile 0 ms:'compiled/particles/CatapultExplosion.xml.compiled'
INFO: compile 0 ms:'compiled/particles/MowerCloud.xml.compiled'
INFO: compile 0 ms:'compiled/particles/BossIceBallTrail.xml.compiled'
INFO: compile 0 ms:'compiled/particles/PotatoMine.xml.compiled'
INFO: compile 0 ms:'compiled/particles/PotatoMineRise.xml.compiled'
INFO: compile 0 ms:'compiled/particles/PuffShroomTrail.xml.compiled'
INFO: compile 0 ms:'compiled/particles/BlastMark.xml.compiled'
INFO: compile 0 ms:'compiled/particles/PuffShroomMuzzle.xml.compiled'
INFO: compile 0 ms:'compiled/particles/CoinPickupArrow.xml.compiled'
INFO: compile 0 ms:'compiled/particles/SeedPacketFlash.xml.compiled'
INFO: compile 0 ms:'compiled/particles/WhackAZombieRise.xml.compiled'
INFO: compile 0 ms:'compiled/particles/PresentPickup.xml.compiled'
INFO: compile 0 ms:'compiled/particles/ZombieLadder.xml.compiled'
INFO: compile 0 ms:'compiled/particles/UmbrellaReflect.xml.compiled'
INFO: compile 0 ms:'compiled/particles/ImitaterMorph.xml.compiled'
INFO: compile 0 ms:'compiled/particles/SeedPacketPick.xml.compiled'
INFO: compile 0 ms:'compiled/particles/IceTrapZombie.xml.compiled'
INFO: compile 0 ms:'compiled/particles/IceTrapRelease.xml.compiled'
INFO: compile 0 ms:'compiled/particles/MoweredZombieHead.xml.compiled'
INFO: compile 0 ms:'compiled/particles/ZamboniSmoke.xml.compiled'
INFO: compile 0 ms:'compiled/particles/MoweredZombieArm.xml.compiled'
INFO: compile 0 ms:'compiled/particles/ZombieHeadPool.xml.compiled'
INFO: compile 0 ms:'compiled/particles/GloomCloud.xml.compiled'
INFO: compile 0 ms:'compiled/particles/Zombie_boss_fireball.xml.compiled'
INFO: compile 0 ms:'compiled/particles/FireballDeath.xml.compiled'
INFO: compile 0 ms:'compiled/particles/ZombiePogoHead.xml.compiled'
INFO: compile 0 ms:'compiled/particles/IceballDeath.xml.compiled'
INFO: compile 0 ms:'compiled/particles/Iceball_Trail.xml.compiled'
INFO: compile 0 ms:'compiled/particles/ZamboniTire.xml.compiled'
INFO: compile 0 ms:'compiled/particles/Fireball_Trail.xml.compiled'
INFO: compile 0 ms:'compiled/particles/ZamboniExplosion.xml.compiled'
INFO: compile 0 ms:'compiled/particles/ZamboniExplosion2.xml.compiled'
INFO: compile 0 ms:'compiled/particles/CatapultExplosion.xml.compiled'
INFO: compile 0 ms:'compiled/particles/MowerCloud.xml.compiled'
INFO: compile 0 ms:'compiled/particles/BossIceBallTrail.xml.compiled'
INFO: compile 1 ms:'compiled/particles/BossExplosion.xml.compiled'
INFO: compile 0 ms:'compiled/particles/ScreenFlash.xml.compiled'
INFO: compile 0 ms:'compiled/particles/TrophySparkle.xml.compiled'
INFO: compile 0 ms:'compiled/particles/PortalCircle.xml.compiled'
INFO: compile 0 ms:'compiled/particles/PortalSquare.xml.compiled'
INFO: compile 0 ms:'compiled/particles/BlastMark.xml.compiled'
INFO: compile 0 ms:'compiled/particles/CoinPickupArrow.xml.compiled'
INFO: compile 0 ms:'compiled/particles/PottedPlantGlow.xml.compiled'
INFO: compile 0 ms:'compiled/particles/PresentPickup.xml.compiled'
INFO: compile 0 ms:'compiled/particles/ImitaterMorph.xml.compiled'
INFO: compile 0 ms:'compiled/particles/PottedWaterPlantGlow.xml.compiled'
INFO: compile 0 ms:'compiled/particles/PottedZenGlow.xml.compiled'
INFO: compile 0 ms:'compiled/particles/MoweredZombieHead.xml.compiled'
INFO: compile 0 ms:'compiled/particles/MindControl.xml.compiled'
INFO: compile 0 ms:'compiled/particles/MoweredZombieArm.xml.compiled'
INFO: compile 0 ms:'compiled/particles/VaseShatter.xml.compiled'
INFO: compile 0 ms:'compiled/particles/ZombieHeadPool.xml.compiled'
INFO: compile 0 ms:'compiled/particles/VaseShatterLeaf.xml.compiled'
INFO: compile 0 ms:'compiled/particles/VaseShatterZombie.xml.compiled'
INFO: compile 0 ms:'compiled/particles/Zombie_boss_fireball.xml.compiled'
INFO: compile 0 ms:'compiled/particles/AwardPickupArrow.xml.compiled'
INFO: compile 0 ms:'compiled/particles/FireballDeath.xml.compiled'
INFO: compile 0 ms:'compiled/particles/Zombie_seaweed.xml.compiled'
INFO: compile 0 ms:'compiled/particles/IceballDeath.xml.compiled'
INFO: compile 0 ms:'compiled/particles/Iceball_Trail.xml.compiled'
INFO: compile 0 ms:'compiled/particles/ZombieMustache.xml.compiled'
INFO: compile 0 ms:'compiled/particles/ZombieFutureGlasses.xml.compiled'
INFO: compile 0 ms:'compiled/particles/Pinata.xml.compiled'
INFO: compile 0 ms:'compiled/particles/Fireball_Trail.xml.compiled'
INFO: compile 0 ms:'compiled/particles/Dust_Squash.xml.compiled'
INFO: compile 0 ms:'compiled/particles/Dust_Foot.xml.compiled'
INFO: compile 0 ms:'compiled/particles/Daisy.xml.compiled'
INFO: compile 0 ms:'compiled/particles/Credits_Strobe.xml.compiled'
INFO: compile 0 ms:'compiled/particles/Credits_RaysWipe.xml.compiled'
INFO: compile 0 ms:'compiled/particles/Credits_ZombieHeadWipe.xml.compiled'
INFO: compile 1 ms:'compiled/particles/BossExplosion.xml.compiled'
INFO: compile 0 ms:'compiled/particles/Starburst.xml.compiled'
INFO: compile 0 ms:'compiled/particles/ScreenFlash.xml.compiled'
INFO: compile 0 ms:'compiled/particles/TrophySparkle.xml.compiled'
INFO: compile 0 ms:'compiled/particles/PortalCircle.xml.compiled'
INFO: compile 0 ms:'compiled/particles/PortalSquare.xml.compiled'
INFO: compile 0 ms:'compiled/particles/PottedPlantGlow.xml.compiled'
INFO: compile 0 ms:'compiled/particles/PottedWaterPlantGlow.xml.compiled'
INFO: compile 0 ms:'compiled/particles/PottedZenGlow.xml.compiled'
INFO: compile 0 ms:'compiled/particles/MindControl.xml.compiled'
INFO: compile 0 ms:'compiled/particles/VaseShatter.xml.compiled'
INFO: compile 0 ms:'compiled/particles/VaseShatterLeaf.xml.compiled'
INFO: compile 0 ms:'compiled/particles/VaseShatterZombie.xml.compiled'
INFO: compile 0 ms:'compiled/particles/AwardPickupArrow.xml.compiled'
INFO: compile 0 ms:'compiled/particles/Zombie_seaweed.xml.compiled'
INFO: compile 0 ms:'compiled/particles/ZombieMustache.xml.compiled'
INFO: compile 0 ms:'compiled/particles/ZombieFutureGlasses.xml.compiled'
INFO: compile 0 ms:'compiled/particles/Pinata.xml.compiled'
INFO: compile 0 ms:'compiled/particles/Dust_Squash.xml.compiled'
INFO: compile 0 ms:'compiled/particles/Dust_Foot.xml.compiled'
INFO: compile 0 ms:'compiled/particles/Daisy.xml.compiled'
INFO: compile 2 ms:'compiled/particles/Credits_fog.xml.compiled'
INFO: compile 0 ms:'compiled/particles/Credits_Strobe.xml.compiled'
INFO: compile 0 ms:'compiled/particles/UpsellArrow.xml.compiled'
INFO: compile 0 ms:'compiled/particles/Credits_RaysWipe.xml.compiled'
INFO: compile 0 ms:'compiled/particles/Credits_ZombieHeadWipe.xml.compiled'
INFO: loading 'resources' 159 ms
INFO: loading 'stuff' 0 ms
INFO: compile 0 ms:'compiled/particles/IceTrail.trail.compiled'
INFO: loading 'trail' 0 ms
INFO: compile 0 ms:'compiled/particles/Starburst.xml.compiled'
INFO: compile 0 ms:'compiled/particles/MelonImpact.xml.compiled'
INFO: compile 0 ms:'compiled/particles/WinterMelonImpact.xml.compiled'
INFO: compile 0 ms:'compiled/particles/FumeCloud.xml.compiled'
INFO: compile 0 ms:'compiled/particles/PopcornSplash.xml.compiled'
INFO: compile 0 ms:'compiled/particles/Powie.xml.compiled'
INFO: preloading: 1 ms
INFO: compile 0 ms:'compiled/particles/JackExplode.xml.compiled'
INFO: compile 0 ms:'compiled/particles/ZombieHead.xml.compiled'
INFO: compile 0 ms:'compiled/particles/ZombieArm.xml.compiled'
INFO: compile 0 ms:'compiled/particles/ZombieTrafficCone.xml.compiled'
INFO: compile 0 ms:'compiled/particles/ZombiePail.xml.compiled'
INFO: compile 0 ms:'compiled/particles/ZombieHelmet.xml.compiled'
INFO: compile 0 ms:'compiled/particles/ZombieFlag.xml.compiled'
INFO: compile 2 ms:'compiled/particles/Credits_fog.xml.compiled'
INFO: compile 0 ms:'compiled/particles/UpsellArrow.xml.compiled'
INFO: compile 0 ms:'compiled/particles/ZombieDoor.xml.compiled'
INFO: compile 0 ms:'compiled/particles/ZombieNewspaper.xml.compiled'
INFO: compile 0 ms:'compiled/particles/ZombieHeadLight.xml.compiled'
INFO: compile 0 ms:'compiled/particles/Pow.xml.compiled'
INFO: compile 0 ms:'compiled/particles/ZombiePogo.xml.compiled'
INFO: compile 0 ms:'compiled/particles/ZombieNewspaperHead.xml.compiled'
INFO: compile 0 ms:'compiled/particles/ZombieBalloonHead.xml.compiled'
INFO: compile 0 ms:'compiled/particles/SodRoll.xml.compiled'
INFO: compile 0 ms:'compiled/particles/GraveStoneRise.xml.compiled'
INFO: compile 0 ms:'compiled/particles/Planting.xml.compiled'
INFO: compile 0 ms:'compiled/particles/PlantingPool.xml.compiled'
INFO: compile 0 ms:'compiled/particles/ZombieRise.xml.compiled'
INFO: preloading: 1 ms
INFO: compile 0 ms:'compiled/particles/GraveBuster.xml.compiled'
INFO: compile 0 ms:'compiled/particles/GraveBusterDie.xml.compiled'
INFO: compile 0 ms:'compiled/particles/PoolSplash.xml.compiled'
INFO: compile 0 ms:'compiled/particles/IceSparkle.xml.compiled'
INFO: compile 0 ms:'compiled/particles/SeedPacket.xml.compiled'
INFO: compile 0 ms:'compiled/particles/TallNutBlock.xml.compiled'
INFO: compile 1 ms:'compiled/particles/Doom.xml.compiled'
INFO: compile 0 ms:'compiled/particles/DiggerRise.xml.compiled'
INFO: compile 0 ms:'compiled/particles/DiggerTunnel.xml.compiled'
INFO: compile 0 ms:'compiled/particles/DancerRise.xml.compiled'
INFO: compile 0 ms:'compiled/particles/PoolSparkly.xml.compiled'
INFO: compile 0 ms:'compiled/particles/WallnutEatSmall.xml.compiled'
INFO: compile 0 ms:'compiled/particles/WallnutEatLarge.xml.compiled'
INFO: compile 0 ms:'compiled/particles/PeaSplat.xml.compiled'
INFO: compile 0 ms:'compiled/particles/ButterSplat.xml.compiled'
INFO: compile 0 ms:'compiled/particles/CabbageSplat.xml.compiled'
INFO: compile 0 ms:'compiled/particles/PuffSplat.xml.compiled'
INFO: compile 0 ms:'compiled/particles/StarSplat.xml.compiled'
INFO: compile 0 ms:'compiled/particles/IceTrap.xml.compiled'
INFO: compile 0 ms:'compiled/particles/SnowPeaSplat.xml.compiled'
INFO: compile 0 ms:'compiled/particles/SnowPeaPuff.xml.compiled'
INFO: compile 0 ms:'compiled/particles/SnowPeaTrail.xml.compiled'
INFO: compile 0 ms:'compiled/particles/LanternShine.xml.compiled'
INFO: compile 0 ms:'compiled/particles/Award.xml.compiled'
INFO: compile 0 ms:'compiled/particles/PotatoMine.xml.compiled'
INFO: compile 0 ms:'compiled/particles/PotatoMineRise.xml.compiled'
INFO: compile 0 ms:'compiled/particles/PuffShroomTrail.xml.compiled'
INFO: compile 0 ms:'compiled/particles/PuffShroomMuzzle.xml.compiled'
INFO: compile 0 ms:'compiled/particles/SeedPacketFlash.xml.compiled'
INFO: compile 0 ms:'compiled/particles/WhackAZombieRise.xml.compiled'
INFO: compile 0 ms:'compiled/particles/ZombieLadder.xml.compiled'
INFO: compile 0 ms:'compiled/particles/UmbrellaReflect.xml.compiled'
INFO: compile 0 ms:'compiled/particles/SeedPacketPick.xml.compiled'
INFO: compile 0 ms:'compiled/particles/IceTrapZombie.xml.compiled'
INFO: compile 0 ms:'compiled/particles/IceTrapRelease.xml.compiled'
INFO: compile 0 ms:'compiled/particles/ZamboniSmoke.xml.compiled'
INFO: compile 0 ms:'compiled/particles/GloomCloud.xml.compiled'
INFO: compile 0 ms:'compiled/particles/ZombiePogoHead.xml.compiled'
INFO: compile 0 ms:'compiled/particles/ZamboniTire.xml.compiled'
INFO: compile 0 ms:'compiled/particles/ZamboniExplosion.xml.compiled'
INFO: compile 0 ms:'compiled/particles/ZamboniExplosion2.xml.compiled'
INFO: compile 0 ms:'compiled/particles/CatapultExplosion.xml.compiled'
INFO: compile 0 ms:'compiled/particles/MowerCloud.xml.compiled'
INFO: compile 0 ms:'compiled/particles/BossIceBallTrail.xml.compiled'
INFO: compile 0 ms:'compiled/particles/BlastMark.xml.compiled'
INFO: compile 0 ms:'compiled/particles/CoinPickupArrow.xml.compiled'
INFO: compile 0 ms:'compiled/particles/PresentPickup.xml.compiled'
INFO: compile 0 ms:'compiled/particles/ImitaterMorph.xml.compiled'
INFO: compile 0 ms:'compiled/particles/MoweredZombieHead.xml.compiled'
INFO: compile 0 ms:'compiled/particles/MoweredZombieArm.xml.compiled'
INFO: compile 0 ms:'compiled/particles/ZombieHeadPool.xml.compiled'
INFO: compile 0 ms:'compiled/particles/Zombie_boss_fireball.xml.compiled'
INFO: compile 0 ms:'compiled/particles/FireballDeath.xml.compiled'
INFO: compile 0 ms:'compiled/particles/IceballDeath.xml.compiled'
INFO: compile 0 ms:'compiled/particles/Iceball_Trail.xml.compiled'
INFO: compile 0 ms:'compiled/particles/Fireball_Trail.xml.compiled'
INFO: compile 1 ms:'compiled/particles/BossExplosion.xml.compiled'
INFO: compile 0 ms:'compiled/particles/ScreenFlash.xml.compiled'
INFO: compile 0 ms:'compiled/particles/TrophySparkle.xml.compiled'
INFO: compile 0 ms:'compiled/particles/PortalCircle.xml.compiled'
INFO: compile 0 ms:'compiled/particles/PortalSquare.xml.compiled'
INFO: compile 0 ms:'compiled/particles/PottedPlantGlow.xml.compiled'
INFO: compile 0 ms:'compiled/particles/PottedWaterPlantGlow.xml.compiled'
INFO: compile 0 ms:'compiled/particles/PottedZenGlow.xml.compiled'
INFO: compile 0 ms:'compiled/particles/MindControl.xml.compiled'
INFO: compile 0 ms:'compiled/particles/VaseShatter.xml.compiled'
INFO: compile 0 ms:'compiled/particles/VaseShatterLeaf.xml.compiled'
INFO: compile 0 ms:'compiled/particles/VaseShatterZombie.xml.compiled'
INFO: compile 0 ms:'compiled/particles/AwardPickupArrow.xml.compiled'
INFO: compile 0 ms:'compiled/particles/Zombie_seaweed.xml.compiled'
INFO: compile 0 ms:'compiled/particles/ZombieMustache.xml.compiled'
INFO: compile 0 ms:'compiled/particles/ZombieFutureGlasses.xml.compiled'
INFO: compile 0 ms:'compiled/particles/Pinata.xml.compiled'
INFO: compile 0 ms:'compiled/particles/Dust_Squash.xml.compiled'
INFO: compile 0 ms:'compiled/particles/Dust_Foot.xml.compiled'
INFO: compile 0 ms:'compiled/particles/Daisy.xml.compiled'
INFO: compile 0 ms:'compiled/particles/Credits_Strobe.xml.compiled'
INFO: compile 0 ms:'compiled/particles/Credits_RaysWipe.xml.compiled'
INFO: compile 0 ms:'compiled/particles/Credits_ZombieHeadWipe.xml.compiled'
INFO: compile 0 ms:'compiled/particles/Starburst.xml.compiled'
INFO: compile 2 ms:'compiled/particles/Credits_fog.xml.compiled'
INFO: compile 0 ms:'compiled/particles/UpsellArrow.xml.compiled'
INFO: preloading: 2 ms
INFO: loading 'resources' 151 ms
INFO: loading 'stuff' 0 ms
INFO: compile 0 ms:'compiled/particles/IceTrail.trail.compiled'
INFO: loading 'trail' 0 ms
INFO: compile 0 ms:'compiled/particles/MelonImpact.xml.compiled'
INFO: compile 0 ms:'compiled/particles/WinterMelonImpact.xml.compiled'
INFO: compile 0 ms:'compiled/particles/FumeCloud.xml.compiled'
INFO: compile 0 ms:'compiled/particles/PopcornSplash.xml.compiled'
INFO: compile 0 ms:'compiled/particles/Powie.xml.compiled'
INFO: compile 0 ms:'compiled/particles/JackExplode.xml.compiled'
INFO: compile 0 ms:'compiled/particles/ZombieHead.xml.compiled'
INFO: compile 0 ms:'compiled/particles/ZombieArm.xml.compiled'
INFO: compile 0 ms:'compiled/particles/ZombieTrafficCone.xml.compiled'
INFO: compile 0 ms:'compiled/particles/ZombiePail.xml.compiled'
INFO: compile 0 ms:'compiled/particles/ZombieHelmet.xml.compiled'
INFO: compile 0 ms:'compiled/particles/ZombieFlag.xml.compiled'
INFO: compile 0 ms:'compiled/particles/ZombieDoor.xml.compiled'
INFO: compile 0 ms:'compiled/particles/ZombieNewspaper.xml.compiled'
INFO: compile 0 ms:'compiled/particles/ZombieHeadLight.xml.compiled'
INFO: compile 0 ms:'compiled/particles/Pow.xml.compiled'
INFO: compile 0 ms:'compiled/particles/ZombiePogo.xml.compiled'
INFO: compile 0 ms:'compiled/particles/ZombieNewspaperHead.xml.compiled'
INFO: compile 0 ms:'compiled/particles/ZombieBalloonHead.xml.compiled'
INFO: compile 0 ms:'compiled/particles/SodRoll.xml.compiled'
INFO: compile 0 ms:'compiled/particles/GraveStoneRise.xml.compiled'
INFO: compile 0 ms:'compiled/particles/Planting.xml.compiled'
INFO: compile 0 ms:'compiled/particles/PlantingPool.xml.compiled'
INFO: compile 0 ms:'compiled/particles/ZombieRise.xml.compiled'
INFO: compile 0 ms:'compiled/particles/GraveBuster.xml.compiled'
INFO: compile 0 ms:'compiled/particles/GraveBusterDie.xml.compiled'
INFO: compile 0 ms:'compiled/particles/PoolSplash.xml.compiled'
INFO: compile 0 ms:'compiled/particles/IceSparkle.xml.compiled'
INFO: compile 0 ms:'compiled/particles/SeedPacket.xml.compiled'
INFO: compile 0 ms:'compiled/particles/TallNutBlock.xml.compiled'
INFO: compile 1 ms:'compiled/particles/Doom.xml.compiled'
INFO: compile 0 ms:'compiled/particles/DiggerRise.xml.compiled'
INFO: compile 0 ms:'compiled/particles/DiggerTunnel.xml.compiled'
INFO: compile 0 ms:'compiled/particles/DancerRise.xml.compiled'
INFO: compile 0 ms:'compiled/particles/PoolSparkly.xml.compiled'
INFO: compile 0 ms:'compiled/particles/WallnutEatSmall.xml.compiled'
INFO: compile 0 ms:'compiled/particles/WallnutEatLarge.xml.compiled'
INFO: compile 0 ms:'compiled/particles/PeaSplat.xml.compiled'
INFO: compile 0 ms:'compiled/particles/ButterSplat.xml.compiled'
INFO: compile 0 ms:'compiled/particles/CabbageSplat.xml.compiled'
INFO: compile 0 ms:'compiled/particles/PuffSplat.xml.compiled'
INFO: compile 0 ms:'compiled/particles/StarSplat.xml.compiled'
INFO: compile 0 ms:'compiled/particles/IceTrap.xml.compiled'
INFO: compile 0 ms:'compiled/particles/SnowPeaSplat.xml.compiled'
INFO: compile 0 ms:'compiled/particles/SnowPeaPuff.xml.compiled'
INFO: compile 0 ms:'compiled/particles/SnowPeaTrail.xml.compiled'
INFO: compile 1 ms:'compiled/particles/LanternShine.xml.compiled'
INFO: compile 1 ms:'compiled/particles/Award.xml.compiled'
INFO: compile 1 ms:'compiled/particles/PotatoMine.xml.compiled'
INFO: compile 0 ms:'compiled/particles/PotatoMineRise.xml.compiled'
INFO: compile 0 ms:'compiled/particles/PuffShroomTrail.xml.compiled'
INFO: compile 0 ms:'compiled/particles/PuffShroomMuzzle.xml.compiled'
INFO: compile 0 ms:'compiled/particles/SeedPacketFlash.xml.compiled'
INFO: compile 0 ms:'compiled/particles/WhackAZombieRise.xml.compiled'
INFO: compile 0 ms:'compiled/particles/ZombieLadder.xml.compiled'
INFO: compile 0 ms:'compiled/particles/UmbrellaReflect.xml.compiled'
INFO: compile 0 ms:'compiled/particles/SeedPacketPick.xml.compiled'
INFO: compile 0 ms:'compiled/particles/IceTrapZombie.xml.compiled'
INFO: compile 0 ms:'compiled/particles/IceTrapRelease.xml.compiled'
INFO: compile 0 ms:'compiled/particles/ZamboniSmoke.xml.compiled'
INFO: compile 0 ms:'compiled/particles/GloomCloud.xml.compiled'
INFO: compile 0 ms:'compiled/particles/ZombiePogoHead.xml.compiled'
INFO: compile 0 ms:'compiled/particles/ZamboniTire.xml.compiled'
INFO: compile 0 ms:'compiled/particles/ZamboniExplosion.xml.compiled'
INFO: compile 0 ms:'compiled/particles/ZamboniExplosion2.xml.compiled'
INFO: compile 0 ms:'compiled/particles/CatapultExplosion.xml.compiled'
INFO: compile 0 ms:'compiled/particles/MowerCloud.xml.compiled'
INFO: compile 0 ms:'compiled/particles/BossIceBallTrail.xml.compiled'
INFO: compile 0 ms:'compiled/particles/BlastMark.xml.compiled'
INFO: compile 0 ms:'compiled/particles/CoinPickupArrow.xml.compiled'
INFO: compile 0 ms:'compiled/particles/PresentPickup.xml.compiled'
INFO: compile 0 ms:'compiled/particles/ImitaterMorph.xml.compiled'
INFO: compile 0 ms:'compiled/particles/MoweredZombieHead.xml.compiled'
INFO: compile 0 ms:'compiled/particles/MoweredZombieArm.xml.compiled'
INFO: compile 0 ms:'compiled/particles/ZombieHeadPool.xml.compiled'
INFO: compile 0 ms:'compiled/particles/Zombie_boss_fireball.xml.compiled'
INFO: compile 0 ms:'compiled/particles/FireballDeath.xml.compiled'
INFO: compile 0 ms:'compiled/particles/IceballDeath.xml.compiled'
INFO: compile 0 ms:'compiled/particles/Iceball_Trail.xml.compiled'
INFO: compile 0 ms:'compiled/particles/Fireball_Trail.xml.compiled'
INFO: compile 1 ms:'compiled/particles/BossExplosion.xml.compiled'
INFO: compile 0 ms:'compiled/particles/ScreenFlash.xml.compiled'
INFO: compile 0 ms:'compiled/particles/TrophySparkle.xml.compiled'
INFO: compile 0 ms:'compiled/particles/PortalCircle.xml.compiled'
INFO: compile 0 ms:'compiled/particles/PortalSquare.xml.compiled'
INFO: compile 0 ms:'compiled/particles/PottedPlantGlow.xml.compiled'
INFO: compile 0 ms:'compiled/particles/PottedWaterPlantGlow.xml.compiled'
INFO: compile 0 ms:'compiled/particles/PottedZenGlow.xml.compiled'
INFO: compile 0 ms:'compiled/particles/MindControl.xml.compiled'
INFO: compile 0 ms:'compiled/particles/VaseShatter.xml.compiled'
INFO: compile 0 ms:'compiled/particles/VaseShatterLeaf.xml.compiled'
INFO: compile 0 ms:'compiled/particles/VaseShatterZombie.xml.compiled'
INFO: compile 0 ms:'compiled/particles/AwardPickupArrow.xml.compiled'
INFO: compile 0 ms:'compiled/particles/Zombie_seaweed.xml.compiled'
INFO: compile 0 ms:'compiled/particles/ZombieMustache.xml.compiled'
INFO: compile 0 ms:'compiled/particles/ZombieFutureGlasses.xml.compiled'
INFO: compile 0 ms:'compiled/particles/Pinata.xml.compiled'
INFO: compile 0 ms:'compiled/particles/Dust_Squash.xml.compiled'
INFO: compile 0 ms:'compiled/particles/Dust_Foot.xml.compiled'
INFO: compile 0 ms:'compiled/particles/Daisy.xml.compiled'
INFO: compile 0 ms:'compiled/particles/Credits_Strobe.xml.compiled'
INFO: compile 0 ms:'compiled/particles/Credits_RaysWipe.xml.compiled'
INFO: compile 0 ms:'compiled/particles/Credits_ZombieHeadWipe.xml.compiled'
INFO: compile 0 ms:'compiled/particles/Starburst.xml.compiled'
INFO: compile 4 ms:'compiled/particles/Credits_fog.xml.compiled'
INFO: compile 0 ms:'compiled/particles/UpsellArrow.xml.compiled'
INFO: preloading: 1 ms
INFO: preloading: 0 ms
INFO: preloading: 0 ms
INFO: preloading: 0 ms
INFO: preloading: 0 ms
INFO: preloading: 0 ms
INFO: preloading: 0 ms
INFO: preloading: 0 ms
INFO: preloading: 0 ms
INFO: preloading: 0 ms
INFO: preloading: 0 ms
INFO: preloading: 0 ms
INFO: preloading: 0 ms
INFO: preloading: 0 ms
INFO: preloading: 0 ms
INFO: preloading: 0 ms
INFO: preloading: 0 ms
INFO: preloading: 0 ms
INFO: preloading: 0 ms
INFO: preloading: 0 ms
INFO: preloading: 0 ms
INFO: preloading: 0 ms
INFO: preloading: 0 ms
INFO: preloading: 0 ms
INFO: preloading: 0 ms
INFO: preloading: 0 ms
INFO: preloading: 0 ms
INFO: preloading: 0 ms
INFO: preloading: 0 ms
INFO: preloading: 0 ms
INFO: preloading: 0 ms
INFO: preloading: 0 ms
INFO: preloading: 0 ms
INFO: preloading: 0 ms
INFO: preloading: 0 ms
INFO: preloading: 0 ms
INFO: preloading: 0 ms
INFO: preloading: 0 ms
INFO: preloading: 0 ms
INFO: preloading: 0 ms
INFO: preloading: 0 ms
INFO: preloading: 0 ms
INFO: preloading: 0 ms
INFO: preloading: 0 ms
INFO: preloading: 0 ms
INFO: preloading: 0 ms
INFO: preloading: 0 ms
INFO: preloading: 0 ms
INFO: preloading: 0 ms
INFO: preloading: 0 ms
INFO: preloading: 0 ms
INFO: preloading: 0 ms
INFO: preloading: 0 ms
INFO: preloading: 0 ms
INFO: preloading: 0 ms
INFO: preloading: 0 ms
INFO: preloading: 0 ms
INFO: preloading: 0 ms
INFO: preloading: 0 ms
INFO: preloading: 0 ms
INFO: preloading: 0 ms
INFO: preloading: 0 ms
INFO: preloading: 0 ms
INFO: preloading: 0 ms
evaluation 64/160
INFO: preloading: 0 ms
INFO: preloading: 0 ms
INFO: preloading: 0 ms
INFO: preloading: 0 ms
INFO: preloading: 0 ms
INFO: preloading: 0 ms
INFO: preloading: 0 ms
INFO: preloading: 0 ms
INFO: preloading: 0 ms
INFO: preloading: 0 ms
INFO: preloading: 0 ms
INFO: preloading: 0 ms
INFO: preloading: 0 ms
INFO: preloading: 0 ms
INFO: preloading: 0 ms
INFO: preloading: 0 ms
INFO: preloading: 0 ms
INFO: preloading: 0 ms
INFO: preloading: 0 ms
INFO: preloading: 0 ms
INFO: preloading: 0 ms
INFO: preloading: 0 ms
INFO: preloading: 0 ms
INFO: preloading: 0 ms
INFO: preloading: 0 ms
INFO: preloading: 0 ms
INFO: preloading: 0 ms
INFO: preloading: 0 ms
INFO: preloading: 0 ms
INFO: preloading: 0 ms
INFO: preloading: 0 ms
INFO: preloading: 0 ms
INFO: preloading: 0 ms
INFO: preloading: 0 ms
INFO: preloading: 0 ms
INFO: preloading: 0 ms
INFO: preloading: 0 ms
INFO: preloading: 0 ms
INFO: preloading: 0 ms
INFO: preloading: 0 ms
INFO: preloading: 0 ms
INFO: preloading: 0 ms
INFO: preloading: 0 ms
INFO: preloading: 0 ms
INFO: preloading: 0 ms
INFO: preloading: 0 ms
INFO: preloading: 0 ms
INFO: preloading: 0 ms
INFO: preloading: 0 ms
INFO: preloading: 0 ms
INFO: preloading: 0 ms
INFO: preloading: 0 ms
INFO: preloading: 0 ms
INFO: preloading: 0 ms
INFO: preloading: 0 ms
INFO: preloading: 0 ms
INFO: preloading: 0 ms
INFO: preloading: 0 ms
INFO: preloading: 0 ms
INFO: preloading: 0 ms
INFO: preloading: 0 ms
INFO: preloading: 0 ms
INFO: preloading: 0 ms
INFO: preloading: 0 ms
evaluation 128/160
INFO: preloading: 0 ms
INFO: preloading: 0 ms
INFO: preloading: 0 ms
INFO: preloading: 0 ms
INFO: preloading: 0 ms
INFO: preloading: 0 ms
INFO: preloading: 0 ms
INFO: preloading: 0 ms
INFO: preloading: 0 ms
INFO: preloading: 0 ms
INFO: preloading: 0 ms
INFO: preloading: 0 ms
INFO: preloading: 0 ms
INFO: preloading: 0 ms
INFO: preloading: 0 ms
INFO: preloading: 0 ms
INFO: preloading: 0 ms
INFO: preloading: 0 ms
INFO: preloading: 0 ms
INFO: preloading: 0 ms
INFO: preloading: 0 ms
INFO: preloading: 0 ms
INFO: preloading: 0 ms
INFO: preloading: 0 ms
INFO: preloading: 0 ms
evaluation 160/160
INFO: RegEmu: Couldn't open '/tmp/pvz-env-vctc_bb5/registry.regemu' for writing
INFO: RegEmu: Couldn't open '/tmp/pvz-env-0edsjirj/registry.regemu' for writing
INFO: RegEmu: Couldn't open '/tmp/pvz-env-o9xqy_t2/registry.regemu' for writing
INFO: RegEmu: Couldn't open '/tmp/pvz-env-rvhy9yt0/registry.regemu' for writing
INFO: RegEmu: Couldn't open '/tmp/pvz-env-k755mvmr/registry.regemu' for writing
INFO: RegEmu: Couldn't open '/tmp/pvz-env-6dix39t6/registry.regemu' for writing
INFO: RegEmu: Couldn't open '/tmp/pvz-env-8_hhicay/registry.regemu' for writing
INFO: RegEmu: Couldn't open '/tmp/pvz-env-1aqyeob2/registry.regemu' for writing
  160 episodes in 15.50 s  records identical=True
INFO: Product: io.github.wszqkzqk.pvz-portable
INFO: BuildNum: 1041
INFO: CommitDate: 2026-09-30
INFO: RegEmu: Can't read '/tmp/pvz-env-8ohq_axc/registry.regemu': File does not exist
INFO: RegEmu: Key 'SOFTWARE\PopCap\PlantsVsZombies' does not exist
INFO: RegEmu: Key 'SOFTWARE\PopCap\PlantsVsZombies' does not exist
INFO: RegEmu: Key 'SOFTWARE\PopCap\PlantsVsZombies' does not exist
INFO: RegEmu: Key 'SOFTWARE\PopCap\PlantsVsZombies' does not exist
INFO: RegEmu: Key 'SOFTWARE\PopCap\PlantsVsZombies' does not exist
INFO: RegEmu: Key 'SOFTWARE\PopCap\PlantsVsZombies' does not exist
INFO: RegEmu: Key 'SOFTWARE\PopCap\PlantsVsZombies' does not exist
INFO: RegEmu: Key 'SOFTWARE\PopCap\PlantsVsZombies' does not exist
INFO: RegEmu: Key 'SOFTWARE\PopCap\PlantsVsZombies' does not exist
INFO: session id: 1790781099
INFO: Product: io.github.wszqkzqk.pvz-portable
INFO: BuildNum: 1041
INFO: CommitDate: 2026-09-30
INFO: RegEmu: Value 'CurUser' does not exist
INFO: 'reanim/LoadBar_sprout.reanim'
INFO: compile 1 ms:'compiled/reanim/LoadBar_sprout.reanim.compiled'
INFO: 'reanim/LoadBar_Zombiehead.reanim'
INFO: compile 1 ms:'compiled/reanim/LoadBar_Zombiehead.reanim.compiled'
INFO: 'reanim/SodRoll.reanim'
INFO: compile 0 ms:'compiled/reanim/SodRoll.reanim.compiled'
INFO: 'reanim/FinalWave.reanim'
INFO: compile 0 ms:'compiled/reanim/FinalWave.reanim.compiled'
INFO: 'reanim/PeaShooterSingle.reanim'
INFO: compile 3 ms:'compiled/reanim/PeaShooterSingle.reanim.compiled'
INFO: 'reanim/Wallnut.reanim'
INFO: Product: io.github.wszqkzqk.pvz-portable
INFO: BuildNum: 1041
INFO: CommitDate: 2026-09-30
INFO: compile 0 ms:'compiled/reanim/Wallnut.reanim.compiled'
INFO: 'reanim/Lilypad.reanim'
INFO: compile 0 ms:'compiled/reanim/Lilypad.reanim.compiled'
INFO: 'reanim/SunFlower.reanim'
INFO: compile 5 ms:'compiled/reanim/SunFlower.reanim.compiled'
INFO: 'reanim/LawnMower.reanim'
INFO: Product: io.github.wszqkzqk.pvz-portable
INFO: BuildNum: 1041
INFO: CommitDate: 2026-09-30
INFO: compile 4 ms:'compiled/reanim/LawnMower.reanim.compiled'
INFO: 'reanim/StartReadySetPlant.reanim'
INFO: compile 1 ms:'compiled/reanim/StartReadySetPlant.reanim.compiled'
INFO: 'reanim/CherryBomb.reanim'
INFO: RegEmu: Can't read '/tmp/pvz-env-uqbxpnyt/registry.regemu': File does not exist
INFO: RegEmu: Key 'SOFTWARE\PopCap\PlantsVsZombies' does not exist
INFO: RegEmu: Key 'SOFTWARE\PopCap\PlantsVsZombies' does not exist
INFO: RegEmu: Key 'SOFTWARE\PopCap\PlantsVsZombies' does not exist
INFO: RegEmu: Key 'SOFTWARE\PopCap\PlantsVsZombies' does not exist
INFO: RegEmu: Key 'SOFTWARE\PopCap\PlantsVsZombies' does not exist
INFO: RegEmu: Key 'SOFTWARE\PopCap\PlantsVsZombies' does not exist
INFO: RegEmu: Key 'SOFTWARE\PopCap\PlantsVsZombies' does not exist
INFO: RegEmu: Key 'SOFTWARE\PopCap\PlantsVsZombies' does not exist
INFO: RegEmu: Key 'SOFTWARE\PopCap\PlantsVsZombies' does not exist
INFO: session id: 1790781099
INFO: compile 4 ms:'compiled/reanim/CherryBomb.reanim.compiled'
INFO: 'reanim/Squash.reanim'
INFO: RegEmu: Value 'CurUser' does not exist
INFO: 'reanim/LoadBar_sprout.reanim'
INFO: compile 1 ms:'compiled/reanim/Squash.reanim.compiled'
INFO: 'reanim/DoomShroom.reanim'
INFO: compile 0 ms:'compiled/reanim/LoadBar_sprout.reanim.compiled'
INFO: 'reanim/LoadBar_Zombiehead.reanim'
INFO: RegEmu: Can't read '/tmp/pvz-env-69r_z01w/registry.regemu': File does not exist
INFO: RegEmu: Key 'SOFTWARE\PopCap\PlantsVsZombies' does not exist
INFO: RegEmu: Key 'SOFTWARE\PopCap\PlantsVsZombies' does not exist
INFO: RegEmu: Key 'SOFTWARE\PopCap\PlantsVsZombies' does not exist
INFO: RegEmu: Key 'SOFTWARE\PopCap\PlantsVsZombies' does not exist
INFO: RegEmu: Key 'SOFTWARE\PopCap\PlantsVsZombies' does not exist
INFO: RegEmu: Key 'SOFTWARE\PopCap\PlantsVsZombies' does not exist
INFO: RegEmu: Key 'SOFTWARE\PopCap\PlantsVsZombies' does not exist
INFO: RegEmu: Key 'SOFTWARE\PopCap\PlantsVsZombies' does not exist
INFO: RegEmu: Key 'SOFTWARE\PopCap\PlantsVsZombies' does not exist
INFO: session id: 1790781099
INFO: compile 1 ms:'compiled/reanim/LoadBar_Zombiehead.reanim.compiled'
INFO: 'reanim/SodRoll.reanim'
INFO: compile 1 ms:'compiled/reanim/DoomShroom.reanim.compiled'
INFO: 'reanim/SnowPea.reanim'
INFO: compile 0 ms:'compiled/reanim/SodRoll.reanim.compiled'
INFO: 'reanim/FinalWave.reanim'
INFO: compile 0 ms:'compiled/reanim/FinalWave.reanim.compiled'
INFO: 'reanim/PeaShooterSingle.reanim'
INFO: Product: io.github.wszqkzqk.pvz-portable
INFO: BuildNum: 1041
INFO: CommitDate: 2026-09-30
INFO: RegEmu: Value 'CurUser' does not exist
INFO: compile 3 ms:'compiled/reanim/SnowPea.reanim.compiled'
INFO: 'reanim/PeaShooter.reanim'
INFO: 'reanim/LoadBar_sprout.reanim'
INFO: compile 1 ms:'compiled/reanim/LoadBar_sprout.reanim.compiled'
INFO: 'reanim/LoadBar_Zombiehead.reanim'
INFO: compile 4 ms:'compiled/reanim/PeaShooterSingle.reanim.compiled'
INFO: 'reanim/Wallnut.reanim'
INFO: compile 1 ms:'compiled/reanim/LoadBar_Zombiehead.reanim.compiled'
INFO: 'reanim/SodRoll.reanim'
INFO: compile 0 ms:'compiled/reanim/SodRoll.reanim.compiled'
INFO: 'reanim/FinalWave.reanim'
INFO: compile 1 ms:'compiled/reanim/Wallnut.reanim.compiled'
INFO: 'reanim/Lilypad.reanim'
INFO: compile 3 ms:'compiled/reanim/PeaShooter.reanim.compiled'
INFO: 'reanim/SunShroom.reanim'
INFO: compile 0 ms:'compiled/reanim/FinalWave.reanim.compiled'
INFO: 'reanim/PeaShooterSingle.reanim'
INFO: compile 0 ms:'compiled/reanim/Lilypad.reanim.compiled'
INFO: 'reanim/SunFlower.reanim'
INFO: compile 1 ms:'compiled/reanim/SunShroom.reanim.compiled'
INFO: 'reanim/Tallnut.reanim'
INFO: compile 0 ms:'compiled/reanim/Tallnut.reanim.compiled'
INFO: 'reanim/Fumeshroom.reanim'
INFO: compile 3 ms:'compiled/reanim/PeaShooterSingle.reanim.compiled'
INFO: 'reanim/Wallnut.reanim'
INFO: compile 1 ms:'compiled/reanim/Fumeshroom.reanim.compiled'
INFO: 'reanim/Puffshroom.reanim'
INFO: compile 0 ms:'compiled/reanim/Wallnut.reanim.compiled'
INFO: 'reanim/Lilypad.reanim'
INFO: compile 0 ms:'compiled/reanim/Lilypad.reanim.compiled'
INFO: 'reanim/SunFlower.reanim'
INFO: compile 1 ms:'compiled/reanim/Puffshroom.reanim.compiled'
INFO: 'reanim/Hypnoshroom.reanim'
INFO: compile 1 ms:'compiled/reanim/Hypnoshroom.reanim.compiled'
INFO: 'reanim/Chomper.reanim'
INFO: compile 6 ms:'compiled/reanim/SunFlower.reanim.compiled'
INFO: 'reanim/LawnMower.reanim'
INFO: RegEmu: Can't read '/tmp/pvz-env-kfej4x5z/registry.regemu': File does not exist
INFO: RegEmu: Key 'SOFTWARE\PopCap\PlantsVsZombies' does not exist
INFO: RegEmu: Key 'SOFTWARE\PopCap\PlantsVsZombies' does not exist
INFO: RegEmu: Key 'SOFTWARE\PopCap\PlantsVsZombies' does not exist
INFO: RegEmu: Key 'SOFTWARE\PopCap\PlantsVsZombies' does not exist
INFO: RegEmu: Key 'SOFTWARE\PopCap\PlantsVsZombies' does not exist
INFO: RegEmu: Key 'SOFTWARE\PopCap\PlantsVsZombies' does not exist
INFO: RegEmu: Key 'SOFTWARE\PopCap\PlantsVsZombies' does not exist
INFO: RegEmu: Key 'SOFTWARE\PopCap\PlantsVsZombies' does not exist
INFO: RegEmu: Key 'SOFTWARE\PopCap\PlantsVsZombies' does not exist
INFO: session id: 1790781099
INFO: compile 4 ms:'compiled/reanim/SunFlower.reanim.compiled'
INFO: 'reanim/LawnMower.reanim'
INFO: compile 3 ms:'compiled/reanim/LawnMower.reanim.compiled'
INFO: 'reanim/StartReadySetPlant.reanim'
INFO: RegEmu: Value 'CurUser' does not exist
INFO: 'reanim/LoadBar_sprout.reanim'
INFO: compile 1 ms:'compiled/reanim/StartReadySetPlant.reanim.compiled'
INFO: 'reanim/CherryBomb.reanim'
INFO: compile 0 ms:'compiled/reanim/LoadBar_sprout.reanim.compiled'
INFO: 'reanim/LoadBar_Zombiehead.reanim'
INFO: RegEmu: Can't read '/tmp/pvz-env-1av71x6q/registry.regemu': File does not exist
INFO: RegEmu: Key 'SOFTWARE\PopCap\PlantsVsZombies' does not exist
INFO: RegEmu: Key 'SOFTWARE\PopCap\PlantsVsZombies' does not exist
INFO: RegEmu: Key 'SOFTWARE\PopCap\PlantsVsZombies' does not exist
INFO: RegEmu: Key 'SOFTWARE\PopCap\PlantsVsZombies' does not exist
INFO: RegEmu: Key 'SOFTWARE\PopCap\PlantsVsZombies' does not exist
INFO: RegEmu: Key 'SOFTWARE\PopCap\PlantsVsZombies' does not exist
INFO: RegEmu: Key 'SOFTWARE\PopCap\PlantsVsZombies' does not exist
INFO: RegEmu: Key 'SOFTWARE\PopCap\PlantsVsZombies' does not exist
INFO: RegEmu: Key 'SOFTWARE\PopCap\PlantsVsZombies' does not exist
INFO: session id: 1790781099
INFO: compile 3 ms:'compiled/reanim/LawnMower.reanim.compiled'
INFO: 'reanim/StartReadySetPlant.reanim'
INFO: compile 1 ms:'compiled/reanim/LoadBar_Zombiehead.reanim.compiled'
INFO: 'reanim/SodRoll.reanim'
INFO: compile 0 ms:'compiled/reanim/StartReadySetPlant.reanim.compiled'
INFO: 'reanim/CherryBomb.reanim'
INFO: compile 0 ms:'compiled/reanim/SodRoll.reanim.compiled'
INFO: 'reanim/FinalWave.reanim'
INFO: compile 0 ms:'compiled/reanim/FinalWave.reanim.compiled'
INFO: 'reanim/PeaShooterSingle.reanim'
INFO: RegEmu: Value 'CurUser' does not exist
INFO: compile 4 ms:'compiled/reanim/CherryBomb.reanim.compiled'
INFO: 'reanim/Squash.reanim'
INFO: 'reanim/LoadBar_sprout.reanim'
INFO: compile 9 ms:'compiled/reanim/Chomper.reanim.compiled'
INFO: 'reanim/Zombie.reanim'
INFO: compile 3 ms:'compiled/reanim/CherryBomb.reanim.compiled'
INFO: 'reanim/Squash.reanim'
INFO: compile 1 ms:'compiled/reanim/LoadBar_sprout.reanim.compiled'
INFO: 'reanim/LoadBar_Zombiehead.reanim'
INFO: compile 3 ms:'compiled/reanim/PeaShooterSingle.reanim.compiled'
INFO: compile 1 ms:'compiled/reanim/Squash.reanim.compiled'
INFO: 'reanim/Wallnut.reanim'
INFO: 'reanim/DoomShroom.reanim'
INFO: compile 1 ms:'compiled/reanim/Squash.reanim.compiled'
INFO: 'reanim/DoomShroom.reanim'
INFO: compile 0 ms:'compiled/reanim/Wallnut.reanim.compiled'
INFO: 'reanim/Lilypad.reanim'
INFO: compile 0 ms:'compiled/reanim/Lilypad.reanim.compiled'
INFO: 'reanim/SunFlower.reanim'
INFO: compile 1 ms:'compiled/reanim/LoadBar_Zombiehead.reanim.compiled'
INFO: 'reanim/SodRoll.reanim'
INFO: Product: io.github.wszqkzqk.pvz-portable
INFO: BuildNum: 1041
INFO: CommitDate: 2026-09-30
INFO: compile 1 ms:'compiled/reanim/DoomShroom.reanim.compiled'
INFO: 'reanim/SnowPea.reanim'
INFO: compile 2 ms:'compiled/reanim/DoomShroom.reanim.compiled'
INFO: 'reanim/SnowPea.reanim'
INFO: compile 1 ms:'compiled/reanim/SodRoll.reanim.compiled'
INFO: 'reanim/FinalWave.reanim'
INFO: compile 0 ms:'compiled/reanim/FinalWave.reanim.compiled'
INFO: 'reanim/PeaShooterSingle.reanim'
INFO: compile 3 ms:'compiled/reanim/SunFlower.reanim.compiled'
INFO: 'reanim/LawnMower.reanim'
INFO: compile 4 ms:'compiled/reanim/SnowPea.reanim.compiled'
INFO: 'reanim/PeaShooter.reanim'
INFO: compile 2 ms:'compiled/reanim/LawnMower.reanim.compiled'
INFO: 'reanim/StartReadySetPlant.reanim'
INFO: compile 5 ms:'compiled/reanim/SnowPea.reanim.compiled'
INFO: 'reanim/PeaShooter.reanim'
INFO: compile 0 ms:'compiled/reanim/StartReadySetPlant.reanim.compiled'
INFO: 'reanim/CherryBomb.reanim'
INFO: compile 4 ms:'compiled/reanim/PeaShooterSingle.reanim.compiled'
INFO: 'reanim/Wallnut.reanim'
INFO: compile 0 ms:'compiled/reanim/Wallnut.reanim.compiled'
INFO: 'reanim/Lilypad.reanim'
INFO: compile 0 ms:'compiled/reanim/Lilypad.reanim.compiled'
INFO: 'reanim/SunFlower.reanim'
INFO: compile 2 ms:'compiled/reanim/CherryBomb.reanim.compiled'
INFO: 'reanim/Squash.reanim'
INFO: compile 1 ms:'compiled/reanim/Squash.reanim.compiled'
INFO: 'reanim/DoomShroom.reanim'
INFO: compile 5 ms:'compiled/reanim/PeaShooter.reanim.compiled'
INFO: 'reanim/SunShroom.reanim'
INFO: compile 3 ms:'compiled/reanim/SunFlower.reanim.compiled'
INFO: 'reanim/LawnMower.reanim'
INFO: compile 1 ms:'compiled/reanim/DoomShroom.reanim.compiled'
INFO: 'reanim/SnowPea.reanim'
INFO: compile 1 ms:'compiled/reanim/SunShroom.reanim.compiled'
INFO: 'reanim/Tallnut.reanim'
INFO: compile 6 ms:'compiled/reanim/PeaShooter.reanim.compiled'
INFO: 'reanim/SunShroom.reanim'
INFO: compile 1 ms:'compiled/reanim/Tallnut.reanim.compiled'
INFO: 'reanim/Fumeshroom.reanim'
INFO: compile 2 ms:'compiled/reanim/LawnMower.reanim.compiled'
INFO: 'reanim/StartReadySetPlant.reanim'
INFO: compile 1 ms:'compiled/reanim/SunShroom.reanim.compiled'
INFO: 'reanim/Tallnut.reanim'
INFO: compile 0 ms:'compiled/reanim/StartReadySetPlant.reanim.compiled'
INFO: 'reanim/CherryBomb.reanim'
INFO: compile 3 ms:'compiled/reanim/SnowPea.reanim.compiled'
INFO: 'reanim/PeaShooter.reanim'
INFO: compile 1 ms:'compiled/reanim/Tallnut.reanim.compiled'
INFO: 'reanim/Fumeshroom.reanim'
INFO: compile 2 ms:'compiled/reanim/Fumeshroom.reanim.compiled'
INFO: 'reanim/Puffshroom.reanim'
INFO: compile 2 ms:'compiled/reanim/CherryBomb.reanim.compiled'
INFO: 'reanim/Squash.reanim'
INFO: compile 1 ms:'compiled/reanim/Puffshroom.reanim.compiled'
INFO: 'reanim/Hypnoshroom.reanim'
INFO: Product: io.github.wszqkzqk.pvz-portable
INFO: BuildNum: 1041
INFO: CommitDate: 2026-09-30
INFO: compile 2 ms:'compiled/reanim/Fumeshroom.reanim.compiled'
INFO: 'reanim/Puffshroom.reanim'
INFO: compile 3 ms:'compiled/reanim/PeaShooter.reanim.compiled'
INFO: 'reanim/SunShroom.reanim'
INFO: compile 1 ms:'compiled/reanim/Squash.reanim.compiled'
INFO: 'reanim/DoomShroom.reanim'
INFO: compile 1 ms:'compiled/reanim/Hypnoshroom.reanim.compiled'
INFO: 'reanim/Chomper.reanim'
INFO: compile 1 ms:'compiled/reanim/Puffshroom.reanim.compiled'
INFO: 'reanim/Hypnoshroom.reanim'
INFO: compile 1 ms:'compiled/reanim/SunShroom.reanim.compiled'
INFO: 'reanim/Tallnut.reanim'
INFO: compile 0 ms:'compiled/reanim/Tallnut.reanim.compiled'
INFO: 'reanim/Fumeshroom.reanim'
INFO: compile 1 ms:'compiled/reanim/Hypnoshroom.reanim.compiled'
INFO: 'reanim/Chomper.reanim'
INFO: compile 2 ms:'compiled/reanim/DoomShroom.reanim.compiled'
INFO: 'reanim/SnowPea.reanim'
INFO: compile 1 ms:'compiled/reanim/Fumeshroom.reanim.compiled'
INFO: 'reanim/Puffshroom.reanim'
INFO: compile 0 ms:'compiled/reanim/Puffshroom.reanim.compiled'
INFO: 'reanim/Hypnoshroom.reanim'
INFO: RegEmu: Can't read '/tmp/pvz-env-_vc0a9bx/registry.regemu': File does not exist
INFO: RegEmu: Key 'SOFTWARE\PopCap\PlantsVsZombies' does not exist
INFO: RegEmu: Key 'SOFTWARE\PopCap\PlantsVsZombies' does not exist
INFO: RegEmu: Key 'SOFTWARE\PopCap\PlantsVsZombies' does not exist
INFO: RegEmu: Key 'SOFTWARE\PopCap\PlantsVsZombies' does not exist
INFO: RegEmu: Key 'SOFTWARE\PopCap\PlantsVsZombies' does not exist
INFO: RegEmu: Key 'SOFTWARE\PopCap\PlantsVsZombies' does not exist
INFO: RegEmu: Key 'SOFTWARE\PopCap\PlantsVsZombies' does not exist
INFO: RegEmu: Key 'SOFTWARE\PopCap\PlantsVsZombies' does not exist
INFO: RegEmu: Key 'SOFTWARE\PopCap\PlantsVsZombies' does not exist
INFO: session id: 1790781099
INFO: compile 0 ms:'compiled/reanim/Hypnoshroom.reanim.compiled'
INFO: 'reanim/Chomper.reanim'
INFO: compile 4 ms:'compiled/reanim/SnowPea.reanim.compiled'
INFO: 'reanim/PeaShooter.reanim'
INFO: compile 8 ms:'compiled/reanim/Chomper.reanim.compiled'
INFO: 'reanim/Zombie.reanim'
INFO: RegEmu: Value 'CurUser' does not exist
INFO: 'reanim/LoadBar_sprout.reanim'
INFO: compile 1 ms:'compiled/reanim/LoadBar_sprout.reanim.compiled'
INFO: 'reanim/LoadBar_Zombiehead.reanim'
INFO: compile 4 ms:'compiled/reanim/PeaShooter.reanim.compiled'
INFO: 'reanim/SunShroom.reanim'
INFO: Product: io.github.wszqkzqk.pvz-portable
INFO: BuildNum: 1041
INFO: CommitDate: 2026-09-30
INFO: compile 1 ms:'compiled/reanim/LoadBar_Zombiehead.reanim.compiled'
INFO: 'reanim/SodRoll.reanim'
INFO: compile 1 ms:'compiled/reanim/SunShroom.reanim.compiled'
INFO: 'reanim/Tallnut.reanim'
INFO: compile 1 ms:'compiled/reanim/SodRoll.reanim.compiled'
INFO: 'reanim/FinalWave.reanim'
INFO: compile 0 ms:'compiled/reanim/FinalWave.reanim.compiled'
INFO: 'reanim/PeaShooterSingle.reanim'
INFO: compile 0 ms:'compiled/reanim/Tallnut.reanim.compiled'
INFO: 'reanim/Fumeshroom.reanim'
INFO: compile 7 ms:'compiled/reanim/Chomper.reanim.compiled'
INFO: 'reanim/Zombie.reanim'
INFO: compile 11 ms:'compiled/reanim/Chomper.reanim.compiled'
INFO: 'reanim/Zombie.reanim'
INFO: compile 1 ms:'compiled/reanim/Fumeshroom.reanim.compiled'
INFO: 'reanim/Puffshroom.reanim'
INFO: compile 1 ms:'compiled/reanim/Puffshroom.reanim.compiled'
INFO: 'reanim/Hypnoshroom.reanim'
INFO: compile 0 ms:'compiled/reanim/Hypnoshroom.reanim.compiled'
INFO: 'reanim/Chomper.reanim'
INFO: compile 4 ms:'compiled/reanim/PeaShooterSingle.reanim.compiled'
INFO: 'reanim/Wallnut.reanim'
INFO: RegEmu: Can't read '/tmp/pvz-env-9i3zmtm0/registry.regemu': File does not exist
INFO: RegEmu: Key 'SOFTWARE\PopCap\PlantsVsZombies' does not exist
INFO: RegEmu: Key 'SOFTWARE\PopCap\PlantsVsZombies' does not exist
INFO: RegEmu: Key 'SOFTWARE\PopCap\PlantsVsZombies' does not exist
INFO: RegEmu: Key 'SOFTWARE\PopCap\PlantsVsZombies' does not exist
INFO: RegEmu: Key 'SOFTWARE\PopCap\PlantsVsZombies' does not exist
INFO: RegEmu: Key 'SOFTWARE\PopCap\PlantsVsZombies' does not exist
INFO: RegEmu: Key 'SOFTWARE\PopCap\PlantsVsZombies' does not exist
INFO: RegEmu: Key 'SOFTWARE\PopCap\PlantsVsZombies' does not exist
INFO: RegEmu: Key 'SOFTWARE\PopCap\PlantsVsZombies' does not exist
INFO: session id: 1790781099
INFO: compile 1 ms:'compiled/reanim/Wallnut.reanim.compiled'
INFO: 'reanim/Lilypad.reanim'
INFO: compile 0 ms:'compiled/reanim/Lilypad.reanim.compiled'
INFO: 'reanim/SunFlower.reanim'
INFO: compile 42 ms:'compiled/reanim/Zombie.reanim.compiled'
INFO: 'reanim/Sun.reanim'
INFO: compile 0 ms:'compiled/reanim/Sun.reanim.compiled'
INFO: 'reanim/PotatoMine.reanim'
INFO: RegEmu: Value 'CurUser' does not exist
INFO: 'reanim/LoadBar_sprout.reanim'
INFO: compile 1 ms:'compiled/reanim/LoadBar_sprout.reanim.compiled'
INFO: 'reanim/LoadBar_Zombiehead.reanim'
INFO: compile 2 ms:'compiled/reanim/PotatoMine.reanim.compiled'
INFO: 'reanim/Caltrop.reanim'
INFO: compile 7 ms:'compiled/reanim/Chomper.reanim.compiled'
INFO: 'reanim/Zombie.reanim'
INFO: compile 5 ms:'compiled/reanim/SunFlower.reanim.compiled'
INFO: 'reanim/LawnMower.reanim'
INFO: compile 1 ms:'compiled/reanim/Caltrop.reanim.compiled'
INFO: 'reanim/SpikeRock.reanim'
INFO: compile 1 ms:'compiled/reanim/LoadBar_Zombiehead.reanim.compiled'
INFO: 'reanim/SodRoll.reanim'
INFO: compile 1 ms:'compiled/reanim/SodRoll.reanim.compiled'
INFO: 'reanim/FinalWave.reanim'
INFO: compile 1 ms:'compiled/reanim/SpikeRock.reanim.compiled'
INFO: 'reanim/ThreePeater.reanim'
INFO: compile 0 ms:'compiled/reanim/FinalWave.reanim.compiled'
INFO: 'reanim/PeaShooterSingle.reanim'
INFO: compile 3 ms:'compiled/reanim/LawnMower.reanim.compiled'
INFO: 'reanim/StartReadySetPlant.reanim'
INFO: compile 1 ms:'compiled/reanim/StartReadySetPlant.reanim.compiled'
INFO: 'reanim/CherryBomb.reanim'
INFO: RegEmu: Can't read '/tmp/pvz-env-efrm5gvm/registry.regemu': File does not exist
INFO: RegEmu: Key 'SOFTWARE\PopCap\PlantsVsZombies' does not exist
INFO: RegEmu: Key 'SOFTWARE\PopCap\PlantsVsZombies' does not exist
INFO: RegEmu: Key 'SOFTWARE\PopCap\PlantsVsZombies' does not exist
INFO: RegEmu: Key 'SOFTWARE\PopCap\PlantsVsZombies' does not exist
INFO: RegEmu: Key 'SOFTWARE\PopCap\PlantsVsZombies' does not exist
INFO: RegEmu: Key 'SOFTWARE\PopCap\PlantsVsZombies' does not exist
INFO: RegEmu: Key 'SOFTWARE\PopCap\PlantsVsZombies' does not exist
INFO: RegEmu: Key 'SOFTWARE\PopCap\PlantsVsZombies' does not exist
INFO: RegEmu: Key 'SOFTWARE\PopCap\PlantsVsZombies' does not exist
INFO: session id: 1790781099
INFO: compile 4 ms:'compiled/reanim/PeaShooterSingle.reanim.compiled'
INFO: 'reanim/Wallnut.reanim'
INFO: compile 5 ms:'compiled/reanim/ThreePeater.reanim.compiled'
INFO: 'reanim/Marigold.reanim'
INFO: compile 0 ms:'compiled/reanim/Wallnut.reanim.compiled'
INFO: 'reanim/Lilypad.reanim'
INFO: compile 0 ms:'compiled/reanim/Lilypad.reanim.compiled'
INFO: 'reanim/SunFlower.reanim'
INFO: RegEmu: Value 'CurUser' does not exist
INFO: 'reanim/LoadBar_sprout.reanim'
INFO: compile 1 ms:'compiled/reanim/Marigold.reanim.compiled'
INFO: 'reanim/IceShroom.reanim'
INFO: compile 4 ms:'compiled/reanim/CherryBomb.reanim.compiled'
INFO: 'reanim/Squash.reanim'
INFO: compile 0 ms:'compiled/reanim/LoadBar_sprout.reanim.compiled'
INFO: 'reanim/LoadBar_Zombiehead.reanim'
INFO: compile 0 ms:'compiled/reanim/IceShroom.reanim.compiled'
INFO: 'reanim/Zombie_football.reanim'
INFO: compile 0 ms:'compiled/reanim/LoadBar_Zombiehead.reanim.compiled'
INFO: 'reanim/SodRoll.reanim'
INFO: compile 0 ms:'compiled/reanim/SodRoll.reanim.compiled'
INFO: 'reanim/FinalWave.reanim'
INFO: compile 2 ms:'compiled/reanim/Squash.reanim.compiled'
INFO: 'reanim/DoomShroom.reanim'
INFO: compile 0 ms:'compiled/reanim/FinalWave.reanim.compiled'
INFO: 'reanim/PeaShooterSingle.reanim'
INFO: compile 3 ms:'compiled/reanim/SunFlower.reanim.compiled'
INFO: 'reanim/LawnMower.reanim'
INFO: compile 2 ms:'compiled/reanim/LawnMower.reanim.compiled'
INFO: 'reanim/StartReadySetPlant.reanim'
INFO: compile 2 ms:'compiled/reanim/DoomShroom.reanim.compiled'
INFO: 'reanim/SnowPea.reanim'
INFO: compile 3 ms:'compiled/reanim/PeaShooterSingle.reanim.compiled'
INFO: 'reanim/Wallnut.reanim'
INFO: compile 0 ms:'compiled/reanim/StartReadySetPlant.reanim.compiled'
INFO: 'reanim/CherryBomb.reanim'
INFO: compile 0 ms:'compiled/reanim/Wallnut.reanim.compiled'
INFO: 'reanim/Lilypad.reanim'
INFO: compile 0 ms:'compiled/reanim/Lilypad.reanim.compiled'
INFO: 'reanim/SunFlower.reanim'
INFO: compile 6 ms:'compiled/reanim/Zombie_football.reanim.compiled'
INFO: 'reanim/Zombie_paper.reanim'
INFO: compile 34 ms:'compiled/reanim/Zombie.reanim.compiled'
INFO: compile 2 ms:'compiled/reanim/CherryBomb.reanim.compiled'
INFO: 'reanim/Squash.reanim'
INFO: 'reanim/Sun.reanim'
INFO: compile 0 ms:'compiled/reanim/Sun.reanim.compiled'
INFO: 'reanim/PotatoMine.reanim'
INFO: compile 1 ms:'compiled/reanim/Squash.reanim.compiled'
INFO: 'reanim/DoomShroom.reanim'
INFO: compile 3 ms:'compiled/reanim/SunFlower.reanim.compiled'
INFO: 'reanim/LawnMower.reanim'
INFO: compile 5 ms:'compiled/reanim/SnowPea.reanim.compiled'
INFO: 'reanim/PeaShooter.reanim'
INFO: compile 1 ms:'compiled/reanim/DoomShroom.reanim.compiled'
INFO: 'reanim/SnowPea.reanim'
INFO: compile 2 ms:'compiled/reanim/PotatoMine.reanim.compiled'
INFO: 'reanim/Caltrop.reanim'
INFO: compile 2 ms:'compiled/reanim/LawnMower.reanim.compiled'
INFO: 'reanim/StartReadySetPlant.reanim'
INFO: compile 1 ms:'compiled/reanim/Caltrop.reanim.compiled'
INFO: 'reanim/SpikeRock.reanim'
INFO: compile 0 ms:'compiled/reanim/StartReadySetPlant.reanim.compiled'
INFO: 'reanim/CherryBomb.reanim'
INFO: compile 3 ms:'compiled/reanim/PeaShooter.reanim.compiled'
INFO: 'reanim/SunShroom.reanim'
INFO: compile 1 ms:'compiled/reanim/SpikeRock.reanim.compiled'
INFO: 'reanim/ThreePeater.reanim'
INFO: compile 1 ms:'compiled/reanim/SunShroom.reanim.compiled'
INFO: 'reanim/Tallnut.reanim'
INFO: compile 2 ms:'compiled/reanim/CherryBomb.reanim.compiled'
INFO: 'reanim/Squash.reanim'
INFO: compile 4 ms:'compiled/reanim/SnowPea.reanim.compiled'
INFO: 'reanim/PeaShooter.reanim'
INFO: compile 0 ms:'compiled/reanim/Tallnut.reanim.compiled'
INFO: 'reanim/Fumeshroom.reanim'
INFO: compile 1 ms:'compiled/reanim/Squash.reanim.compiled'
INFO: 'reanim/DoomShroom.reanim'
INFO: compile 1 ms:'compiled/reanim/Fumeshroom.reanim.compiled'
INFO: 'reanim/Puffshroom.reanim'
INFO: compile 1 ms:'compiled/reanim/DoomShroom.reanim.compiled'
INFO: 'reanim/SnowPea.reanim'
INFO: compile 0 ms:'compiled/reanim/Puffshroom.reanim.compiled'
INFO: 'reanim/Hypnoshroom.reanim'
INFO: compile 39 ms:'compiled/reanim/Zombie.reanim.compiled'
INFO: 'reanim/Sun.reanim'
INFO: compile 4 ms:'compiled/reanim/ThreePeater.reanim.compiled'
INFO: 'reanim/Marigold.reanim'
INFO: compile 0 ms:'compiled/reanim/Hypnoshroom.reanim.compiled'
INFO: 'reanim/Chomper.reanim'
INFO: compile 0 ms:'compiled/reanim/Sun.reanim.compiled'
INFO: 'reanim/PotatoMine.reanim'
INFO: compile 1 ms:'compiled/reanim/Marigold.reanim.compiled'
INFO: 'reanim/IceShroom.reanim'
INFO: compile 0 ms:'compiled/reanim/IceShroom.reanim.compiled'
INFO: 'reanim/Zombie_football.reanim'
INFO: compile 5 ms:'compiled/reanim/PeaShooter.reanim.compiled'
INFO: 'reanim/SunShroom.reanim'
INFO: compile 3 ms:'compiled/reanim/SnowPea.reanim.compiled'
INFO: compile 42 ms:'compiled/reanim/Zombie.reanim.compiled'
INFO: 'reanim/PeaShooter.reanim'
INFO: 'reanim/Sun.reanim'
INFO: compile 0 ms:'compiled/reanim/Sun.reanim.compiled'
INFO: 'reanim/PotatoMine.reanim'
INFO: compile 33 ms:'compiled/reanim/Zombie.reanim.compiled'
INFO: compile 1 ms:'compiled/reanim/SunShroom.reanim.compiled'
INFO: 'reanim/Tallnut.reanim'
INFO: 'reanim/Sun.reanim'
INFO: compile 3 ms:'compiled/reanim/PotatoMine.reanim.compiled'
INFO: 'reanim/Caltrop.reanim'
INFO: compile 0 ms:'compiled/reanim/Sun.reanim.compiled'
INFO: 'reanim/PotatoMine.reanim'
INFO: compile 1 ms:'compiled/reanim/Tallnut.reanim.compiled'
INFO: 'reanim/Fumeshroom.reanim'
INFO: compile 1 ms:'compiled/reanim/Caltrop.reanim.compiled'
INFO: 'reanim/SpikeRock.reanim'
INFO: compile 3 ms:'compiled/reanim/PeaShooter.reanim.compiled'
INFO: 'reanim/SunShroom.reanim'
INFO: compile 17 ms:'compiled/reanim/Zombie_paper.reanim.compiled'
INFO: 'reanim/Zombie_zamboni.reanim'
INFO: compile 3 ms:'compiled/reanim/PotatoMine.reanim.compiled'
INFO: 'reanim/Caltrop.reanim'
INFO: compile 1 ms:'compiled/reanim/SunShroom.reanim.compiled'
INFO: 'reanim/Tallnut.reanim'
INFO: compile 2 ms:'compiled/reanim/Fumeshroom.reanim.compiled'
INFO: 'reanim/Puffshroom.reanim'
INFO: compile 2 ms:'compiled/reanim/PotatoMine.reanim.compiled'
INFO: 'reanim/Caltrop.reanim'
INFO: compile 7 ms:'compiled/reanim/Chomper.reanim.compiled'
INFO: compile 0 ms:'compiled/reanim/Tallnut.reanim.compiled'
INFO: 'reanim/Fumeshroom.reanim'
INFO: 'reanim/Zombie.reanim'
INFO: compile 2 ms:'compiled/reanim/SpikeRock.reanim.compiled'
INFO: 'reanim/ThreePeater.reanim'
INFO: compile 1 ms:'compiled/reanim/Caltrop.reanim.compiled'
INFO: 'reanim/SpikeRock.reanim'
INFO: compile 1 ms:'compiled/reanim/Puffshroom.reanim.compiled'
INFO: 'reanim/Hypnoshroom.reanim'
INFO: compile 1 ms:'compiled/reanim/Caltrop.reanim.compiled'
INFO: 'reanim/SpikeRock.reanim'
INFO: compile 2 ms:'compiled/reanim/Fumeshroom.reanim.compiled'
INFO: 'reanim/Puffshroom.reanim'
INFO: compile 1 ms:'compiled/reanim/SpikeRock.reanim.compiled'
INFO: 'reanim/ThreePeater.reanim'
INFO: compile 1 ms:'compiled/reanim/Hypnoshroom.reanim.compiled'
INFO: 'reanim/Chomper.reanim'
INFO: compile 9 ms:'compiled/reanim/Zombie_football.reanim.compiled'
INFO: 'reanim/Zombie_paper.reanim'
INFO: compile 1 ms:'compiled/reanim/Puffshroom.reanim.compiled'
INFO: 'reanim/Hypnoshroom.reanim'
INFO: compile 2 ms:'compiled/reanim/SpikeRock.reanim.compiled'
INFO: 'reanim/ThreePeater.reanim'
INFO: compile 5 ms:'compiled/reanim/Zombie_zamboni.reanim.compiled'
INFO: 'reanim/splash.reanim'
INFO: compile 0 ms:'compiled/reanim/splash.reanim.compiled'
INFO: 'reanim/Jalapeno.reanim'
INFO: compile 1 ms:'compiled/reanim/Hypnoshroom.reanim.compiled'
INFO: 'reanim/Chomper.reanim'
INFO: compile 1 ms:'compiled/reanim/Jalapeno.reanim.compiled'
INFO: 'reanim/fire.reanim'
INFO: compile 4 ms:'compiled/reanim/ThreePeater.reanim.compiled'
INFO: 'reanim/Marigold.reanim'
INFO: compile 7 ms:'compiled/reanim/ThreePeater.reanim.compiled'
INFO: 'reanim/Marigold.reanim'
INFO: compile 2 ms:'compiled/reanim/fire.reanim.compiled'
INFO: compile 1 ms:'compiled/reanim/Marigold.reanim.compiled'
INFO: 'reanim/Coin_silver.reanim'
INFO: 'reanim/IceShroom.reanim'
INFO: compile 0 ms:'compiled/reanim/Coin_silver.reanim.compiled'
INFO: 'reanim/Zombie_charred.reanim'
INFO: compile 0 ms:'compiled/reanim/IceShroom.reanim.compiled'
INFO: 'reanim/Zombie_football.reanim'
INFO: compile 6 ms:'compiled/reanim/ThreePeater.reanim.compiled'
INFO: 'reanim/Marigold.reanim'
INFO: compile 2 ms:'compiled/reanim/Marigold.reanim.compiled'
INFO: 'reanim/IceShroom.reanim'
INFO: compile 1 ms:'compiled/reanim/Zombie_charred.reanim.compiled'
INFO: 'reanim/Zombie_charred_imp.reanim'
INFO: compile 1 ms:'compiled/reanim/IceShroom.reanim.compiled'
INFO: 'reanim/Zombie_football.reanim'
INFO: compile 1 ms:'compiled/reanim/Marigold.reanim.compiled'
INFO: 'reanim/IceShroom.reanim'
INFO: compile 1 ms:'compiled/reanim/Zombie_charred_imp.reanim.compiled'
INFO: 'reanim/Zombie_charred_digger.reanim'
INFO: compile 0 ms:'compiled/reanim/IceShroom.reanim.compiled'
INFO: 'reanim/Zombie_football.reanim'
INFO: compile 8 ms:'compiled/reanim/Chomper.reanim.compiled'
INFO: 'reanim/Zombie.reanim'
INFO: compile 2 ms:'compiled/reanim/Zombie_charred_digger.reanim.compiled'
INFO: 'reanim/Zombie_charred_zamboni.reanim'
INFO: compile 13 ms:'compiled/reanim/Chomper.reanim.compiled'
INFO: 'reanim/Zombie.reanim'
INFO: compile 7 ms:'compiled/reanim/Zombie_football.reanim.compiled'
INFO: 'reanim/Zombie_paper.reanim'
INFO: compile 4 ms:'compiled/reanim/Zombie_charred_zamboni.reanim.compiled'
INFO: 'reanim/Zombie_charred_catapult.reanim'
INFO: compile 7 ms:'compiled/reanim/Zombie_football.reanim.compiled'
INFO: 'reanim/Zombie_paper.reanim'
INFO: compile 8 ms:'compiled/reanim/Zombie_football.reanim.compiled'
INFO: 'reanim/Zombie_paper.reanim'
INFO: compile 17 ms:'compiled/reanim/Zombie_paper.reanim.compiled'
INFO: 'reanim/Zombie_zamboni.reanim'
INFO: compile 3 ms:'compiled/reanim/Zombie_charred_catapult.reanim.compiled'
INFO: 'reanim/Zombie_charred_gargantuar.reanim'
INFO: compile 3 ms:'compiled/reanim/Zombie_charred_gargantuar.reanim.compiled'
INFO: 'reanim/ScaredyShroom.reanim'
INFO: compile 5 ms:'compiled/reanim/Zombie_zamboni.reanim.compiled'
INFO: 'reanim/splash.reanim'
INFO: compile 0 ms:'compiled/reanim/splash.reanim.compiled'
INFO: 'reanim/Jalapeno.reanim'
INFO: compile 1 ms:'compiled/reanim/Jalapeno.reanim.compiled'
INFO: 'reanim/fire.reanim'
INFO: compile 2 ms:'compiled/reanim/ScaredyShroom.reanim.compiled'
INFO: 'reanim/Pumpkin.reanim'
INFO: compile 0 ms:'compiled/reanim/Pumpkin.reanim.compiled'
INFO: 'reanim/Plantern.reanim'
INFO: compile 2 ms:'compiled/reanim/fire.reanim.compiled'
INFO: 'reanim/Coin_silver.reanim'
INFO: compile 0 ms:'compiled/reanim/Coin_silver.reanim.compiled'
INFO: 'reanim/Zombie_charred.reanim'
INFO: compile 1 ms:'compiled/reanim/Plantern.reanim.compiled'
INFO: 'reanim/Torchwood.reanim'
INFO: compile 12 ms:'compiled/reanim/Zombie_paper.reanim.compiled'
INFO: 'reanim/Zombie_zamboni.reanim'
INFO: compile 1 ms:'compiled/reanim/Torchwood.reanim.compiled'
INFO: 'reanim/SplitPea.reanim'
INFO: compile 2 ms:'compiled/reanim/Zombie_charred.reanim.compiled'
INFO: 'reanim/Zombie_charred_imp.reanim'
INFO: compile 13 ms:'compiled/reanim/Zombie_paper.reanim.compiled'
INFO: 'reanim/Zombie_zamboni.reanim'
INFO: compile 1 ms:'compiled/reanim/Zombie_charred_imp.reanim.compiled'
INFO: 'reanim/Zombie_charred_digger.reanim'
INFO: compile 2 ms:'compiled/reanim/SplitPea.reanim.compiled'
INFO: 'reanim/SeaShroom.reanim'
INFO: compile 19 ms:'compiled/reanim/Zombie_paper.reanim.compiled'
INFO: 'reanim/Zombie_zamboni.reanim'
INFO: compile 2 ms:'compiled/reanim/Zombie_charred_digger.reanim.compiled'
INFO: 'reanim/Zombie_charred_zamboni.reanim'
INFO: compile 2 ms:'compiled/reanim/SeaShroom.reanim.compiled'
INFO: 'reanim/Blover.reanim'
INFO: compile 38 ms:'compiled/reanim/Zombie.reanim.compiled'
INFO: 'reanim/Sun.reanim'
INFO: compile 1 ms:'compiled/reanim/Blover.reanim.compiled'
INFO: 'reanim/Pot.reanim'
INFO: compile 1 ms:'compiled/reanim/Sun.reanim.compiled'
INFO: 'reanim/PotatoMine.reanim'
INFO: compile 1 ms:'compiled/reanim/Pot.reanim.compiled'
INFO: 'reanim/Cactus.reanim'
INFO: compile 8 ms:'compiled/reanim/Zombie_zamboni.reanim.compiled'
INFO: 'reanim/splash.reanim'
INFO: compile 3 ms:'compiled/reanim/Zombie_charred_zamboni.reanim.compiled'
INFO: 'reanim/Zombie_charred_catapult.reanim'
INFO: compile 1 ms:'compiled/reanim/splash.reanim.compiled'
INFO: 'reanim/Jalapeno.reanim'
INFO: compile 8 ms:'compiled/reanim/Zombie_zamboni.reanim.compiled'
INFO: 'reanim/splash.reanim'
INFO: compile 3 ms:'compiled/reanim/PotatoMine.reanim.compiled'
INFO: 'reanim/Caltrop.reanim'
INFO: compile 1 ms:'compiled/reanim/splash.reanim.compiled'
INFO: compile 1 ms:'compiled/reanim/Jalapeno.reanim.compiled'
INFO: 'reanim/Jalapeno.reanim'
INFO: 'reanim/fire.reanim'
INFO: compile 3 ms:'compiled/reanim/Zombie_charred_catapult.reanim.compiled'
INFO: 'reanim/Zombie_charred_gargantuar.reanim'
INFO: compile 4 ms:'compiled/reanim/Cactus.reanim.compiled'
INFO: 'reanim/Zombie_disco.reanim'
INFO: compile 8 ms:'compiled/reanim/Zombie_zamboni.reanim.compiled'
INFO: 'reanim/splash.reanim'
INFO: compile 1 ms:'compiled/reanim/Caltrop.reanim.compiled'
INFO: 'reanim/SpikeRock.reanim'
INFO: compile 1 ms:'compiled/reanim/Jalapeno.reanim.compiled'
INFO: 'reanim/fire.reanim'
INFO: compile 1 ms:'compiled/reanim/splash.reanim.compiled'
INFO: 'reanim/Jalapeno.reanim'
INFO: compile 3 ms:'compiled/reanim/fire.reanim.compiled'
INFO: 'reanim/Coin_silver.reanim'
INFO: compile 3 ms:'compiled/reanim/Zombie_charred_gargantuar.reanim.compiled'
INFO: 'reanim/ScaredyShroom.reanim'
INFO: compile 1 ms:'compiled/reanim/Jalapeno.reanim.compiled'
INFO: 'reanim/fire.reanim'
INFO: compile 0 ms:'compiled/reanim/Coin_silver.reanim.compiled'
INFO: 'reanim/Zombie_charred.reanim'
INFO: compile 3 ms:'compiled/reanim/SpikeRock.reanim.compiled'
INFO: 'reanim/ThreePeater.reanim'
INFO: compile 2 ms:'compiled/reanim/fire.reanim.compiled'
INFO: 'reanim/Coin_silver.reanim'
INFO: compile 0 ms:'compiled/reanim/Coin_silver.reanim.compiled'
INFO: 'reanim/Zombie_charred.reanim'
INFO: compile 33 ms:'compiled/reanim/Zombie.reanim.compiled'
INFO: 'reanim/Sun.reanim'
INFO: compile 0 ms:'compiled/reanim/Sun.reanim.compiled'
INFO: 'reanim/PotatoMine.reanim'
INFO: compile 2 ms:'compiled/reanim/Zombie_charred.reanim.compiled'
INFO: 'reanim/Zombie_charred_imp.reanim'
INFO: compile 1 ms:'compiled/reanim/Zombie_charred.reanim.compiled'
INFO: 'reanim/Zombie_charred_imp.reanim'
INFO: compile 3 ms:'compiled/reanim/fire.reanim.compiled'
INFO: 'reanim/Coin_silver.reanim'
INFO: compile 1 ms:'compiled/reanim/Zombie_charred_imp.reanim.compiled'
INFO: 'reanim/Zombie_charred_digger.reanim'
INFO: compile 0 ms:'compiled/reanim/Coin_silver.reanim.compiled'
INFO: 'reanim/Zombie_charred.reanim'
INFO: compile 4 ms:'compiled/reanim/ScaredyShroom.reanim.compiled'
INFO: 'reanim/Pumpkin.reanim'
INFO: compile 1 ms:'compiled/reanim/Zombie_charred_imp.reanim.compiled'
INFO: 'reanim/Zombie_charred_digger.reanim'
INFO: compile 2 ms:'compiled/reanim/PotatoMine.reanim.compiled'
INFO: 'reanim/Caltrop.reanim'
INFO: compile 1 ms:'compiled/reanim/Pumpkin.reanim.compiled'
INFO: compile 1 ms:'compiled/reanim/Caltrop.reanim.compiled'
INFO: 'reanim/SpikeRock.reanim'
INFO: 'reanim/Plantern.reanim'
INFO: compile 39 ms:'compiled/reanim/Zombie.reanim.compiled'
INFO: 'reanim/Sun.reanim'
INFO: compile 1 ms:'compiled/reanim/Zombie_charred.reanim.compiled'
INFO: 'reanim/Zombie_charred_imp.reanim'
INFO: compile 2 ms:'compiled/reanim/Zombie_charred_digger.reanim.compiled'
INFO: 'reanim/Zombie_charred_zamboni.reanim'
INFO: compile 0 ms:'compiled/reanim/Sun.reanim.compiled'
INFO: 'reanim/PotatoMine.reanim'
INFO: compile 6 ms:'compiled/reanim/ThreePeater.reanim.compiled'
INFO: 'reanim/Marigold.reanim'
INFO: compile 1 ms:'compiled/reanim/Zombie_charred_imp.reanim.compiled'
INFO: 'reanim/Zombie_charred_digger.reanim'
INFO: compile 1 ms:'compiled/reanim/SpikeRock.reanim.compiled'
INFO: 'reanim/ThreePeater.reanim'
INFO: compile 2 ms:'compiled/reanim/Plantern.reanim.compiled'
INFO: 'reanim/Torchwood.reanim'
INFO: compile 3 ms:'compiled/reanim/Zombie_charred_digger.reanim.compiled'
INFO: 'reanim/Zombie_charred_zamboni.reanim'
INFO: compile 1 ms:'compiled/reanim/Marigold.reanim.compiled'
INFO: 'reanim/IceShroom.reanim'
INFO: compile 0 ms:'compiled/reanim/IceShroom.reanim.compiled'
INFO: 'reanim/Zombie_football.reanim'
INFO: compile 2 ms:'compiled/reanim/Zombie_charred_digger.reanim.compiled'
INFO: 'reanim/Zombie_charred_zamboni.reanim'
INFO: compile 3 ms:'compiled/reanim/PotatoMine.reanim.compiled'
INFO: 'reanim/Caltrop.reanim'
INFO: compile 3 ms:'compiled/reanim/Zombie_charred_zamboni.reanim.compiled'
INFO: 'reanim/Zombie_charred_catapult.reanim'
INFO: compile 2 ms:'compiled/reanim/Torchwood.reanim.compiled'
INFO: 'reanim/SplitPea.reanim'
INFO: compile 14 ms:'compiled/reanim/Zombie_disco.reanim.compiled'
INFO: 'reanim/Tanglekelp.reanim'
INFO: compile 1 ms:'compiled/reanim/Caltrop.reanim.compiled'
INFO: 'reanim/SpikeRock.reanim'
INFO: compile 4 ms:'compiled/reanim/ThreePeater.reanim.compiled'
INFO: 'reanim/Marigold.reanim'
INFO: compile 4 ms:'compiled/reanim/Zombie_charred_zamboni.reanim.compiled'
INFO: 'reanim/Zombie_charred_catapult.reanim'
INFO: compile 2 ms:'compiled/reanim/SplitPea.reanim.compiled'
INFO: 'reanim/SeaShroom.reanim'
INFO: compile 1 ms:'compiled/reanim/Marigold.reanim.compiled'
INFO: 'reanim/IceShroom.reanim'
INFO: compile 3 ms:'compiled/reanim/Zombie_charred_catapult.reanim.compiled'
INFO: 'reanim/Zombie_charred_gargantuar.reanim'
INFO: compile 3 ms:'compiled/reanim/Zombie_charred_zamboni.reanim.compiled'
INFO: 'reanim/Zombie_charred_catapult.reanim'
INFO: compile 2 ms:'compiled/reanim/SpikeRock.reanim.compiled'
INFO: compile 0 ms:'compiled/reanim/IceShroom.reanim.compiled'
INFO: 'reanim/Zombie_football.reanim'
INFO: 'reanim/ThreePeater.reanim'
INFO: compile 2 ms:'compiled/reanim/SeaShroom.reanim.compiled'
INFO: 'reanim/Blover.reanim'
INFO: compile 5 ms:'compiled/reanim/Tanglekelp.reanim.compiled'
INFO: 'reanim/Starfruit.reanim'
INFO: compile 4 ms:'compiled/reanim/Zombie_charred_catapult.reanim.compiled'
INFO: 'reanim/Zombie_charred_gargantuar.reanim'
INFO: compile 3 ms:'compiled/reanim/Zombie_charred_catapult.reanim.compiled'
INFO: 'reanim/Zombie_charred_gargantuar.reanim'
INFO: compile 8 ms:'compiled/reanim/Zombie_football.reanim.compiled'
INFO: 'reanim/Zombie_paper.reanim'
INFO: compile 1 ms:'compiled/reanim/Starfruit.reanim.compiled'
INFO: compile 4 ms:'compiled/reanim/Zombie_charred_gargantuar.reanim.compiled'
INFO: 'reanim/Zombie_polevaulter.reanim'
INFO: 'reanim/ScaredyShroom.reanim'
INFO: compile 2 ms:'compiled/reanim/Blover.reanim.compiled'
INFO: 'reanim/Pot.reanim'
INFO: compile 4 ms:'compiled/reanim/ThreePeater.reanim.compiled'
INFO: 'reanim/Marigold.reanim'
INFO: compile 2 ms:'compiled/reanim/Pot.reanim.compiled'
INFO: 'reanim/Cactus.reanim'
INFO: compile 2 ms:'compiled/reanim/Zombie_charred_gargantuar.reanim.compiled'
INFO: 'reanim/ScaredyShroom.reanim'
INFO: compile 1 ms:'compiled/reanim/Marigold.reanim.compiled'
INFO: 'reanim/IceShroom.reanim'
INFO: compile 6 ms:'compiled/reanim/Zombie_football.reanim.compiled'
INFO: 'reanim/Zombie_paper.reanim'
INFO: compile 0 ms:'compiled/reanim/IceShroom.reanim.compiled'
INFO: 'reanim/Zombie_football.reanim'
INFO: compile 4 ms:'compiled/reanim/ScaredyShroom.reanim.compiled'
INFO: 'reanim/Pumpkin.reanim'
INFO: compile 5 ms:'compiled/reanim/Zombie_charred_gargantuar.reanim.compiled'
INFO: 'reanim/ScaredyShroom.reanim'
INFO: compile 2 ms:'compiled/reanim/ScaredyShroom.reanim.compiled'
INFO: 'reanim/Pumpkin.reanim'
INFO: compile 0 ms:'compiled/reanim/Pumpkin.reanim.compiled'
INFO: 'reanim/Plantern.reanim'
INFO: compile 0 ms:'compiled/reanim/Pumpkin.reanim.compiled'
INFO: 'reanim/Plantern.reanim'
INFO: compile 1 ms:'compiled/reanim/Plantern.reanim.compiled'
INFO: 'reanim/Torchwood.reanim'
INFO: compile 2 ms:'compiled/reanim/Plantern.reanim.compiled'
INFO: 'reanim/Torchwood.reanim'
INFO: compile 1 ms:'compiled/reanim/Torchwood.reanim.compiled'
INFO: 'reanim/SplitPea.reanim'
INFO: compile 6 ms:'compiled/reanim/Cactus.reanim.compiled'
INFO: 'reanim/Zombie_disco.reanim'
INFO: compile 2 ms:'compiled/reanim/Torchwood.reanim.compiled'
INFO: 'reanim/SplitPea.reanim'
INFO: compile 5 ms:'compiled/reanim/ScaredyShroom.reanim.compiled'
INFO: 'reanim/Pumpkin.reanim'
INFO: compile 6 ms:'compiled/reanim/Zombie_football.reanim.compiled'
INFO: 'reanim/Zombie_paper.reanim'
INFO: compile 2 ms:'compiled/reanim/SplitPea.reanim.compiled'
INFO: 'reanim/SeaShroom.reanim'
INFO: compile 0 ms:'compiled/reanim/Pumpkin.reanim.compiled'
INFO: 'reanim/Plantern.reanim'
INFO: compile 12 ms:'compiled/reanim/Zombie_polevaulter.reanim.compiled'
INFO: compile 2 ms:'compiled/reanim/SplitPea.reanim.compiled'
INFO: 'reanim/Zombie_balloon.reanim'
INFO: 'reanim/SeaShroom.reanim'
INFO: compile 1 ms:'compiled/reanim/Plantern.reanim.compiled'
INFO: 'reanim/Torchwood.reanim'
INFO: compile 2 ms:'compiled/reanim/SeaShroom.reanim.compiled'
INFO: 'reanim/Blover.reanim'
INFO: compile 2 ms:'compiled/reanim/SeaShroom.reanim.compiled'
INFO: 'reanim/Blover.reanim'
INFO: compile 1 ms:'compiled/reanim/Blover.reanim.compiled'
INFO: 'reanim/Pot.reanim'
INFO: compile 2 ms:'compiled/reanim/Torchwood.reanim.compiled'
INFO: 'reanim/SplitPea.reanim'
INFO: compile 12 ms:'compiled/reanim/Zombie_paper.reanim.compiled'
INFO: 'reanim/Zombie_zamboni.reanim'
INFO: compile 1 ms:'compiled/reanim/Blover.reanim.compiled'
INFO: 'reanim/Pot.reanim'
INFO: compile 16 ms:'compiled/reanim/Zombie_paper.reanim.compiled'
INFO: 'reanim/Zombie_zamboni.reanim'
INFO: compile 1 ms:'compiled/reanim/Pot.reanim.compiled'
INFO: 'reanim/Cactus.reanim'
INFO: compile 1 ms:'compiled/reanim/Pot.reanim.compiled'
INFO: 'reanim/Cactus.reanim'
INFO: compile 4 ms:'compiled/reanim/SplitPea.reanim.compiled'
INFO: 'reanim/SeaShroom.reanim'
INFO: compile 4 ms:'compiled/reanim/Cactus.reanim.compiled'
INFO: 'reanim/Zombie_disco.reanim'
INFO: compile 12 ms:'compiled/reanim/Zombie_disco.reanim.compiled'
INFO: 'reanim/Tanglekelp.reanim'
INFO: compile 5 ms:'compiled/reanim/Zombie_zamboni.reanim.compiled'
INFO: 'reanim/splash.reanim'
INFO: compile 6 ms:'compiled/reanim/Zombie_zamboni.reanim.compiled'
INFO: 'reanim/splash.reanim'
INFO: compile 0 ms:'compiled/reanim/splash.reanim.compiled'
INFO: 'reanim/Jalapeno.reanim'
INFO: compile 5 ms:'compiled/reanim/Cactus.reanim.compiled'
INFO: 'reanim/Zombie_disco.reanim'
INFO: compile 0 ms:'compiled/reanim/splash.reanim.compiled'
INFO: 'reanim/Jalapeno.reanim'
INFO: compile 3 ms:'compiled/reanim/SeaShroom.reanim.compiled'
INFO: 'reanim/Blover.reanim'
INFO: compile 1 ms:'compiled/reanim/Jalapeno.reanim.compiled'
INFO: 'reanim/fire.reanim'
INFO: compile 1 ms:'compiled/reanim/Jalapeno.reanim.compiled'
INFO: 'reanim/fire.reanim'
INFO: compile 11 ms:'compiled/reanim/Zombie_balloon.reanim.compiled'
INFO: 'reanim/Zombie_gargantuar.reanim'
INFO: compile 1 ms:'compiled/reanim/Blover.reanim.compiled'
INFO: 'reanim/Pot.reanim'
INFO: compile 3 ms:'compiled/reanim/Tanglekelp.reanim.compiled'
INFO: 'reanim/Starfruit.reanim'
INFO: compile 15 ms:'compiled/reanim/Zombie_paper.reanim.compiled'
INFO: 'reanim/Zombie_zamboni.reanim'
INFO: compile 2 ms:'compiled/reanim/fire.reanim.compiled'
INFO: 'reanim/Coin_silver.reanim'
INFO: compile 1 ms:'compiled/reanim/Starfruit.reanim.compiled'
INFO: 'reanim/Zombie_polevaulter.reanim'
INFO: compile 1 ms:'compiled/reanim/Pot.reanim.compiled'
INFO: 'reanim/Cactus.reanim'
INFO: compile 0 ms:'compiled/reanim/Coin_silver.reanim.compiled'
INFO: 'reanim/Zombie_charred.reanim'
INFO: compile 2 ms:'compiled/reanim/fire.reanim.compiled'
INFO: 'reanim/Coin_silver.reanim'
INFO: compile 0 ms:'compiled/reanim/Coin_silver.reanim.compiled'
INFO: 'reanim/Zombie_charred.reanim'
INFO: compile 1 ms:'compiled/reanim/Zombie_charred.reanim.compiled'
INFO: 'reanim/Zombie_charred_imp.reanim'
INFO: compile 1 ms:'compiled/reanim/Zombie_charred_imp.reanim.compiled'
INFO: 'reanim/Zombie_charred_digger.reanim'
INFO: compile 4 ms:'compiled/reanim/Cactus.reanim.compiled'
INFO: 'reanim/Zombie_disco.reanim'
INFO: compile 4 ms:'compiled/reanim/Zombie_charred.reanim.compiled'
INFO: 'reanim/Zombie_charred_imp.reanim'
INFO: compile 9 ms:'compiled/reanim/Zombie_disco.reanim.compiled'
INFO: 'reanim/Tanglekelp.reanim'
INFO: compile 1 ms:'compiled/reanim/Zombie_charred_imp.reanim.compiled'
INFO: 'reanim/Zombie_charred_digger.reanim'
INFO: compile 2 ms:'compiled/reanim/Zombie_charred_digger.reanim.compiled'
INFO: 'reanim/Zombie_charred_zamboni.reanim'
INFO: compile 7 ms:'compiled/reanim/Zombie_zamboni.reanim.compiled'
INFO: 'reanim/splash.reanim'
INFO: compile 2 ms:'compiled/reanim/Zombie_charred_digger.reanim.compiled'
INFO: 'reanim/Zombie_charred_zamboni.reanim'
INFO: compile 0 ms:'compiled/reanim/splash.reanim.compiled'
INFO: 'reanim/Jalapeno.reanim'
INFO: compile 4 ms:'compiled/reanim/Tanglekelp.reanim.compiled'
INFO: 'reanim/Starfruit.reanim'
INFO: compile 1 ms:'compiled/reanim/Jalapeno.reanim.compiled'
INFO: 'reanim/fire.reanim'
INFO: compile 1 ms:'compiled/reanim/Starfruit.reanim.compiled'
INFO: 'reanim/Zombie_polevaulter.reanim'
INFO: compile 14 ms:'compiled/reanim/Zombie_disco.reanim.compiled'
INFO: 'reanim/Tanglekelp.reanim'
INFO: compile 2 ms:'compiled/reanim/fire.reanim.compiled'
INFO: 'reanim/Coin_silver.reanim'
INFO: compile 3 ms:'compiled/reanim/Zombie_charred_zamboni.reanim.compiled'
INFO: 'reanim/Zombie_charred_catapult.reanim'
INFO: compile 12 ms:'compiled/reanim/Zombie_polevaulter.reanim.compiled'
INFO: 'reanim/Zombie_balloon.reanim'
INFO: compile 0 ms:'compiled/reanim/Coin_silver.reanim.compiled'
INFO: 'reanim/Zombie_charred.reanim'
INFO: compile 6 ms:'compiled/reanim/Zombie_charred_zamboni.reanim.compiled'
INFO: 'reanim/Zombie_charred_catapult.reanim'
INFO: compile 1 ms:'compiled/reanim/Zombie_charred.reanim.compiled'
INFO: 'reanim/Zombie_charred_imp.reanim'
INFO: compile 10 ms:'compiled/reanim/Zombie_disco.reanim.compiled'
INFO: 'reanim/Tanglekelp.reanim'
INFO: compile 3 ms:'compiled/reanim/Tanglekelp.reanim.compiled'
INFO: 'reanim/Starfruit.reanim'
INFO: compile 2 ms:'compiled/reanim/Zombie_charred_catapult.reanim.compiled'
INFO: 'reanim/Zombie_charred_gargantuar.reanim'
INFO: compile 1 ms:'compiled/reanim/Zombie_charred_imp.reanim.compiled'
INFO: 'reanim/Zombie_charred_digger.reanim'
INFO: compile 1 ms:'compiled/reanim/Starfruit.reanim.compiled'
INFO: 'reanim/Zombie_polevaulter.reanim'
INFO: compile 18 ms:'compiled/reanim/Zombie_gargantuar.reanim.compiled'
INFO: 'reanim/Zombie_imp.reanim'
INFO: compile 2 ms:'compiled/reanim/Zombie_charred_digger.reanim.compiled'
INFO: 'reanim/Zombie_charred_zamboni.reanim'
INFO: compile 3 ms:'compiled/reanim/Zombie_charred_gargantuar.reanim.compiled'
INFO: 'reanim/ScaredyShroom.reanim'
INFO: compile 3 ms:'compiled/reanim/Tanglekelp.reanim.compiled'
INFO: 'reanim/Starfruit.reanim'
INFO: compile 5 ms:'compiled/reanim/Zombie_charred_catapult.reanim.compiled'
INFO: 'reanim/Zombie_charred_gargantuar.reanim'
INFO: compile 1 ms:'compiled/reanim/Starfruit.reanim.compiled'
INFO: 'reanim/Zombie_polevaulter.reanim'
INFO: compile 2 ms:'compiled/reanim/ScaredyShroom.reanim.compiled'
INFO: 'reanim/Pumpkin.reanim'
INFO: compile 0 ms:'compiled/reanim/Pumpkin.reanim.compiled'
INFO: 'reanim/Plantern.reanim'
INFO: compile 11 ms:'compiled/reanim/Zombie_polevaulter.reanim.compiled'
INFO: 'reanim/Zombie_balloon.reanim'
INFO: compile 4 ms:'compiled/reanim/Zombie_charred_zamboni.reanim.compiled'
INFO: 'reanim/Zombie_charred_catapult.reanim'
INFO: compile 1 ms:'compiled/reanim/Plantern.reanim.compiled'
INFO: 'reanim/Torchwood.reanim'
INFO: compile 6 ms:'compiled/reanim/Zombie_imp.reanim.compiled'
INFO: 'reanim/Zombie_digger.reanim'
INFO: compile 1 ms:'compiled/reanim/Torchwood.reanim.compiled'
INFO: 'reanim/SplitPea.reanim'
INFO: compile 5 ms:'compiled/reanim/Zombie_charred_gargantuar.reanim.compiled'
INFO: 'reanim/ScaredyShroom.reanim'
INFO: compile 3 ms:'compiled/reanim/Zombie_charred_catapult.reanim.compiled'
INFO: 'reanim/Zombie_charred_gargantuar.reanim'
INFO: compile 13 ms:'compiled/reanim/Zombie_balloon.reanim.compiled'
INFO: 'reanim/Zombie_gargantuar.reanim'
INFO: compile 2 ms:'compiled/reanim/SplitPea.reanim.compiled'
INFO: 'reanim/SeaShroom.reanim'
INFO: compile 2 ms:'compiled/reanim/ScaredyShroom.reanim.compiled'
INFO: 'reanim/Pumpkin.reanim'
INFO: compile 3 ms:'compiled/reanim/Zombie_charred_gargantuar.reanim.compiled'
INFO: 'reanim/ScaredyShroom.reanim'
INFO: compile 0 ms:'compiled/reanim/Pumpkin.reanim.compiled'
INFO: 'reanim/Plantern.reanim'
INFO: compile 2 ms:'compiled/reanim/SeaShroom.reanim.compiled'
INFO: 'reanim/Blover.reanim'
INFO: compile 1 ms:'compiled/reanim/Plantern.reanim.compiled'
INFO: 'reanim/Torchwood.reanim'
INFO: compile 1 ms:'compiled/reanim/Blover.reanim.compiled'
INFO: 'reanim/Pot.reanim'
INFO: compile 2 ms:'compiled/reanim/ScaredyShroom.reanim.compiled'
INFO: 'reanim/Pumpkin.reanim'
INFO: compile 1 ms:'compiled/reanim/Torchwood.reanim.compiled'
INFO: 'reanim/SplitPea.reanim'
INFO: compile 0 ms:'compiled/reanim/Pumpkin.reanim.compiled'
INFO: 'reanim/Plantern.reanim'
INFO: compile 1 ms:'compiled/reanim/Pot.reanim.compiled'
INFO: 'reanim/Cactus.reanim'
INFO: compile 2 ms:'compiled/reanim/Plantern.reanim.compiled'
INFO: 'reanim/Torchwood.reanim'
INFO: compile 12 ms:'compiled/reanim/Zombie_balloon.reanim.compiled'
INFO: 'reanim/Zombie_gargantuar.reanim'
INFO: compile 3 ms:'compiled/reanim/SplitPea.reanim.compiled'
INFO: 'reanim/SeaShroom.reanim'
INFO: compile 1 ms:'compiled/reanim/Torchwood.reanim.compiled'
INFO: 'reanim/SplitPea.reanim'
INFO: compile 19 ms:'compiled/reanim/Zombie_polevaulter.reanim.compiled'
INFO: 'reanim/Zombie_balloon.reanim'
INFO: compile 5 ms:'compiled/reanim/Cactus.reanim.compiled'
INFO: 'reanim/Zombie_disco.reanim'
INFO: compile 2 ms:'compiled/reanim/SplitPea.reanim.compiled'
INFO: 'reanim/SeaShroom.reanim'
INFO: compile 3 ms:'compiled/reanim/SeaShroom.reanim.compiled'
INFO: 'reanim/Blover.reanim'
INFO: compile 20 ms:'compiled/reanim/Zombie_polevaulter.reanim.compiled'
INFO: 'reanim/Zombie_balloon.reanim'
INFO: compile 2 ms:'compiled/reanim/SeaShroom.reanim.compiled'
INFO: 'reanim/Blover.reanim'
INFO: compile 2 ms:'compiled/reanim/Blover.reanim.compiled'
INFO: 'reanim/Pot.reanim'
INFO: compile 1 ms:'compiled/reanim/Blover.reanim.compiled'
INFO: 'reanim/Pot.reanim'
INFO: compile 2 ms:'compiled/reanim/Pot.reanim.compiled'
INFO: 'reanim/Cactus.reanim'
INFO: compile 19 ms:'compiled/reanim/Zombie_digger.reanim.compiled'
INFO: 'reanim/Digger_rising_dirt.reanim'
INFO: compile 1 ms:'compiled/reanim/Pot.reanim.compiled'
INFO: 'reanim/Cactus.reanim'
INFO: compile 1 ms:'compiled/reanim/Digger_rising_dirt.reanim.compiled'
INFO: 'reanim/Zombie_dolphinrider.reanim'
INFO: compile 4 ms:'compiled/reanim/Cactus.reanim.compiled'
INFO: 'reanim/Zombie_disco.reanim'
INFO: compile 22 ms:'compiled/reanim/Zombie_gargantuar.reanim.compiled'
INFO: compile 11 ms:'compiled/reanim/Zombie_disco.reanim.compiled'
INFO: 'reanim/Zombie_imp.reanim'
INFO: 'reanim/Tanglekelp.reanim'
INFO: compile 6 ms:'compiled/reanim/Cactus.reanim.compiled'
INFO: 'reanim/Zombie_disco.reanim'
INFO: compile 9 ms:'compiled/reanim/Zombie_balloon.reanim.compiled'
INFO: 'reanim/Zombie_gargantuar.reanim'
INFO: compile 14 ms:'compiled/reanim/Zombie_balloon.reanim.compiled'
INFO: 'reanim/Zombie_gargantuar.reanim'
INFO: compile 3 ms:'compiled/reanim/Tanglekelp.reanim.compiled'
INFO: 'reanim/Starfruit.reanim'
INFO: compile 1 ms:'compiled/reanim/Starfruit.reanim.compiled'
INFO: 'reanim/Zombie_polevaulter.reanim'
INFO: compile 5 ms:'compiled/reanim/Zombie_imp.reanim.compiled'
INFO: 'reanim/Zombie_digger.reanim'
INFO: compile 10 ms:'compiled/reanim/Zombie_disco.reanim.compiled'
INFO: 'reanim/Tanglekelp.reanim'
INFO: compile 18 ms:'compiled/reanim/Zombie_disco.reanim.compiled'
INFO: 'reanim/Tanglekelp.reanim'
INFO: compile 7 ms:'compiled/reanim/Tanglekelp.reanim.compiled'
INFO: 'reanim/Starfruit.reanim'
INFO: compile 32 ms:'compiled/reanim/Zombie_gargantuar.reanim.compiled'
INFO: 'reanim/Zombie_imp.reanim'
INFO: compile 14 ms:'compiled/reanim/Zombie_polevaulter.reanim.compiled'
INFO: 'reanim/Zombie_balloon.reanim'
INFO: compile 19 ms:'compiled/reanim/Zombie_gargantuar.reanim.compiled'
INFO: 'reanim/Zombie_imp.reanim'
INFO: compile 2 ms:'compiled/reanim/Starfruit.reanim.compiled'
INFO: 'reanim/Zombie_polevaulter.reanim'
INFO: compile 16 ms:'compiled/reanim/Zombie_digger.reanim.compiled'
INFO: 'reanim/Digger_rising_dirt.reanim'
INFO: compile 5 ms:'compiled/reanim/Tanglekelp.reanim.compiled'
INFO: 'reanim/Starfruit.reanim'
INFO: compile 27 ms:'compiled/reanim/Zombie_dolphinrider.reanim.compiled'
INFO: 'reanim/Zombie_pogo.reanim'
INFO: compile 4 ms:'compiled/reanim/Zombie_imp.reanim.compiled'
INFO: 'reanim/Zombie_digger.reanim'
INFO: compile 2 ms:'compiled/reanim/Digger_rising_dirt.reanim.compiled'
INFO: 'reanim/Zombie_dolphinrider.reanim'
INFO: compile 4 ms:'compiled/reanim/Zombie_imp.reanim.compiled'
INFO: 'reanim/Zombie_digger.reanim'
INFO: compile 2 ms:'compiled/reanim/Starfruit.reanim.compiled'
INFO: 'reanim/Zombie_polevaulter.reanim'
INFO: compile 26 ms:'compiled/reanim/Zombie_gargantuar.reanim.compiled'
INFO: 'reanim/Zombie_imp.reanim'
INFO: compile 11 ms:'compiled/reanim/Zombie_balloon.reanim.compiled'
INFO: 'reanim/Zombie_gargantuar.reanim'
INFO: compile 9 ms:'compiled/reanim/Zombie_pogo.reanim.compiled'
INFO: 'reanim/Zombie_backup.reanim'
INFO: compile 6 ms:'compiled/reanim/Zombie_imp.reanim.compiled'
INFO: 'reanim/Zombie_digger.reanim'
INFO: compile 13 ms:'compiled/reanim/Zombie_digger.reanim.compiled'
INFO: 'reanim/Digger_rising_dirt.reanim'
INFO: compile 1 ms:'compiled/reanim/Digger_rising_dirt.reanim.compiled'
INFO: 'reanim/Zombie_dolphinrider.reanim'
INFO: compile 13 ms:'compiled/reanim/Zombie_digger.reanim.compiled'
INFO: 'reanim/Digger_rising_dirt.reanim'
INFO: compile 18 ms:'compiled/reanim/Zombie_polevaulter.reanim.compiled'
INFO: 'reanim/Zombie_balloon.reanim'
INFO: compile 14 ms:'compiled/reanim/Zombie_polevaulter.reanim.compiled'
INFO: 'reanim/Zombie_balloon.reanim'
INFO: compile 6 ms:'compiled/reanim/Zombie_backup.reanim.compiled'
INFO: 'reanim/Zombie_bobsled.reanim'
INFO: compile 1 ms:'compiled/reanim/Digger_rising_dirt.reanim.compiled'
INFO: 'reanim/Zombie_dolphinrider.reanim'
INFO: compile 21 ms:'compiled/reanim/Zombie_dolphinrider.reanim.compiled'
INFO: 'reanim/Zombie_pogo.reanim'
INFO: compile 18 ms:'compiled/reanim/Zombie_gargantuar.reanim.compiled'
INFO: 'reanim/Zombie_imp.reanim'
INFO: compile 11 ms:'compiled/reanim/Zombie_balloon.reanim.compiled'
INFO: 'reanim/Zombie_gargantuar.reanim'
INFO: compile 11 ms:'compiled/reanim/Zombie_balloon.reanim.compiled'
INFO: 'reanim/Zombie_gargantuar.reanim'
INFO: compile 12 ms:'compiled/reanim/Zombie_bobsled.reanim.compiled'
INFO: 'reanim/Zombie_jackbox.reanim'
INFO: compile 17 ms:'compiled/reanim/Zombie_digger.reanim.compiled'
INFO: 'reanim/Digger_rising_dirt.reanim'
INFO: compile 1 ms:'compiled/reanim/Digger_rising_dirt.reanim.compiled'
INFO: 'reanim/Zombie_dolphinrider.reanim'
INFO: compile 4 ms:'compiled/reanim/Zombie_imp.reanim.compiled'
INFO: 'reanim/Zombie_digger.reanim'
INFO: compile 8 ms:'compiled/reanim/Zombie_pogo.reanim.compiled'
INFO: 'reanim/Zombie_backup.reanim'
INFO: compile 17 ms:'compiled/reanim/Zombie_dolphinrider.reanim.compiled'
INFO: 'reanim/Zombie_pogo.reanim'
INFO: compile 5 ms:'compiled/reanim/Zombie_backup.reanim.compiled'
INFO: 'reanim/Zombie_bobsled.reanim'
INFO: compile 9 ms:'compiled/reanim/Zombie_jackbox.reanim.compiled'
INFO: 'reanim/Zombie_snorkle.reanim'
INFO: compile 8 ms:'compiled/reanim/Zombie_pogo.reanim.compiled'
INFO: 'reanim/Zombie_backup.reanim'
INFO: compile 27 ms:'compiled/reanim/Zombie_dolphinrider.reanim.compiled'
INFO: 'reanim/Zombie_pogo.reanim'
INFO: compile 13 ms:'compiled/reanim/Zombie_digger.reanim.compiled'
INFO: 'reanim/Digger_rising_dirt.reanim'
INFO: compile 1 ms:'compiled/reanim/Digger_rising_dirt.reanim.compiled'
INFO: 'reanim/Zombie_dolphinrider.reanim'
INFO: compile 9 ms:'compiled/reanim/Zombie_bobsled.reanim.compiled'
INFO: 'reanim/Zombie_jackbox.reanim'
INFO: compile 18 ms:'compiled/reanim/Zombie_gargantuar.reanim.compiled'
INFO: 'reanim/Zombie_imp.reanim'
INFO: compile 18 ms:'compiled/reanim/Zombie_dolphinrider.reanim.compiled'
INFO: 'reanim/Zombie_pogo.reanim'
INFO: compile 7 ms:'compiled/reanim/Zombie_backup.reanim.compiled'
INFO: 'reanim/Zombie_bobsled.reanim'
INFO: compile 4 ms:'compiled/reanim/Zombie_imp.reanim.compiled'
INFO: 'reanim/Zombie_digger.reanim'
INFO: compile 13 ms:'compiled/reanim/Zombie_snorkle.reanim.compiled'
INFO: 'reanim/Zombie_bungi.reanim'
INFO: compile 6 ms:'compiled/reanim/Zombie_jackbox.reanim.compiled'
INFO: 'reanim/Zombie_snorkle.reanim'
INFO: compile 27 ms:'compiled/reanim/Zombie_gargantuar.reanim.compiled'
INFO: 'reanim/Zombie_imp.reanim'
INFO: compile 5 ms:'compiled/reanim/Zombie_bungi.reanim.compiled'
INFO: 'reanim/Zombie_catapult.reanim'
INFO: compile 13 ms:'compiled/reanim/Zombie_pogo.reanim.compiled'
INFO: 'reanim/Zombie_backup.reanim'
INFO: compile 10 ms:'compiled/reanim/Zombie_pogo.reanim.compiled'
INFO: 'reanim/Zombie_backup.reanim'
INFO: compile 10 ms:'compiled/reanim/Zombie_bobsled.reanim.compiled'
INFO: 'reanim/Zombie_jackbox.reanim'
INFO: compile 4 ms:'compiled/reanim/Zombie_imp.reanim.compiled'
INFO: 'reanim/Zombie_digger.reanim'
INFO: compile 6 ms:'compiled/reanim/Zombie_backup.reanim.compiled'
INFO: 'reanim/Zombie_bobsled.reanim'
INFO: compile 5 ms:'compiled/reanim/Zombie_backup.reanim.compiled'
INFO: 'reanim/Zombie_bobsled.reanim'
INFO: compile 8 ms:'compiled/reanim/Zombie_catapult.reanim.compiled'
INFO: 'reanim/Zombie_ladder.reanim'
INFO: compile 6 ms:'compiled/reanim/Zombie_jackbox.reanim.compiled'
INFO: 'reanim/Zombie_snorkle.reanim'
INFO: compile 21 ms:'compiled/reanim/Zombie_dolphinrider.reanim.compiled'
INFO: 'reanim/Zombie_pogo.reanim'
INFO: compile 14 ms:'compiled/reanim/Zombie_snorkle.reanim.compiled'
INFO: 'reanim/Zombie_bungi.reanim'
INFO: compile 19 ms:'compiled/reanim/Zombie_digger.reanim.compiled'
INFO: 'reanim/Digger_rising_dirt.reanim'
INFO: compile 1 ms:'compiled/reanim/Digger_rising_dirt.reanim.compiled'
INFO: 'reanim/Zombie_dolphinrider.reanim'
INFO: compile 9 ms:'compiled/reanim/Zombie_bobsled.reanim.compiled'
INFO: 'reanim/Zombie_jackbox.reanim'
INFO: compile 6 ms:'compiled/reanim/Zombie_bungi.reanim.compiled'
INFO: 'reanim/Zombie_catapult.reanim'
INFO: compile 13 ms:'compiled/reanim/Zombie_digger.reanim.compiled'
INFO: 'reanim/Digger_rising_dirt.reanim'
INFO: compile 9 ms:'compiled/reanim/Zombie_bobsled.reanim.compiled'
INFO: 'reanim/Zombie_jackbox.reanim'
INFO: compile 1 ms:'compiled/reanim/Digger_rising_dirt.reanim.compiled'
INFO: 'reanim/Zombie_dolphinrider.reanim'
INFO: compile 8 ms:'compiled/reanim/Zombie_pogo.reanim.compiled'
INFO: 'reanim/Zombie_backup.reanim'
INFO: compile 13 ms:'compiled/reanim/Zombie_ladder.reanim.compiled'
INFO: 'reanim/Puff.reanim'
INFO: compile 6 ms:'compiled/reanim/Zombie_jackbox.reanim.compiled'
INFO: 'reanim/Zombie_snorkle.reanim'
INFO: compile 0 ms:'compiled/reanim/Puff.reanim.compiled'
INFO: 'reanim/Z.reanim'
INFO: compile 0 ms:'compiled/reanim/Z.reanim.compiled'
INFO: 'reanim/Gravebuster.reanim'
INFO: compile 14 ms:'compiled/reanim/Zombie_snorkle.reanim.compiled'
INFO: 'reanim/Zombie_bungi.reanim'
INFO: compile 6 ms:'compiled/reanim/Zombie_jackbox.reanim.compiled'
INFO: 'reanim/Zombie_snorkle.reanim'
INFO: compile 5 ms:'compiled/reanim/Zombie_backup.reanim.compiled'
INFO: 'reanim/Zombie_bobsled.reanim'
INFO: compile 1 ms:'compiled/reanim/Gravebuster.reanim.compiled'
INFO: 'reanim/ZombiesWon.reanim'
INFO: compile 8 ms:'compiled/reanim/Zombie_catapult.reanim.compiled'
INFO: 'reanim/Zombie_ladder.reanim'
INFO: compile 2 ms:'compiled/reanim/ZombiesWon.reanim.compiled'
INFO: 'reanim/Magnetshroom.reanim'
INFO: compile 5 ms:'compiled/reanim/Zombie_bungi.reanim.compiled'
INFO: 'reanim/Zombie_catapult.reanim'
INFO: compile 19 ms:'compiled/reanim/Zombie_dolphinrider.reanim.compiled'
INFO: 'reanim/Zombie_pogo.reanim'
INFO: compile 10 ms:'compiled/reanim/Zombie_bobsled.reanim.compiled'
INFO: 'reanim/Zombie_jackbox.reanim'
INFO: compile 13 ms:'compiled/reanim/Zombie_snorkle.reanim.compiled'
INFO: 'reanim/Zombie_bungi.reanim'
INFO: compile 9 ms:'compiled/reanim/Magnetshroom.reanim.compiled'
INFO: 'reanim/Zombie_boss.reanim'
INFO: compile 20 ms:'compiled/reanim/Zombie_dolphinrider.reanim.compiled'
INFO: 'reanim/Zombie_pogo.reanim'
INFO: compile 15 ms:'compiled/reanim/Zombie_snorkle.reanim.compiled'
INFO: 'reanim/Zombie_bungi.reanim'
INFO: compile 12 ms:'compiled/reanim/Zombie_catapult.reanim.compiled'
INFO: 'reanim/Zombie_ladder.reanim'
INFO: compile 5 ms:'compiled/reanim/Zombie_bungi.reanim.compiled'
INFO: 'reanim/Zombie_catapult.reanim'
INFO: compile 7 ms:'compiled/reanim/Zombie_jackbox.reanim.compiled'
INFO: 'reanim/Zombie_snorkle.reanim'
INFO: compile 9 ms:'compiled/reanim/Zombie_pogo.reanim.compiled'
INFO: 'reanim/Zombie_backup.reanim'
INFO: compile 19 ms:'compiled/reanim/Zombie_ladder.reanim.compiled'
INFO: 'reanim/Puff.reanim'
INFO: compile 6 ms:'compiled/reanim/Zombie_bungi.reanim.compiled'
INFO: 'reanim/Zombie_catapult.reanim'
INFO: compile 0 ms:'compiled/reanim/Puff.reanim.compiled'
INFO: 'reanim/Z.reanim'
INFO: compile 0 ms:'compiled/reanim/Z.reanim.compiled'
INFO: 'reanim/Gravebuster.reanim'
INFO: compile 3 ms:'compiled/reanim/Gravebuster.reanim.compiled'
INFO: 'reanim/ZombiesWon.reanim'
INFO: compile 12 ms:'compiled/reanim/Zombie_pogo.reanim.compiled'
INFO: 'reanim/Zombie_backup.reanim'
INFO: compile 9 ms:'compiled/reanim/Zombie_backup.reanim.compiled'
INFO: 'reanim/Zombie_bobsled.reanim'
INFO: compile 11 ms:'compiled/reanim/Zombie_catapult.reanim.compiled'
INFO: 'reanim/Zombie_ladder.reanim'
INFO: compile 3 ms:'compiled/reanim/ZombiesWon.reanim.compiled'
INFO: 'reanim/Magnetshroom.reanim'
INFO: compile 8 ms:'compiled/reanim/Zombie_catapult.reanim.compiled'
INFO: 'reanim/Zombie_ladder.reanim'
INFO: compile 13 ms:'compiled/reanim/Zombie_ladder.reanim.compiled'
INFO: 'reanim/Puff.reanim'
INFO: compile 13 ms:'compiled/reanim/Zombie_snorkle.reanim.compiled'
INFO: 'reanim/Zombie_bungi.reanim'
INFO: compile 0 ms:'compiled/reanim/Puff.reanim.compiled'
INFO: 'reanim/Z.reanim'
INFO: compile 0 ms:'compiled/reanim/Z.reanim.compiled'
INFO: 'reanim/Gravebuster.reanim'
INFO: compile 2 ms:'compiled/reanim/Gravebuster.reanim.compiled'
INFO: 'reanim/ZombiesWon.reanim'
INFO: compile 8 ms:'compiled/reanim/Zombie_backup.reanim.compiled'
INFO: 'reanim/Zombie_bobsled.reanim'
INFO: compile 2 ms:'compiled/reanim/ZombiesWon.reanim.compiled'
INFO: 'reanim/Magnetshroom.reanim'
INFO: compile 7 ms:'compiled/reanim/Magnetshroom.reanim.compiled'
INFO: 'reanim/Zombie_boss.reanim'
INFO: compile 5 ms:'compiled/reanim/Zombie_bungi.reanim.compiled'
INFO: 'reanim/Zombie_catapult.reanim'
INFO: compile 5 ms:'compiled/reanim/Magnetshroom.reanim.compiled'
INFO: 'reanim/Zombie_boss.reanim'
INFO: compile 12 ms:'compiled/reanim/Zombie_ladder.reanim.compiled'
INFO: 'reanim/Puff.reanim'
INFO: compile 12 ms:'compiled/reanim/Zombie_ladder.reanim.compiled'
INFO: 'reanim/Puff.reanim'
INFO: compile 0 ms:'compiled/reanim/Puff.reanim.compiled'
INFO: 'reanim/Z.reanim'
INFO: compile 0 ms:'compiled/reanim/Puff.reanim.compiled'
INFO: 'reanim/Z.reanim'
INFO: compile 0 ms:'compiled/reanim/Z.reanim.compiled'
INFO: 'reanim/Gravebuster.reanim'
INFO: compile 0 ms:'compiled/reanim/Z.reanim.compiled'
INFO: 'reanim/Gravebuster.reanim'
INFO: compile 14 ms:'compiled/reanim/Zombie_bobsled.reanim.compiled'
INFO: 'reanim/Zombie_jackbox.reanim'
INFO: compile 9 ms:'compiled/reanim/Zombie_bobsled.reanim.compiled'
INFO: 'reanim/Zombie_jackbox.reanim'
INFO: compile 1 ms:'compiled/reanim/Gravebuster.reanim.compiled'
INFO: 'reanim/ZombiesWon.reanim'
INFO: compile 1 ms:'compiled/reanim/Gravebuster.reanim.compiled'
INFO: 'reanim/ZombiesWon.reanim'
INFO: compile 8 ms:'compiled/reanim/Zombie_catapult.reanim.compiled'
INFO: 'reanim/Zombie_ladder.reanim'
INFO: compile 2 ms:'compiled/reanim/ZombiesWon.reanim.compiled'
INFO: 'reanim/Magnetshroom.reanim'
INFO: compile 2 ms:'compiled/reanim/ZombiesWon.reanim.compiled'
INFO: 'reanim/Magnetshroom.reanim'
INFO: compile 6 ms:'compiled/reanim/Zombie_jackbox.reanim.compiled'
INFO: 'reanim/Zombie_snorkle.reanim'
INFO: compile 8 ms:'compiled/reanim/Zombie_jackbox.reanim.compiled'
INFO: 'reanim/Zombie_snorkle.reanim'
INFO: compile 5 ms:'compiled/reanim/Magnetshroom.reanim.compiled'
INFO: 'reanim/Zombie_boss.reanim'
INFO: compile 7 ms:'compiled/reanim/Magnetshroom.reanim.compiled'
INFO: 'reanim/Zombie_boss.reanim'
INFO: compile 12 ms:'compiled/reanim/Zombie_ladder.reanim.compiled'
INFO: 'reanim/Puff.reanim'
INFO: compile 0 ms:'compiled/reanim/Puff.reanim.compiled'
INFO: 'reanim/Z.reanim'
INFO: compile 0 ms:'compiled/reanim/Z.reanim.compiled'
INFO: 'reanim/Gravebuster.reanim'
INFO: compile 1 ms:'compiled/reanim/Gravebuster.reanim.compiled'
INFO: 'reanim/ZombiesWon.reanim'
INFO: compile 2 ms:'compiled/reanim/ZombiesWon.reanim.compiled'
INFO: 'reanim/Magnetshroom.reanim'
INFO: compile 13 ms:'compiled/reanim/Zombie_snorkle.reanim.compiled'
INFO: 'reanim/Zombie_bungi.reanim'
INFO: compile 13 ms:'compiled/reanim/Zombie_snorkle.reanim.compiled'
INFO: 'reanim/Zombie_bungi.reanim'
INFO: compile 5 ms:'compiled/reanim/Magnetshroom.reanim.compiled'
INFO: 'reanim/Zombie_boss.reanim'
INFO: compile 5 ms:'compiled/reanim/Zombie_bungi.reanim.compiled'
INFO: 'reanim/Zombie_catapult.reanim'
INFO: compile 5 ms:'compiled/reanim/Zombie_bungi.reanim.compiled'
INFO: 'reanim/Zombie_catapult.reanim'
INFO: compile 9 ms:'compiled/reanim/Zombie_catapult.reanim.compiled'
INFO: 'reanim/Zombie_ladder.reanim'
INFO: compile 8 ms:'compiled/reanim/Zombie_catapult.reanim.compiled'
INFO: 'reanim/Zombie_ladder.reanim'
INFO: compile 13 ms:'compiled/reanim/Zombie_ladder.reanim.compiled'
INFO: 'reanim/Puff.reanim'
INFO: compile 0 ms:'compiled/reanim/Puff.reanim.compiled'
INFO: 'reanim/Z.reanim'
INFO: compile 0 ms:'compiled/reanim/Z.reanim.compiled'
INFO: 'reanim/Gravebuster.reanim'
INFO: compile 1 ms:'compiled/reanim/Gravebuster.reanim.compiled'
INFO: 'reanim/ZombiesWon.reanim'
INFO: compile 15 ms:'compiled/reanim/Zombie_ladder.reanim.compiled'
INFO: 'reanim/Puff.reanim'
INFO: compile 0 ms:'compiled/reanim/Puff.reanim.compiled'
INFO: 'reanim/Z.reanim'
INFO: compile 0 ms:'compiled/reanim/Z.reanim.compiled'
INFO: 'reanim/Gravebuster.reanim'
INFO: compile 2 ms:'compiled/reanim/ZombiesWon.reanim.compiled'
INFO: 'reanim/Magnetshroom.reanim'
INFO: compile 1 ms:'compiled/reanim/Gravebuster.reanim.compiled'
INFO: 'reanim/ZombiesWon.reanim'
INFO: compile 63 ms:'compiled/reanim/Zombie_boss.reanim.compiled'
INFO: 'reanim/Cabbagepult.reanim'
INFO: compile 2 ms:'compiled/reanim/ZombiesWon.reanim.compiled'
INFO: 'reanim/Magnetshroom.reanim'
INFO: compile 5 ms:'compiled/reanim/Magnetshroom.reanim.compiled'
INFO: 'reanim/Zombie_boss.reanim'
INFO: compile 3 ms:'compiled/reanim/Cabbagepult.reanim.compiled'
INFO: 'reanim/Cornpult.reanim'
INFO: compile 91 ms:'compiled/reanim/Zombie_boss.reanim.compiled'
INFO: 'reanim/Cabbagepult.reanim'
INFO: compile 5 ms:'compiled/reanim/Magnetshroom.reanim.compiled'
INFO: 'reanim/Zombie_boss.reanim'
INFO: compile 3 ms:'compiled/reanim/Cabbagepult.reanim.compiled'
INFO: 'reanim/Cornpult.reanim'
INFO: compile 4 ms:'compiled/reanim/Cornpult.reanim.compiled'
INFO: 'reanim/Melonpult.reanim'
INFO: compile 2 ms:'compiled/reanim/Melonpult.reanim.compiled'
INFO: 'reanim/Coffeebean.reanim'
INFO: compile 4 ms:'compiled/reanim/Cornpult.reanim.compiled'
INFO: 'reanim/Melonpult.reanim'
INFO: compile 2 ms:'compiled/reanim/Coffeebean.reanim.compiled'
INFO: 'reanim/Umbrellaleaf.reanim'
INFO: compile 74 ms:'compiled/reanim/Zombie_boss.reanim.compiled'
INFO: 'reanim/Cabbagepult.reanim'
INFO: compile 1 ms:'compiled/reanim/Umbrellaleaf.reanim.compiled'
INFO: 'reanim/GatlingPea.reanim'
INFO: compile 2 ms:'compiled/reanim/Melonpult.reanim.compiled'
INFO: 'reanim/Coffeebean.reanim'
INFO: compile 1 ms:'compiled/reanim/Coffeebean.reanim.compiled'
INFO: 'reanim/Umbrellaleaf.reanim'
INFO: compile 3 ms:'compiled/reanim/GatlingPea.reanim.compiled'
INFO: 'reanim/Cattail.reanim'
INFO: compile 4 ms:'compiled/reanim/Cabbagepult.reanim.compiled'
INFO: 'reanim/Cornpult.reanim'
INFO: compile 1 ms:'compiled/reanim/Umbrellaleaf.reanim.compiled'
INFO: 'reanim/GatlingPea.reanim'
INFO: compile 2 ms:'compiled/reanim/Cattail.reanim.compiled'
INFO: 'reanim/GloomShroom.reanim'
INFO: compile 68 ms:'compiled/reanim/Zombie_boss.reanim.compiled'
INFO: 'reanim/Cabbagepult.reanim'
INFO: compile 3 ms:'compiled/reanim/GatlingPea.reanim.compiled'
INFO: 'reanim/Cattail.reanim'
INFO: compile 4 ms:'compiled/reanim/Cornpult.reanim.compiled'
INFO: 'reanim/Melonpult.reanim'
INFO: compile 3 ms:'compiled/reanim/GloomShroom.reanim.compiled'
INFO: 'reanim/Zombie_boss_iceball.reanim'
INFO: compile 2 ms:'compiled/reanim/Cattail.reanim.compiled'
INFO: 'reanim/GloomShroom.reanim'
INFO: compile 2 ms:'compiled/reanim/Melonpult.reanim.compiled'
INFO: 'reanim/Coffeebean.reanim'
INFO: compile 5 ms:'compiled/reanim/Cabbagepult.reanim.compiled'
INFO: 'reanim/Cornpult.reanim'
INFO: compile 3 ms:'compiled/reanim/GloomShroom.reanim.compiled'
INFO: 'reanim/Zombie_boss_iceball.reanim'
INFO: compile 3 ms:'compiled/reanim/Zombie_boss_iceball.reanim.compiled'
INFO: 'reanim/Zombie_boss_fireball.reanim'
INFO: compile 74 ms:'compiled/reanim/Zombie_boss.reanim.compiled'
INFO: compile 2 ms:'compiled/reanim/Coffeebean.reanim.compiled'
INFO: 'reanim/Umbrellaleaf.reanim'
INFO: 'reanim/Cabbagepult.reanim'
INFO: compile 1 ms:'compiled/reanim/Umbrellaleaf.reanim.compiled'
INFO: 'reanim/GatlingPea.reanim'
INFO: compile 3 ms:'compiled/reanim/Zombie_boss_fireball.reanim.compiled'
INFO: 'reanim/CobCannon.reanim'
INFO: compile 3 ms:'compiled/reanim/Zombie_boss_iceball.reanim.compiled'
INFO: 'reanim/Zombie_boss_fireball.reanim'
INFO: compile 3 ms:'compiled/reanim/Cabbagepult.reanim.compiled'
INFO: 'reanim/Cornpult.reanim'
INFO: compile 3 ms:'compiled/reanim/GatlingPea.reanim.compiled'
INFO: 'reanim/Cattail.reanim'
INFO: compile 7 ms:'compiled/reanim/Cornpult.reanim.compiled'
INFO: 'reanim/Melonpult.reanim'
INFO: compile 3 ms:'compiled/reanim/Zombie_boss_fireball.reanim.compiled'
INFO: 'reanim/CobCannon.reanim'
INFO: compile 3 ms:'compiled/reanim/CobCannon.reanim.compiled'
INFO: 'reanim/Garlic.reanim'
INFO: compile 2 ms:'compiled/reanim/Cattail.reanim.compiled'
INFO: 'reanim/GloomShroom.reanim'
INFO: compile 1 ms:'compiled/reanim/Garlic.reanim.compiled'
INFO: 'reanim/GoldMagnet.reanim'
INFO: compile 3 ms:'compiled/reanim/Melonpult.reanim.compiled'
INFO: 'reanim/Coffeebean.reanim'
INFO: compile 70 ms:'compiled/reanim/Zombie_boss.reanim.compiled'
INFO: 'reanim/Cabbagepult.reanim'
INFO: compile 5 ms:'compiled/reanim/Cornpult.reanim.compiled'
INFO: 'reanim/Melonpult.reanim'
INFO: compile 3 ms:'compiled/reanim/CobCannon.reanim.compiled'
INFO: 'reanim/Garlic.reanim'
INFO: compile 1 ms:'compiled/reanim/Coffeebean.reanim.compiled'
INFO: 'reanim/Umbrellaleaf.reanim'
INFO: compile 3 ms:'compiled/reanim/GloomShroom.reanim.compiled'
INFO: 'reanim/Zombie_boss_iceball.reanim'
INFO: compile 1 ms:'compiled/reanim/Garlic.reanim.compiled'
INFO: 'reanim/GoldMagnet.reanim'
INFO: compile 4 ms:'compiled/reanim/GoldMagnet.reanim.compiled'
INFO: compile 2 ms:'compiled/reanim/Melonpult.reanim.compiled'
INFO: 'reanim/WinterMelon.reanim'
INFO: 'reanim/Coffeebean.reanim'
INFO: compile 1 ms:'compiled/reanim/Umbrellaleaf.reanim.compiled'
INFO: 'reanim/GatlingPea.reanim'
INFO: compile 3 ms:'compiled/reanim/Cabbagepult.reanim.compiled'
INFO: 'reanim/Cornpult.reanim'
INFO: compile 1 ms:'compiled/reanim/Coffeebean.reanim.compiled'
INFO: 'reanim/Umbrellaleaf.reanim'
INFO: compile 3 ms:'compiled/reanim/WinterMelon.reanim.compiled'
INFO: 'reanim/TwinSunflower.reanim'
INFO: compile 4 ms:'compiled/reanim/GoldMagnet.reanim.compiled'
INFO: 'reanim/WinterMelon.reanim'
INFO: compile 4 ms:'compiled/reanim/Zombie_boss_iceball.reanim.compiled'
INFO: 'reanim/Zombie_boss_fireball.reanim'
INFO: compile 2 ms:'compiled/reanim/Umbrellaleaf.reanim.compiled'
INFO: 'reanim/GatlingPea.reanim'
INFO: compile 3 ms:'compiled/reanim/GatlingPea.reanim.compiled'
INFO: 'reanim/Cattail.reanim'
INFO: compile 1 ms:'compiled/reanim/TwinSunflower.reanim.compiled'
INFO: 'reanim/PoolCleaner.reanim'
INFO: compile 4 ms:'compiled/reanim/Cornpult.reanim.compiled'
INFO: 'reanim/Melonpult.reanim'
INFO: compile 2 ms:'compiled/reanim/Cattail.reanim.compiled'
INFO: 'reanim/GloomShroom.reanim'
INFO: compile 3 ms:'compiled/reanim/WinterMelon.reanim.compiled'
INFO: 'reanim/TwinSunflower.reanim'
INFO: compile 3 ms:'compiled/reanim/Zombie_boss_fireball.reanim.compiled'
INFO: 'reanim/CobCannon.reanim'
INFO: compile 3 ms:'compiled/reanim/GatlingPea.reanim.compiled'
INFO: 'reanim/Cattail.reanim'
INFO: compile 2 ms:'compiled/reanim/PoolCleaner.reanim.compiled'
INFO: 'reanim/RoofCleaner.reanim'
INFO: compile 1 ms:'compiled/reanim/TwinSunflower.reanim.compiled'
INFO: 'reanim/PoolCleaner.reanim'
INFO: compile 1 ms:'compiled/reanim/RoofCleaner.reanim.compiled'
INFO: 'reanim/FirePea.reanim'
INFO: compile 2 ms:'compiled/reanim/Cattail.reanim.compiled'
INFO: 'reanim/GloomShroom.reanim'
INFO: compile 0 ms:'compiled/reanim/FirePea.reanim.compiled'
INFO: 'reanim/Imitater.reanim'
INFO: compile 3 ms:'compiled/reanim/GloomShroom.reanim.compiled'
INFO: 'reanim/Zombie_boss_iceball.reanim'
INFO: compile 4 ms:'compiled/reanim/Melonpult.reanim.compiled'
INFO: 'reanim/Coffeebean.reanim'
INFO: compile 2 ms:'compiled/reanim/PoolCleaner.reanim.compiled'
INFO: 'reanim/RoofCleaner.reanim'
INFO: compile 3 ms:'compiled/reanim/CobCannon.reanim.compiled'
INFO: 'reanim/Garlic.reanim'
INFO: compile 1 ms:'compiled/reanim/Coffeebean.reanim.compiled'
INFO: 'reanim/Umbrellaleaf.reanim'
INFO: compile 1 ms:'compiled/reanim/Garlic.reanim.compiled'
INFO: 'reanim/GoldMagnet.reanim'
INFO: compile 1 ms:'compiled/reanim/RoofCleaner.reanim.compiled'
INFO: 'reanim/FirePea.reanim'
INFO: compile 3 ms:'compiled/reanim/Imitater.reanim.compiled'
INFO: 'reanim/Zombie_yeti.reanim'
INFO: compile 0 ms:'compiled/reanim/FirePea.reanim.compiled'
INFO: 'reanim/Imitater.reanim'
INFO: compile 3 ms:'compiled/reanim/GloomShroom.reanim.compiled'
INFO: 'reanim/Zombie_boss_iceball.reanim'
INFO: compile 3 ms:'compiled/reanim/Zombie_boss_iceball.reanim.compiled'
INFO: 'reanim/Zombie_boss_fireball.reanim'
INFO: compile 1 ms:'compiled/reanim/Umbrellaleaf.reanim.compiled'
INFO: 'reanim/GatlingPea.reanim'
INFO: compile 4 ms:'compiled/reanim/GoldMagnet.reanim.compiled'
INFO: compile 3 ms:'compiled/reanim/Imitater.reanim.compiled'
INFO: 'reanim/Zombie_yeti.reanim'
INFO: 'reanim/WinterMelon.reanim'
INFO: compile 2 ms:'compiled/reanim/Zombie_boss_fireball.reanim.compiled'
INFO: 'reanim/CobCannon.reanim'
INFO: compile 4 ms:'compiled/reanim/Zombie_boss_iceball.reanim.compiled'
INFO: compile 3 ms:'compiled/reanim/GatlingPea.reanim.compiled'
INFO: 'reanim/Zombie_boss_fireball.reanim'
INFO: 'reanim/Cattail.reanim'
INFO: compile 2 ms:'compiled/reanim/Cattail.reanim.compiled'
INFO: compile 3 ms:'compiled/reanim/WinterMelon.reanim.compiled'
INFO: 'reanim/GloomShroom.reanim'
INFO: 'reanim/TwinSunflower.reanim'
INFO: compile 3 ms:'compiled/reanim/Zombie_boss_fireball.reanim.compiled'
INFO: 'reanim/CobCannon.reanim'
INFO: compile 3 ms:'compiled/reanim/CobCannon.reanim.compiled'
INFO: 'reanim/Garlic.reanim'
INFO: compile 1 ms:'compiled/reanim/TwinSunflower.reanim.compiled'
INFO: 'reanim/PoolCleaner.reanim'
INFO: compile 9 ms:'compiled/reanim/Zombie_yeti.reanim.compiled'
INFO: 'reanim/Zombie_Boss_driver.reanim'
INFO: compile 1 ms:'compiled/reanim/Garlic.reanim.compiled'
INFO: 'reanim/GoldMagnet.reanim'
INFO: compile 6 ms:'compiled/reanim/Zombie_yeti.reanim.compiled'
INFO: 'reanim/Zombie_Boss_driver.reanim'
INFO: compile 3 ms:'compiled/reanim/GloomShroom.reanim.compiled'
INFO: 'reanim/Zombie_boss_iceball.reanim'
INFO: compile 2 ms:'compiled/reanim/PoolCleaner.reanim.compiled'
INFO: 'reanim/RoofCleaner.reanim'
INFO: compile 3 ms:'compiled/reanim/CobCannon.reanim.compiled'
INFO: 'reanim/Garlic.reanim'
INFO: compile 1 ms:'compiled/reanim/RoofCleaner.reanim.compiled'
INFO: 'reanim/FirePea.reanim'
INFO: compile 62 ms:'compiled/reanim/Zombie_boss.reanim.compiled'
INFO: compile 1 ms:'compiled/reanim/Garlic.reanim.compiled'
INFO: 'reanim/GoldMagnet.reanim'
INFO: 'reanim/Cabbagepult.reanim'
INFO: compile 0 ms:'compiled/reanim/FirePea.reanim.compiled'
INFO: 'reanim/Imitater.reanim'
INFO: compile 4 ms:'compiled/reanim/GoldMagnet.reanim.compiled'
INFO: 'reanim/WinterMelon.reanim'
INFO: compile 3 ms:'compiled/reanim/Zombie_boss_iceball.reanim.compiled'
INFO: 'reanim/Zombie_boss_fireball.reanim'
INFO: compile 6 ms:'compiled/reanim/Zombie_Boss_driver.reanim.compiled'
INFO: 'reanim/LawnMoweredZombie.reanim'
INFO: compile 0 ms:'compiled/reanim/LawnMoweredZombie.reanim.compiled'
INFO: 'reanim/CrazyDave.reanim'
INFO: compile 3 ms:'compiled/reanim/Imitater.reanim.compiled'
INFO: 'reanim/Zombie_yeti.reanim'
INFO: compile 6 ms:'compiled/reanim/Zombie_Boss_driver.reanim.compiled'
INFO: 'reanim/LawnMoweredZombie.reanim'
INFO: compile 0 ms:'compiled/reanim/LawnMoweredZombie.reanim.compiled'
INFO: 'reanim/CrazyDave.reanim'
INFO: compile 3 ms:'compiled/reanim/Cabbagepult.reanim.compiled'
INFO: 'reanim/Cornpult.reanim'
INFO: compile 3 ms:'compiled/reanim/WinterMelon.reanim.compiled'
INFO: 'reanim/TwinSunflower.reanim'
INFO: compile 3 ms:'compiled/reanim/Zombie_boss_fireball.reanim.compiled'
INFO: 'reanim/CobCannon.reanim'
INFO: compile 1 ms:'compiled/reanim/TwinSunflower.reanim.compiled'
INFO: 'reanim/PoolCleaner.reanim'
INFO: compile 6 ms:'compiled/reanim/GoldMagnet.reanim.compiled'
INFO: 'reanim/WinterMelon.reanim'
INFO: compile 66 ms:'compiled/reanim/Zombie_boss.reanim.compiled'
INFO: 'reanim/Cabbagepult.reanim'
INFO: compile 2 ms:'compiled/reanim/PoolCleaner.reanim.compiled'
INFO: 'reanim/RoofCleaner.reanim'
INFO: compile 3 ms:'compiled/reanim/CobCannon.reanim.compiled'
INFO: 'reanim/Garlic.reanim'
INFO: compile 4 ms:'compiled/reanim/Cornpult.reanim.compiled'
INFO: 'reanim/Melonpult.reanim'
INFO: compile 1 ms:'compiled/reanim/Garlic.reanim.compiled'
INFO: 'reanim/GoldMagnet.reanim'
INFO: compile 1 ms:'compiled/reanim/RoofCleaner.reanim.compiled'
INFO: 'reanim/FirePea.reanim'
INFO: compile 6 ms:'compiled/reanim/Zombie_yeti.reanim.compiled'
INFO: 'reanim/Zombie_Boss_driver.reanim'
INFO: compile 0 ms:'compiled/reanim/FirePea.reanim.compiled'
INFO: 'reanim/Imitater.reanim'
INFO: compile 3 ms:'compiled/reanim/Cabbagepult.reanim.compiled'
INFO: compile 2 ms:'compiled/reanim/Melonpult.reanim.compiled'
INFO: 'reanim/Cornpult.reanim'
INFO: 'reanim/Coffeebean.reanim'
INFO: compile 5 ms:'compiled/reanim/WinterMelon.reanim.compiled'
INFO: 'reanim/TwinSunflower.reanim'
INFO: compile 2 ms:'compiled/reanim/Coffeebean.reanim.compiled'
INFO: 'reanim/Umbrellaleaf.reanim'
INFO: compile 4 ms:'compiled/reanim/GoldMagnet.reanim.compiled'
INFO: 'reanim/WinterMelon.reanim'
INFO: compile 3 ms:'compiled/reanim/Imitater.reanim.compiled'
INFO: 'reanim/Zombie_yeti.reanim'
INFO: compile 2 ms:'compiled/reanim/TwinSunflower.reanim.compiled'
INFO: 'reanim/PoolCleaner.reanim'
INFO: compile 1 ms:'compiled/reanim/Umbrellaleaf.reanim.compiled'
INFO: 'reanim/GatlingPea.reanim'
INFO: compile 4 ms:'compiled/reanim/Cornpult.reanim.compiled'
INFO: 'reanim/Melonpult.reanim'
INFO: compile 6 ms:'compiled/reanim/Zombie_Boss_driver.reanim.compiled'
INFO: 'reanim/LawnMoweredZombie.reanim'
INFO: compile 0 ms:'compiled/reanim/LawnMoweredZombie.reanim.compiled'
INFO: 'reanim/CrazyDave.reanim'
INFO: compile 3 ms:'compiled/reanim/WinterMelon.reanim.compiled'
INFO: 'reanim/TwinSunflower.reanim'
INFO: compile 1 ms:'compiled/reanim/TwinSunflower.reanim.compiled'
INFO: 'reanim/PoolCleaner.reanim'
INFO: compile 3 ms:'compiled/reanim/GatlingPea.reanim.compiled'
INFO: compile 2 ms:'compiled/reanim/Melonpult.reanim.compiled'
INFO: 'reanim/Cattail.reanim'
INFO: 'reanim/Coffeebean.reanim'
INFO: compile 4 ms:'compiled/reanim/PoolCleaner.reanim.compiled'
INFO: 'reanim/RoofCleaner.reanim'
INFO: compile 1 ms:'compiled/reanim/Coffeebean.reanim.compiled'
INFO: 'reanim/Umbrellaleaf.reanim'
INFO: compile 6 ms:'compiled/reanim/Zombie_yeti.reanim.compiled'
INFO: 'reanim/Zombie_Boss_driver.reanim'
INFO: compile 2 ms:'compiled/reanim/PoolCleaner.reanim.compiled'
INFO: 'reanim/RoofCleaner.reanim'
INFO: compile 2 ms:'compiled/reanim/Cattail.reanim.compiled'
INFO: 'reanim/GloomShroom.reanim'
INFO: compile 2 ms:'compiled/reanim/RoofCleaner.reanim.compiled'
INFO: 'reanim/FirePea.reanim'
INFO: compile 0 ms:'compiled/reanim/FirePea.reanim.compiled'
INFO: 'reanim/Imitater.reanim'
INFO: compile 1 ms:'compiled/reanim/RoofCleaner.reanim.compiled'
INFO: 'reanim/FirePea.reanim'
INFO: compile 1 ms:'compiled/reanim/Umbrellaleaf.reanim.compiled'
INFO: 'reanim/GatlingPea.reanim'
INFO: compile 0 ms:'compiled/reanim/FirePea.reanim.compiled'
INFO: 'reanim/Imitater.reanim'
INFO: compile 3 ms:'compiled/reanim/GloomShroom.reanim.compiled'
INFO: 'reanim/Zombie_boss_iceball.reanim'
INFO: compile 3 ms:'compiled/reanim/Imitater.reanim.compiled'
INFO: 'reanim/Zombie_yeti.reanim'
INFO: compile 3 ms:'compiled/reanim/GatlingPea.reanim.compiled'
INFO: 'reanim/Cattail.reanim'
INFO: compile 3 ms:'compiled/reanim/Imitater.reanim.compiled'
INFO: 'reanim/Zombie_yeti.reanim'
INFO: compile 6 ms:'compiled/reanim/Zombie_Boss_driver.reanim.compiled'
INFO: 'reanim/LawnMoweredZombie.reanim'
INFO: compile 0 ms:'compiled/reanim/LawnMoweredZombie.reanim.compiled'
INFO: 'reanim/CrazyDave.reanim'
INFO: compile 2 ms:'compiled/reanim/Cattail.reanim.compiled'
INFO: 'reanim/GloomShroom.reanim'
INFO: compile 3 ms:'compiled/reanim/Zombie_boss_iceball.reanim.compiled'
INFO: 'reanim/Zombie_boss_fireball.reanim'
INFO: compile 3 ms:'compiled/reanim/Zombie_boss_fireball.reanim.compiled'
INFO: 'reanim/CobCannon.reanim'
INFO: compile 28 ms:'compiled/reanim/CrazyDave.reanim.compiled'
INFO: compile 3 ms:'compiled/reanim/GloomShroom.reanim.compiled'
INFO: 'reanim/Zombie_boss_iceball.reanim'
INFO: 'reanim/TextFadeOn.reanim'
INFO: compile 0 ms:'compiled/reanim/TextFadeOn.reanim.compiled'
INFO: 'reanim/Hammer.reanim'
INFO: compile 6 ms:'compiled/reanim/Zombie_yeti.reanim.compiled'
INFO: 'reanim/Zombie_Boss_driver.reanim'
INFO: compile 0 ms:'compiled/reanim/Hammer.reanim.compiled'
INFO: 'reanim/SlotMachine.reanim'
INFO: compile 6 ms:'compiled/reanim/Zombie_yeti.reanim.compiled'
INFO: 'reanim/Zombie_Boss_driver.reanim'
INFO: compile 0 ms:'compiled/reanim/SlotMachine.reanim.compiled'
INFO: 'reanim/Credits_Football.reanim'
INFO: compile 0 ms:'compiled/reanim/Credits_Football.reanim.compiled'
INFO: 'reanim/Credits_Jackbox.reanim'
INFO: compile 0 ms:'compiled/reanim/Credits_Jackbox.reanim.compiled'
INFO: 'reanim/SelectorScreen.reanim'
INFO: compile 31 ms:'compiled/reanim/CrazyDave.reanim.compiled'
INFO: 'reanim/TextFadeOn.reanim'
INFO: compile 4 ms:'compiled/reanim/CobCannon.reanim.compiled'
INFO: 'reanim/Garlic.reanim'
INFO: compile 0 ms:'compiled/reanim/TextFadeOn.reanim.compiled'
INFO: 'reanim/Hammer.reanim'
INFO: compile 4 ms:'compiled/reanim/Zombie_boss_iceball.reanim.compiled'
INFO: 'reanim/Zombie_boss_fireball.reanim'
INFO: compile 0 ms:'compiled/reanim/Hammer.reanim.compiled'
INFO: 'reanim/SlotMachine.reanim'
INFO: compile 1 ms:'compiled/reanim/Garlic.reanim.compiled'
INFO: 'reanim/GoldMagnet.reanim'
INFO: compile 0 ms:'compiled/reanim/SlotMachine.reanim.compiled'
INFO: 'reanim/Credits_Football.reanim'
INFO: compile 0 ms:'compiled/reanim/Credits_Football.reanim.compiled'
INFO: 'reanim/Credits_Jackbox.reanim'
INFO: compile 0 ms:'compiled/reanim/Credits_Jackbox.reanim.compiled'
INFO: 'reanim/SelectorScreen.reanim'
INFO: compile 6 ms:'compiled/reanim/Zombie_Boss_driver.reanim.compiled'
INFO: 'reanim/LawnMoweredZombie.reanim'
INFO: compile 0 ms:'compiled/reanim/LawnMoweredZombie.reanim.compiled'
INFO: 'reanim/CrazyDave.reanim'
INFO: compile 8 ms:'compiled/reanim/Zombie_Boss_driver.reanim.compiled'
INFO: 'reanim/LawnMoweredZombie.reanim'
INFO: compile 0 ms:'compiled/reanim/LawnMoweredZombie.reanim.compiled'
INFO: 'reanim/CrazyDave.reanim'
INFO: compile 4 ms:'compiled/reanim/Zombie_boss_fireball.reanim.compiled'
INFO: 'reanim/CobCannon.reanim'
INFO: compile 4 ms:'compiled/reanim/GoldMagnet.reanim.compiled'
INFO: 'reanim/WinterMelon.reanim'
INFO: compile 3 ms:'compiled/reanim/WinterMelon.reanim.compiled'
INFO: 'reanim/TwinSunflower.reanim'
INFO: compile 3 ms:'compiled/reanim/CobCannon.reanim.compiled'
INFO: 'reanim/Garlic.reanim'
INFO: compile 1 ms:'compiled/reanim/TwinSunflower.reanim.compiled'
INFO: 'reanim/PoolCleaner.reanim'
INFO: compile 1 ms:'compiled/reanim/Garlic.reanim.compiled'
INFO: 'reanim/GoldMagnet.reanim'
INFO: compile 2 ms:'compiled/reanim/PoolCleaner.reanim.compiled'
INFO: 'reanim/RoofCleaner.reanim'
INFO: compile 1 ms:'compiled/reanim/RoofCleaner.reanim.compiled'
INFO: 'reanim/FirePea.reanim'
INFO: compile 4 ms:'compiled/reanim/GoldMagnet.reanim.compiled'
INFO: 'reanim/WinterMelon.reanim'
INFO: compile 0 ms:'compiled/reanim/FirePea.reanim.compiled'
INFO: 'reanim/Imitater.reanim'
INFO: compile 33 ms:'compiled/reanim/CrazyDave.reanim.compiled'
INFO: 'reanim/TextFadeOn.reanim'
INFO: compile 0 ms:'compiled/reanim/TextFadeOn.reanim.compiled'
INFO: 'reanim/Hammer.reanim'
INFO: compile 0 ms:'compiled/reanim/Hammer.reanim.compiled'
INFO: 'reanim/SlotMachine.reanim'
INFO: compile 0 ms:'compiled/reanim/SlotMachine.reanim.compiled'
INFO: 'reanim/Credits_Football.reanim'
INFO: compile 0 ms:'compiled/reanim/Credits_Football.reanim.compiled'
INFO: 'reanim/Credits_Jackbox.reanim'
INFO: compile 0 ms:'compiled/reanim/Credits_Jackbox.reanim.compiled'
INFO: 'reanim/SelectorScreen.reanim'
INFO: compile 3 ms:'compiled/reanim/Imitater.reanim.compiled'
INFO: 'reanim/Zombie_yeti.reanim'
INFO: compile 3 ms:'compiled/reanim/WinterMelon.reanim.compiled'
INFO: 'reanim/TwinSunflower.reanim'
INFO: compile 2 ms:'compiled/reanim/TwinSunflower.reanim.compiled'
INFO: 'reanim/PoolCleaner.reanim'
INFO: compile 2 ms:'compiled/reanim/PoolCleaner.reanim.compiled'
INFO: 'reanim/RoofCleaner.reanim'
INFO: compile 31 ms:'compiled/reanim/CrazyDave.reanim.compiled'
INFO: 'reanim/TextFadeOn.reanim'
INFO: compile 0 ms:'compiled/reanim/TextFadeOn.reanim.compiled'
INFO: 'reanim/Hammer.reanim'
INFO: compile 0 ms:'compiled/reanim/Hammer.reanim.compiled'
INFO: 'reanim/SlotMachine.reanim'
INFO: compile 1 ms:'compiled/reanim/RoofCleaner.reanim.compiled'
INFO: 'reanim/FirePea.reanim'
INFO: compile 0 ms:'compiled/reanim/SlotMachine.reanim.compiled'
INFO: 'reanim/Credits_Football.reanim'
INFO: compile 0 ms:'compiled/reanim/Credits_Football.reanim.compiled'
INFO: 'reanim/Credits_Jackbox.reanim'
INFO: compile 0 ms:'compiled/reanim/Credits_Jackbox.reanim.compiled'
INFO: 'reanim/SelectorScreen.reanim'
INFO: compile 0 ms:'compiled/reanim/FirePea.reanim.compiled'
INFO: 'reanim/Imitater.reanim'
INFO: compile 9 ms:'compiled/reanim/Zombie_yeti.reanim.compiled'
INFO: 'reanim/Zombie_Boss_driver.reanim'
INFO: compile 3 ms:'compiled/reanim/Imitater.reanim.compiled'
INFO: 'reanim/Zombie_yeti.reanim'
INFO: compile 31 ms:'compiled/reanim/SelectorScreen.reanim.compiled'
INFO: 'reanim/Portal_Circle.reanim'
INFO: compile 1 ms:'compiled/reanim/Portal_Circle.reanim.compiled'
INFO: 'reanim/Portal_Square.reanim'
INFO: compile 0 ms:'compiled/reanim/Portal_Square.reanim.compiled'
INFO: 'reanim/ZenGarden_sprout.reanim'
INFO: compile 1 ms:'compiled/reanim/ZenGarden_sprout.reanim.compiled'
INFO: 'reanim/ZenGarden_wateringcan.reanim'
INFO: compile 30 ms:'compiled/reanim/SelectorScreen.reanim.compiled'
INFO: 'reanim/Portal_Circle.reanim'
INFO: compile 28 ms:'compiled/reanim/CrazyDave.reanim.compiled'
INFO: 'reanim/TextFadeOn.reanim'
INFO: compile 0 ms:'compiled/reanim/TextFadeOn.reanim.compiled'
INFO: 'reanim/Hammer.reanim'
INFO: compile 1 ms:'compiled/reanim/Portal_Circle.reanim.compiled'
INFO: 'reanim/Portal_Square.reanim'
INFO: compile 0 ms:'compiled/reanim/Hammer.reanim.compiled'
INFO: 'reanim/SlotMachine.reanim'
INFO: compile 0 ms:'compiled/reanim/SlotMachine.reanim.compiled'
INFO: 'reanim/Credits_Football.reanim'
INFO: compile 2 ms:'compiled/reanim/ZenGarden_wateringcan.reanim.compiled'
INFO: 'reanim/ZenGarden_fertilizer.reanim'
INFO: compile 0 ms:'compiled/reanim/Portal_Square.reanim.compiled'
INFO: 'reanim/ZenGarden_sprout.reanim'
INFO: compile 0 ms:'compiled/reanim/Credits_Football.reanim.compiled'
INFO: 'reanim/Credits_Jackbox.reanim'
INFO: compile 0 ms:'compiled/reanim/Credits_Jackbox.reanim.compiled'
INFO: 'reanim/SelectorScreen.reanim'
INFO: compile 8 ms:'compiled/reanim/Zombie_Boss_driver.reanim.compiled'
INFO: 'reanim/LawnMoweredZombie.reanim'
INFO: compile 6 ms:'compiled/reanim/Zombie_yeti.reanim.compiled'
INFO: 'reanim/Zombie_Boss_driver.reanim'
INFO: compile 1 ms:'compiled/reanim/ZenGarden_sprout.reanim.compiled'
INFO: 'reanim/ZenGarden_wateringcan.reanim'
INFO: compile 0 ms:'compiled/reanim/LawnMoweredZombie.reanim.compiled'
INFO: 'reanim/CrazyDave.reanim'
INFO: compile 1 ms:'compiled/reanim/ZenGarden_fertilizer.reanim.compiled'
INFO: 'reanim/ZenGarden_bugspray.reanim'
INFO: compile 0 ms:'compiled/reanim/ZenGarden_bugspray.reanim.compiled'
INFO: 'reanim/ZenGarden_phonograph.reanim'
INFO: compile 1 ms:'compiled/reanim/ZenGarden_phonograph.reanim.compiled'
INFO: 'reanim/Diamond.reanim'
INFO: compile 0 ms:'compiled/reanim/Diamond.reanim.compiled'
INFO: 'reanim/Zombie_hand.reanim'
INFO: compile 3 ms:'compiled/reanim/ZenGarden_wateringcan.reanim.compiled'
INFO: 'reanim/ZenGarden_fertilizer.reanim'
INFO: compile 2 ms:'compiled/reanim/ZenGarden_fertilizer.reanim.compiled'
INFO: 'reanim/ZenGarden_bugspray.reanim'
INFO: compile 6 ms:'compiled/reanim/Zombie_Boss_driver.reanim.compiled'
INFO: 'reanim/LawnMoweredZombie.reanim'
INFO: compile 37 ms:'compiled/reanim/CrazyDave.reanim.compiled'
INFO: compile 0 ms:'compiled/reanim/LawnMoweredZombie.reanim.compiled'
INFO: 'reanim/CrazyDave.reanim'
INFO: 'reanim/TextFadeOn.reanim'
INFO: compile 0 ms:'compiled/reanim/TextFadeOn.reanim.compiled'
INFO: 'reanim/Hammer.reanim'
INFO: compile 1 ms:'compiled/reanim/ZenGarden_bugspray.reanim.compiled'
INFO: 'reanim/ZenGarden_phonograph.reanim'
INFO: compile 1 ms:'compiled/reanim/Hammer.reanim.compiled'
INFO: 'reanim/SlotMachine.reanim'
INFO: compile 5 ms:'compiled/reanim/Zombie_hand.reanim.compiled'
INFO: 'reanim/Stinky.reanim'
INFO: compile 0 ms:'compiled/reanim/SlotMachine.reanim.compiled'
INFO: 'reanim/Credits_Football.reanim'
INFO: compile 1 ms:'compiled/reanim/ZenGarden_phonograph.reanim.compiled'
INFO: 'reanim/Diamond.reanim'
INFO: compile 0 ms:'compiled/reanim/Credits_Football.reanim.compiled'
INFO: 'reanim/Credits_Jackbox.reanim'
INFO: compile 0 ms:'compiled/reanim/Credits_Jackbox.reanim.compiled'
INFO: 'reanim/SelectorScreen.reanim'
INFO: compile 1 ms:'compiled/reanim/Diamond.reanim.compiled'
INFO: 'reanim/Zombie_hand.reanim'
INFO: compile 2 ms:'compiled/reanim/Stinky.reanim.compiled'
INFO: 'reanim/Rake.reanim'
INFO: compile 0 ms:'compiled/reanim/Rake.reanim.compiled'
INFO: 'reanim/Rain_circle.reanim'
INFO: compile 0 ms:'compiled/reanim/Rain_circle.reanim.compiled'
INFO: 'reanim/Rain_splash.reanim'
INFO: compile 0 ms:'compiled/reanim/Rain_splash.reanim.compiled'
INFO: 'reanim/Zombie_surprise.reanim'
INFO: compile 0 ms:'compiled/reanim/Zombie_surprise.reanim.compiled'
INFO: 'reanim/Coin_gold.reanim'
INFO: compile 0 ms:'compiled/reanim/Coin_gold.reanim.compiled'
INFO: 'reanim/TreeOfWisdom.reanim'
INFO: compile 31 ms:'compiled/reanim/SelectorScreen.reanim.compiled'
INFO: 'reanim/Portal_Circle.reanim'
INFO: compile 1 ms:'compiled/reanim/Portal_Circle.reanim.compiled'
INFO: 'reanim/Portal_Square.reanim'
INFO: compile 0 ms:'compiled/reanim/Portal_Square.reanim.compiled'
INFO: 'reanim/ZenGarden_sprout.reanim'
INFO: compile 1 ms:'compiled/reanim/ZenGarden_sprout.reanim.compiled'
INFO: 'reanim/ZenGarden_wateringcan.reanim'
INFO: compile 6 ms:'compiled/reanim/Zombie_hand.reanim.compiled'
INFO: 'reanim/Stinky.reanim'
INFO: compile 2 ms:'compiled/reanim/ZenGarden_wateringcan.reanim.compiled'
INFO: 'reanim/ZenGarden_fertilizer.reanim'
INFO: compile 1 ms:'compiled/reanim/ZenGarden_fertilizer.reanim.compiled'
INFO: 'reanim/ZenGarden_bugspray.reanim'
INFO: compile 2 ms:'compiled/reanim/Stinky.reanim.compiled'
INFO: 'reanim/Rake.reanim'
INFO: compile 0 ms:'compiled/reanim/Rake.reanim.compiled'
INFO: 'reanim/Rain_circle.reanim'
INFO: compile 0 ms:'compiled/reanim/Rain_circle.reanim.compiled'
INFO: 'reanim/Rain_splash.reanim'
INFO: compile 0 ms:'compiled/reanim/ZenGarden_bugspray.reanim.compiled'
INFO: 'reanim/ZenGarden_phonograph.reanim'
INFO: compile 0 ms:'compiled/reanim/Rain_splash.reanim.compiled'
INFO: 'reanim/Zombie_surprise.reanim'
INFO: compile 0 ms:'compiled/reanim/Zombie_surprise.reanim.compiled'
INFO: 'reanim/Coin_gold.reanim'
INFO: compile 0 ms:'compiled/reanim/ZenGarden_phonograph.reanim.compiled'
INFO: 'reanim/Diamond.reanim'
INFO: compile 0 ms:'compiled/reanim/Coin_gold.reanim.compiled'
INFO: 'reanim/TreeOfWisdom.reanim'
INFO: compile 0 ms:'compiled/reanim/Diamond.reanim.compiled'
INFO: 'reanim/Zombie_hand.reanim'
INFO: compile 5 ms:'compiled/reanim/Zombie_hand.reanim.compiled'
INFO: 'reanim/Stinky.reanim'
INFO: compile 38 ms:'compiled/reanim/SelectorScreen.reanim.compiled'
INFO: 'reanim/Portal_Circle.reanim'
INFO: compile 1 ms:'compiled/reanim/Portal_Circle.reanim.compiled'
INFO: 'reanim/Portal_Square.reanim'
INFO: compile 31 ms:'compiled/reanim/SelectorScreen.reanim.compiled'
INFO: 'reanim/Portal_Circle.reanim'
INFO: compile 0 ms:'compiled/reanim/Portal_Square.reanim.compiled'
INFO: 'reanim/ZenGarden_sprout.reanim'
INFO: compile 1 ms:'compiled/reanim/Portal_Circle.reanim.compiled'
INFO: 'reanim/Portal_Square.reanim'
INFO: compile 3 ms:'compiled/reanim/Stinky.reanim.compiled'
INFO: 'reanim/Rake.reanim'
INFO: compile 0 ms:'compiled/reanim/Portal_Square.reanim.compiled'
INFO: 'reanim/ZenGarden_sprout.reanim'
INFO: compile 1 ms:'compiled/reanim/ZenGarden_sprout.reanim.compiled'
INFO: compile 0 ms:'compiled/reanim/Rake.reanim.compiled'
INFO: 'reanim/ZenGarden_wateringcan.reanim'
INFO: 'reanim/Rain_circle.reanim'
INFO: compile 0 ms:'compiled/reanim/Rain_circle.reanim.compiled'
INFO: 'reanim/Rain_splash.reanim'
INFO: compile 32 ms:'compiled/reanim/CrazyDave.reanim.compiled'
INFO: 'reanim/TextFadeOn.reanim'
INFO: compile 0 ms:'compiled/reanim/TextFadeOn.reanim.compiled'
INFO: 'reanim/Hammer.reanim'
INFO: compile 1 ms:'compiled/reanim/ZenGarden_sprout.reanim.compiled'
INFO: 'reanim/ZenGarden_wateringcan.reanim'
INFO: compile 0 ms:'compiled/reanim/Rain_splash.reanim.compiled'
INFO: 'reanim/Zombie_surprise.reanim'
INFO: compile 0 ms:'compiled/reanim/Hammer.reanim.compiled'
INFO: 'reanim/SlotMachine.reanim'
INFO: compile 0 ms:'compiled/reanim/Zombie_surprise.reanim.compiled'
INFO: 'reanim/Coin_gold.reanim'
INFO: compile 0 ms:'compiled/reanim/SlotMachine.reanim.compiled'
INFO: 'reanim/Credits_Football.reanim'
INFO: compile 0 ms:'compiled/reanim/Coin_gold.reanim.compiled'
INFO: 'reanim/TreeOfWisdom.reanim'
INFO: compile 0 ms:'compiled/reanim/Credits_Football.reanim.compiled'
INFO: 'reanim/Credits_Jackbox.reanim'
INFO: compile 0 ms:'compiled/reanim/Credits_Jackbox.reanim.compiled'
INFO: 'reanim/SelectorScreen.reanim'
INFO: compile 2 ms:'compiled/reanim/ZenGarden_wateringcan.reanim.compiled'
INFO: 'reanim/ZenGarden_fertilizer.reanim'
INFO: compile 3 ms:'compiled/reanim/ZenGarden_wateringcan.reanim.compiled'
INFO: 'reanim/ZenGarden_fertilizer.reanim'
INFO: compile 1 ms:'compiled/reanim/ZenGarden_fertilizer.reanim.compiled'
INFO: 'reanim/ZenGarden_bugspray.reanim'
INFO: compile 0 ms:'compiled/reanim/ZenGarden_bugspray.reanim.compiled'
INFO: 'reanim/ZenGarden_phonograph.reanim'
INFO: compile 2 ms:'compiled/reanim/ZenGarden_fertilizer.reanim.compiled'
INFO: 'reanim/ZenGarden_bugspray.reanim'
INFO: compile 0 ms:'compiled/reanim/ZenGarden_phonograph.reanim.compiled'
INFO: 'reanim/Diamond.reanim'
INFO: compile 0 ms:'compiled/reanim/Diamond.reanim.compiled'
INFO: 'reanim/Zombie_hand.reanim'
INFO: compile 32 ms:'compiled/reanim/CrazyDave.reanim.compiled'
INFO: 'reanim/TextFadeOn.reanim'
INFO: compile 1 ms:'compiled/reanim/ZenGarden_bugspray.reanim.compiled'
INFO: 'reanim/ZenGarden_phonograph.reanim'
INFO: compile 0 ms:'compiled/reanim/TextFadeOn.reanim.compiled'
INFO: 'reanim/Hammer.reanim'
INFO: compile 0 ms:'compiled/reanim/Hammer.reanim.compiled'
INFO: 'reanim/SlotMachine.reanim'
INFO: compile 0 ms:'compiled/reanim/SlotMachine.reanim.compiled'
INFO: 'reanim/Credits_Football.reanim'
INFO: compile 1 ms:'compiled/reanim/ZenGarden_phonograph.reanim.compiled'
INFO: 'reanim/Diamond.reanim'
INFO: compile 0 ms:'compiled/reanim/Credits_Football.reanim.compiled'
INFO: 'reanim/Credits_Jackbox.reanim'
INFO: compile 0 ms:'compiled/reanim/Credits_Jackbox.reanim.compiled'
INFO: 'reanim/SelectorScreen.reanim'
INFO: compile 0 ms:'compiled/reanim/Diamond.reanim.compiled'
INFO: 'reanim/Zombie_hand.reanim'
INFO: compile 31 ms:'compiled/reanim/SelectorScreen.reanim.compiled'
INFO: 'reanim/Portal_Circle.reanim'
INFO: compile 1 ms:'compiled/reanim/Portal_Circle.reanim.compiled'
INFO: 'reanim/Portal_Square.reanim'
INFO: compile 3 ms:'compiled/reanim/Zombie_hand.reanim.compiled'
INFO: 'reanim/Stinky.reanim'
INFO: compile 0 ms:'compiled/reanim/Portal_Square.reanim.compiled'
INFO: 'reanim/ZenGarden_sprout.reanim'
INFO: compile 1 ms:'compiled/reanim/ZenGarden_sprout.reanim.compiled'
INFO: 'reanim/ZenGarden_wateringcan.reanim'
INFO: compile 2 ms:'compiled/reanim/Stinky.reanim.compiled'
INFO: 'reanim/Rake.reanim'
INFO: compile 4 ms:'compiled/reanim/Zombie_hand.reanim.compiled'
INFO: 'reanim/Stinky.reanim'
INFO: compile 0 ms:'compiled/reanim/Rake.reanim.compiled'
INFO: 'reanim/Rain_circle.reanim'
INFO: compile 0 ms:'compiled/reanim/Rain_circle.reanim.compiled'
INFO: 'reanim/Rain_splash.reanim'
INFO: compile 0 ms:'compiled/reanim/Rain_splash.reanim.compiled'
INFO: 'reanim/Zombie_surprise.reanim'
INFO: compile 0 ms:'compiled/reanim/Zombie_surprise.reanim.compiled'
INFO: 'reanim/Coin_gold.reanim'
INFO: compile 0 ms:'compiled/reanim/Coin_gold.reanim.compiled'
INFO: 'reanim/TreeOfWisdom.reanim'
INFO: compile 3 ms:'compiled/reanim/ZenGarden_wateringcan.reanim.compiled'
INFO: 'reanim/ZenGarden_fertilizer.reanim'
INFO: compile 4 ms:'compiled/reanim/Stinky.reanim.compiled'
INFO: 'reanim/Rake.reanim'
INFO: compile 0 ms:'compiled/reanim/Rake.reanim.compiled'
INFO: 'reanim/Rain_circle.reanim'
INFO: compile 2 ms:'compiled/reanim/ZenGarden_fertilizer.reanim.compiled'
INFO: 'reanim/ZenGarden_bugspray.reanim'
INFO: compile 0 ms:'compiled/reanim/Rain_circle.reanim.compiled'
INFO: 'reanim/Rain_splash.reanim'
INFO: compile 0 ms:'compiled/reanim/Rain_splash.reanim.compiled'
INFO: 'reanim/Zombie_surprise.reanim'
INFO: compile 0 ms:'compiled/reanim/ZenGarden_bugspray.reanim.compiled'
INFO: 'reanim/ZenGarden_phonograph.reanim'
INFO: compile 0 ms:'compiled/reanim/Zombie_surprise.reanim.compiled'
INFO: 'reanim/Coin_gold.reanim'
INFO: compile 0 ms:'compiled/reanim/Coin_gold.reanim.compiled'
INFO: 'reanim/TreeOfWisdom.reanim'
INFO: compile 0 ms:'compiled/reanim/ZenGarden_phonograph.reanim.compiled'
INFO: 'reanim/Diamond.reanim'
INFO: compile 0 ms:'compiled/reanim/Diamond.reanim.compiled'
INFO: 'reanim/Zombie_hand.reanim'
INFO: compile 4 ms:'compiled/reanim/Zombie_hand.reanim.compiled'
INFO: 'reanim/Stinky.reanim'
INFO: compile 2 ms:'compiled/reanim/Stinky.reanim.compiled'
INFO: 'reanim/Rake.reanim'
INFO: compile 38 ms:'compiled/reanim/TreeOfWisdom.reanim.compiled'
INFO: 'reanim/TreeOfWisdomClouds.reanim'
INFO: compile 0 ms:'compiled/reanim/Rake.reanim.compiled'
INFO: 'reanim/Rain_circle.reanim'
INFO: compile 0 ms:'compiled/reanim/Rain_circle.reanim.compiled'
INFO: 'reanim/Rain_splash.reanim'
INFO: compile 0 ms:'compiled/reanim/Rain_splash.reanim.compiled'
INFO: 'reanim/Zombie_surprise.reanim'
INFO: compile 0 ms:'compiled/reanim/Zombie_surprise.reanim.compiled'
INFO: 'reanim/Coin_gold.reanim'
INFO: compile 49 ms:'compiled/reanim/TreeOfWisdom.reanim.compiled'
INFO: compile 0 ms:'compiled/reanim/Coin_gold.reanim.compiled'
INFO: 'reanim/TreeOfWisdom.reanim'
INFO: 'reanim/TreeOfWisdomClouds.reanim'
INFO: compile 2 ms:'compiled/reanim/TreeOfWisdomClouds.reanim.compiled'
INFO: 'reanim/TreeFood.reanim'
INFO: compile 1 ms:'compiled/reanim/TreeFood.reanim.compiled'
INFO: 'reanim/Credits_Main.reanim'
INFO: compile 2 ms:'compiled/reanim/TreeOfWisdomClouds.reanim.compiled'
INFO: 'reanim/TreeFood.reanim'
INFO: compile 1 ms:'compiled/reanim/TreeFood.reanim.compiled'
INFO: 'reanim/Credits_Main.reanim'
INFO: compile 36 ms:'compiled/reanim/SelectorScreen.reanim.compiled'
INFO: 'reanim/Portal_Circle.reanim'
INFO: compile 1 ms:'compiled/reanim/Portal_Circle.reanim.compiled'
INFO: 'reanim/Portal_Square.reanim'
INFO: compile 0 ms:'compiled/reanim/Portal_Square.reanim.compiled'
INFO: 'reanim/ZenGarden_sprout.reanim'
INFO: compile 1 ms:'compiled/reanim/ZenGarden_sprout.reanim.compiled'
INFO: 'reanim/ZenGarden_wateringcan.reanim'
INFO: compile 33 ms:'compiled/reanim/SelectorScreen.reanim.compiled'
INFO: 'reanim/Portal_Circle.reanim'
INFO: compile 1 ms:'compiled/reanim/Portal_Circle.reanim.compiled'
INFO: 'reanim/Portal_Square.reanim'
INFO: compile 0 ms:'compiled/reanim/Portal_Square.reanim.compiled'
INFO: 'reanim/ZenGarden_sprout.reanim'
INFO: compile 2 ms:'compiled/reanim/ZenGarden_wateringcan.reanim.compiled'
INFO: 'reanim/ZenGarden_fertilizer.reanim'
INFO: compile 1 ms:'compiled/reanim/ZenGarden_sprout.reanim.compiled'
INFO: 'reanim/ZenGarden_wateringcan.reanim'
INFO: compile 1 ms:'compiled/reanim/ZenGarden_fertilizer.reanim.compiled'
INFO: 'reanim/ZenGarden_bugspray.reanim'
INFO: compile 1 ms:'compiled/reanim/ZenGarden_bugspray.reanim.compiled'
INFO: 'reanim/ZenGarden_phonograph.reanim'
INFO: compile 0 ms:'compiled/reanim/ZenGarden_phonograph.reanim.compiled'
INFO: 'reanim/Diamond.reanim'
INFO: compile 0 ms:'compiled/reanim/Diamond.reanim.compiled'
INFO: compile 3 ms:'compiled/reanim/ZenGarden_wateringcan.reanim.compiled'
INFO: 'reanim/Zombie_hand.reanim'
INFO: 'reanim/ZenGarden_fertilizer.reanim'
INFO: compile 48 ms:'compiled/reanim/TreeOfWisdom.reanim.compiled'
INFO: 'reanim/TreeOfWisdomClouds.reanim'
INFO: compile 2 ms:'compiled/reanim/ZenGarden_fertilizer.reanim.compiled'
INFO: 'reanim/ZenGarden_bugspray.reanim'
INFO: compile 18 ms:'compiled/reanim/Credits_Main.reanim.compiled'
INFO: 'reanim/Credits_Main2.reanim'
INFO: compile 4 ms:'compiled/reanim/Zombie_hand.reanim.compiled'
INFO: 'reanim/Stinky.reanim'
INFO: compile 21 ms:'compiled/reanim/Credits_Main.reanim.compiled'
INFO: 'reanim/Credits_Main2.reanim'
INFO: compile 1 ms:'compiled/reanim/ZenGarden_bugspray.reanim.compiled'
INFO: 'reanim/ZenGarden_phonograph.reanim'
INFO: compile 2 ms:'compiled/reanim/TreeOfWisdomClouds.reanim.compiled'
INFO: 'reanim/TreeFood.reanim'
INFO: compile 0 ms:'compiled/reanim/ZenGarden_phonograph.reanim.compiled'
INFO: 'reanim/Diamond.reanim'
INFO: compile 1 ms:'compiled/reanim/TreeFood.reanim.compiled'
INFO: 'reanim/Credits_Main.reanim'
INFO: compile 0 ms:'compiled/reanim/Diamond.reanim.compiled'
INFO: 'reanim/Zombie_hand.reanim'
INFO: compile 2 ms:'compiled/reanim/Stinky.reanim.compiled'
INFO: 'reanim/Rake.reanim'
INFO: compile 0 ms:'compiled/reanim/Rake.reanim.compiled'
INFO: 'reanim/Rain_circle.reanim'
INFO: compile 0 ms:'compiled/reanim/Rain_circle.reanim.compiled'
INFO: 'reanim/Rain_splash.reanim'
INFO: compile 0 ms:'compiled/reanim/Rain_splash.reanim.compiled'
INFO: 'reanim/Zombie_surprise.reanim'
INFO: compile 0 ms:'compiled/reanim/Zombie_surprise.reanim.compiled'
INFO: 'reanim/Coin_gold.reanim'
INFO: compile 0 ms:'compiled/reanim/Coin_gold.reanim.compiled'
INFO: 'reanim/TreeOfWisdom.reanim'
INFO: compile 4 ms:'compiled/reanim/Zombie_hand.reanim.compiled'
INFO: 'reanim/Stinky.reanim'
INFO: compile 39 ms:'compiled/reanim/TreeOfWisdom.reanim.compiled'
INFO: 'reanim/TreeOfWisdomClouds.reanim'
INFO: compile 2 ms:'compiled/reanim/Stinky.reanim.compiled'
INFO: 'reanim/Rake.reanim'
INFO: compile 0 ms:'compiled/reanim/Rake.reanim.compiled'
INFO: 'reanim/Rain_circle.reanim'
INFO: compile 2 ms:'compiled/reanim/TreeOfWisdomClouds.reanim.compiled'
INFO: 'reanim/TreeFood.reanim'
INFO: compile 0 ms:'compiled/reanim/Rain_circle.reanim.compiled'
INFO: 'reanim/Rain_splash.reanim'
INFO: compile 0 ms:'compiled/reanim/Rain_splash.reanim.compiled'
INFO: 'reanim/Zombie_surprise.reanim'
INFO: compile 0 ms:'compiled/reanim/Zombie_surprise.reanim.compiled'
INFO: 'reanim/Coin_gold.reanim'
INFO: compile 1 ms:'compiled/reanim/TreeFood.reanim.compiled'
INFO: 'reanim/Credits_Main.reanim'
INFO: compile 0 ms:'compiled/reanim/Coin_gold.reanim.compiled'
INFO: 'reanim/TreeOfWisdom.reanim'
INFO: compile 51 ms:'compiled/reanim/TreeOfWisdom.reanim.compiled'
INFO: 'reanim/TreeOfWisdomClouds.reanim'
INFO: compile 4 ms:'compiled/reanim/TreeOfWisdomClouds.reanim.compiled'
INFO: 'reanim/TreeFood.reanim'
INFO: compile 1 ms:'compiled/reanim/TreeFood.reanim.compiled'
INFO: 'reanim/Credits_Main.reanim'
INFO: compile 19 ms:'compiled/reanim/Credits_Main.reanim.compiled'
INFO: 'reanim/Credits_Main2.reanim'
INFO: compile 24 ms:'compiled/reanim/Credits_Main2.reanim.compiled'
INFO: 'reanim/Credits_Main3.reanim'
INFO: compile 48 ms:'compiled/reanim/TreeOfWisdom.reanim.compiled'
INFO: 'reanim/TreeOfWisdomClouds.reanim'
INFO: compile 4 ms:'compiled/reanim/TreeOfWisdomClouds.reanim.compiled'
INFO: 'reanim/TreeFood.reanim'
INFO: compile 19 ms:'compiled/reanim/Credits_Main.reanim.compiled'
INFO: 'reanim/Credits_Main2.reanim'
INFO: compile 1 ms:'compiled/reanim/TreeFood.reanim.compiled'
INFO: 'reanim/Credits_Main.reanim'
INFO: compile 18 ms:'compiled/reanim/Credits_Main2.reanim.compiled'
INFO: 'reanim/Credits_Main3.reanim'
INFO: compile 17 ms:'compiled/reanim/Credits_Main3.reanim.compiled'
INFO: 'reanim/Zombie_credits_dance.reanim'
INFO: compile 21 ms:'compiled/reanim/Credits_Main.reanim.compiled'
INFO: 'reanim/Credits_Main2.reanim'
INFO: compile 38 ms:'compiled/reanim/TreeOfWisdom.reanim.compiled'
INFO: 'reanim/TreeOfWisdomClouds.reanim'
INFO: compile 14 ms:'compiled/reanim/Credits_Main2.reanim.compiled'
INFO: 'reanim/Credits_Main3.reanim'
INFO: compile 3 ms:'compiled/reanim/TreeOfWisdomClouds.reanim.compiled'
INFO: 'reanim/TreeFood.reanim'
INFO: compile 1 ms:'compiled/reanim/TreeFood.reanim.compiled'
INFO: 'reanim/Credits_Main.reanim'
INFO: compile 21 ms:'compiled/reanim/Credits_Main.reanim.compiled'
INFO: 'reanim/Credits_Main2.reanim'
INFO: compile 14 ms:'compiled/reanim/Credits_Main2.reanim.compiled'
INFO: 'reanim/Credits_Main3.reanim'
INFO: compile 18 ms:'compiled/reanim/Credits_Main3.reanim.compiled'
INFO: 'reanim/Zombie_credits_dance.reanim'
INFO: compile 18 ms:'compiled/reanim/Credits_Main3.reanim.compiled'
INFO: 'reanim/Zombie_credits_dance.reanim'
INFO: compile 14 ms:'compiled/reanim/Credits_Main2.reanim.compiled'
INFO: 'reanim/Credits_Main3.reanim'
INFO: compile 21 ms:'compiled/reanim/Credits_Main.reanim.compiled'
INFO: 'reanim/Credits_Main2.reanim'
INFO: compile 32 ms:'compiled/reanim/Zombie_credits_dance.reanim.compiled'
INFO: 'reanim/Credits_stage.reanim'
INFO: compile 17 ms:'compiled/reanim/Credits_Main3.reanim.compiled'
INFO: 'reanim/Zombie_credits_dance.reanim'
INFO: compile 2 ms:'compiled/reanim/Credits_stage.reanim.compiled'
INFO: 'reanim/Credits_BigBrain.reanim'
INFO: compile 0 ms:'compiled/reanim/Credits_BigBrain.reanim.compiled'
INFO: 'reanim/Credits_Flower_petals.reanim'
INFO: compile 1 ms:'compiled/reanim/Credits_Flower_petals.reanim.compiled'
INFO: 'reanim/Credits_Infantry.reanim'
INFO: compile 0 ms:'compiled/reanim/Credits_Infantry.reanim.compiled'
INFO: 'reanim/Credits_Throat.reanim'
INFO: compile 79 ms:'compiled/reanim/Credits_Main2.reanim.compiled'
INFO: 'reanim/Credits_Main3.reanim'
INFO: compile 14 ms:'compiled/reanim/Credits_Main2.reanim.compiled'
INFO: 'reanim/Credits_Main3.reanim'
INFO: compile 3 ms:'compiled/reanim/Credits_Throat.reanim.compiled'
INFO: 'reanim/Credits_CrazyDave.reanim'
INFO: compile 16 ms:'compiled/reanim/Credits_Main3.reanim.compiled'
INFO: 'reanim/Zombie_credits_dance.reanim'
INFO: compile 1 ms:'compiled/reanim/Credits_CrazyDave.reanim.compiled'
INFO: 'reanim/Credits_Bossdance.reanim'
INFO: compile 0 ms:'compiled/reanim/Credits_Bossdance.reanim.compiled'
INFO: 'reanim/Zombie_Credits_Screendoor.reanim'
INFO: compile 27 ms:'compiled/reanim/Zombie_credits_dance.reanim.compiled'
INFO: 'reanim/Credits_stage.reanim'
INFO: compile 1 ms:'compiled/reanim/Zombie_Credits_Screendoor.reanim.compiled'
INFO: 'reanim/Zombie_Credits_Conehead.reanim'
INFO: compile 3 ms:'compiled/reanim/Credits_stage.reanim.compiled'
INFO: 'reanim/Credits_BigBrain.reanim'
INFO: compile 1 ms:'compiled/reanim/Zombie_Credits_Conehead.reanim.compiled'
INFO: 'reanim/Credits_ZombieArmy1.reanim'
INFO: compile 0 ms:'compiled/reanim/Credits_ZombieArmy1.reanim.compiled'
INFO: 'reanim/Credits_ZombieArmy2.reanim'
INFO: compile 0 ms:'compiled/reanim/Credits_ZombieArmy2.reanim.compiled'
INFO: 'reanim/Credits_Tombstones.reanim'
INFO: compile 0 ms:'compiled/reanim/Credits_Tombstones.reanim.compiled'
INFO: 'reanim/Credits_SolarPower.reanim'
INFO: compile 0 ms:'compiled/reanim/Credits_BigBrain.reanim.compiled'
INFO: 'reanim/Credits_Flower_petals.reanim'
INFO: compile 0 ms:'compiled/reanim/Credits_SolarPower.reanim.compiled'
INFO: 'reanim/Credits_Anyhour.reanim'
INFO: compile 81 ms:'compiled/reanim/TreeOfWisdom.reanim.compiled'
INFO: compile 1 ms:'compiled/reanim/Credits_Flower_petals.reanim.compiled'
INFO: 'reanim/Credits_Infantry.reanim'
INFO: 'reanim/TreeOfWisdomClouds.reanim'
INFO: compile 0 ms:'compiled/reanim/Credits_Infantry.reanim.compiled'
INFO: 'reanim/Credits_Throat.reanim'
INFO: compile 1 ms:'compiled/reanim/Credits_Anyhour.reanim.compiled'
INFO: 'reanim/Credits_WeAreTheUndead.reanim'
INFO: compile 2 ms:'compiled/reanim/TreeOfWisdomClouds.reanim.compiled'
INFO: 'reanim/TreeFood.reanim'
INFO: compile 2 ms:'compiled/reanim/Credits_WeAreTheUndead.reanim.compiled'
INFO: 'reanim/Credits_DiscoLights.reanim'
INFO: compile 3 ms:'compiled/reanim/Credits_Throat.reanim.compiled'
INFO: 'reanim/Credits_CrazyDave.reanim'
INFO: compile 0 ms:'compiled/reanim/Credits_DiscoLights.reanim.compiled'
INFO: 'reanim/Zombie_FlagPole.reanim'
INFO: compile 1 ms:'compiled/reanim/TreeFood.reanim.compiled'
INFO: 'reanim/Credits_Main.reanim'
INFO: compile 0 ms:'compiled/reanim/Zombie_FlagPole.reanim.compiled'
INFO: 'reanim/zombatar_zombie_head.reanim'
INFO: compile 16 ms:'compiled/reanim/Credits_Main3.reanim.compiled'
INFO: 'reanim/Zombie_credits_dance.reanim'
INFO: compile 1 ms:'compiled/reanim/Credits_CrazyDave.reanim.compiled'
INFO: 'reanim/Credits_Bossdance.reanim'
INFO: compile 0 ms:'compiled/reanim/Credits_Bossdance.reanim.compiled'
INFO: 'reanim/Zombie_Credits_Screendoor.reanim'
INFO: compile 16 ms:'compiled/reanim/Credits_Main3.reanim.compiled'
INFO: compile 1 ms:'compiled/reanim/Zombie_Credits_Screendoor.reanim.compiled'
INFO: 'reanim/Zombie_Credits_Conehead.reanim'
INFO: 'reanim/Zombie_credits_dance.reanim'
INFO: compile 1 ms:'compiled/reanim/Zombie_Credits_Conehead.reanim.compiled'
INFO: 'reanim/Credits_ZombieArmy1.reanim'
INFO: compile 0 ms:'compiled/reanim/Credits_ZombieArmy1.reanim.compiled'
INFO: 'reanim/Credits_ZombieArmy2.reanim'
INFO: compile 0 ms:'compiled/reanim/Credits_ZombieArmy2.reanim.compiled'
INFO: 'reanim/Credits_Tombstones.reanim'
INFO: compile 0 ms:'compiled/reanim/Credits_Tombstones.reanim.compiled'
INFO: 'reanim/Credits_SolarPower.reanim'
INFO: compile 39 ms:'compiled/reanim/Zombie_credits_dance.reanim.compiled'
INFO: compile 0 ms:'compiled/reanim/Credits_SolarPower.reanim.compiled'
INFO: 'reanim/Credits_stage.reanim'
INFO: 'reanim/Credits_Anyhour.reanim'
INFO: compile 29 ms:'compiled/reanim/Zombie_credits_dance.reanim.compiled'
INFO: 'reanim/Credits_stage.reanim'
INFO: compile 1 ms:'compiled/reanim/Credits_Anyhour.reanim.compiled'
INFO: 'reanim/Credits_WeAreTheUndead.reanim'
INFO: compile 2 ms:'compiled/reanim/Credits_stage.reanim.compiled'
INFO: 'reanim/Credits_BigBrain.reanim'
INFO: compile 0 ms:'compiled/reanim/Credits_BigBrain.reanim.compiled'
INFO: 'reanim/Credits_Flower_petals.reanim'
INFO: compile 2 ms:'compiled/reanim/Credits_stage.reanim.compiled'
INFO: 'reanim/Credits_BigBrain.reanim'
INFO: compile 1 ms:'compiled/reanim/Credits_WeAreTheUndead.reanim.compiled'
INFO: 'reanim/Credits_DiscoLights.reanim'
INFO: compile 0 ms:'compiled/reanim/Credits_DiscoLights.reanim.compiled'
INFO: 'reanim/Zombie_FlagPole.reanim'
INFO: compile 0 ms:'compiled/reanim/Credits_BigBrain.reanim.compiled'
INFO: 'reanim/Credits_Flower_petals.reanim'
INFO: compile 0 ms:'compiled/reanim/Zombie_FlagPole.reanim.compiled'
INFO: 'reanim/zombatar_zombie_head.reanim'
INFO: compile 1 ms:'compiled/reanim/Credits_Flower_petals.reanim.compiled'
INFO: 'reanim/Credits_Infantry.reanim'
INFO: compile 0 ms:'compiled/reanim/Credits_Infantry.reanim.compiled'
INFO: 'reanim/Credits_Throat.reanim'
INFO: compile 1 ms:'compiled/reanim/Credits_Flower_petals.reanim.compiled'
INFO: 'reanim/Credits_Infantry.reanim'
INFO: compile 0 ms:'compiled/reanim/Credits_Infantry.reanim.compiled'
INFO: 'reanim/Credits_Throat.reanim'
INFO: compile 14 ms:'compiled/reanim/zombatar_zombie_head.reanim.compiled'
INFO: compile 3 ms:'compiled/reanim/Credits_Throat.reanim.compiled'
INFO: 'reanim/Credits_CrazyDave.reanim'
INFO: compile 27 ms:'compiled/reanim/Zombie_credits_dance.reanim.compiled'
INFO: 'reanim/Credits_stage.reanim'
INFO: compile 3 ms:'compiled/reanim/Credits_Throat.reanim.compiled'
INFO: 'reanim/Credits_CrazyDave.reanim'
INFO: compile 1 ms:'compiled/reanim/Credits_CrazyDave.reanim.compiled'
INFO: 'reanim/Credits_Bossdance.reanim'
INFO: compile 0 ms:'compiled/reanim/Credits_Bossdance.reanim.compiled'
INFO: 'reanim/Zombie_Credits_Screendoor.reanim'
INFO: compile 18 ms:'compiled/reanim/Credits_Main.reanim.compiled'
INFO: 'reanim/Credits_Main2.reanim'
INFO: compile 3 ms:'compiled/reanim/Credits_stage.reanim.compiled'
INFO: 'reanim/Credits_BigBrain.reanim'
INFO: compile 1 ms:'compiled/reanim/Zombie_Credits_Screendoor.reanim.compiled'
INFO: 'reanim/Zombie_Credits_Conehead.reanim'
INFO: compile 2 ms:'compiled/reanim/Credits_CrazyDave.reanim.compiled'
INFO: 'reanim/Credits_Bossdance.reanim'
INFO: compile 1 ms:'compiled/reanim/Credits_BigBrain.reanim.compiled'
INFO: 'reanim/Credits_Flower_petals.reanim'
INFO: compile 1 ms:'compiled/reanim/Credits_Bossdance.reanim.compiled'
INFO: 'reanim/Zombie_Credits_Screendoor.reanim'
INFO: compile 1 ms:'compiled/reanim/Zombie_Credits_Conehead.reanim.compiled'
INFO: 'reanim/Credits_ZombieArmy1.reanim'
INFO: compile 0 ms:'compiled/reanim/Credits_ZombieArmy1.reanim.compiled'
INFO: 'reanim/Credits_ZombieArmy2.reanim'
INFO: compile 0 ms:'compiled/reanim/Credits_ZombieArmy2.reanim.compiled'
INFO: 'reanim/Credits_Tombstones.reanim'
INFO: compile 0 ms:'compiled/reanim/Credits_Tombstones.reanim.compiled'
INFO: 'reanim/Credits_SolarPower.reanim'
INFO: compile 1 ms:'compiled/reanim/Credits_Flower_petals.reanim.compiled'
INFO: 'reanim/Credits_Infantry.reanim'
INFO: compile 0 ms:'compiled/reanim/Credits_Infantry.reanim.compiled'
INFO: 'reanim/Credits_Throat.reanim'
INFO: compile 0 ms:'compiled/reanim/Credits_SolarPower.reanim.compiled'
INFO: 'reanim/Credits_Anyhour.reanim'
INFO: compile 1 ms:'compiled/reanim/Zombie_Credits_Screendoor.reanim.compiled'
INFO: 'reanim/Zombie_Credits_Conehead.reanim'
INFO: compile 1 ms:'compiled/reanim/Credits_Anyhour.reanim.compiled'
INFO: compile 1 ms:'compiled/reanim/Zombie_Credits_Conehead.reanim.compiled'
INFO: 'reanim/Credits_ZombieArmy1.reanim'
INFO: 'reanim/Credits_WeAreTheUndead.reanim'
INFO: compile 0 ms:'compiled/reanim/Credits_ZombieArmy1.reanim.compiled'
INFO: 'reanim/Credits_ZombieArmy2.reanim'
INFO: compile 0 ms:'compiled/reanim/Credits_ZombieArmy2.reanim.compiled'
INFO: 'reanim/Credits_Tombstones.reanim'
INFO: compile 0 ms:'compiled/reanim/Credits_Tombstones.reanim.compiled'
INFO: 'reanim/Credits_SolarPower.reanim'
INFO: compile 13 ms:'compiled/reanim/zombatar_zombie_head.reanim.compiled'
INFO: compile 3 ms:'compiled/reanim/Credits_Throat.reanim.compiled'
INFO: 'reanim/Credits_CrazyDave.reanim'
INFO: compile 0 ms:'compiled/reanim/Credits_SolarPower.reanim.compiled'
INFO: 'reanim/Credits_Anyhour.reanim'
INFO: compile 1 ms:'compiled/reanim/Credits_WeAreTheUndead.reanim.compiled'
INFO: 'reanim/Credits_DiscoLights.reanim'
INFO: compile 0 ms:'compiled/reanim/Credits_DiscoLights.reanim.compiled'
INFO: 'reanim/Zombie_FlagPole.reanim'
INFO: compile 1 ms:'compiled/reanim/Credits_CrazyDave.reanim.compiled'
INFO: 'reanim/Credits_Bossdance.reanim'
INFO: compile 0 ms:'compiled/reanim/Zombie_FlagPole.reanim.compiled'
INFO: 'reanim/zombatar_zombie_head.reanim'
INFO: compile 1 ms:'compiled/reanim/Credits_Anyhour.reanim.compiled'
INFO: 'reanim/Credits_WeAreTheUndead.reanim'
INFO: compile 0 ms:'compiled/reanim/Credits_Bossdance.reanim.compiled'
INFO: 'reanim/Zombie_Credits_Screendoor.reanim'
INFO: compile 1 ms:'compiled/reanim/Zombie_Credits_Screendoor.reanim.compiled'
INFO: 'reanim/Zombie_Credits_Conehead.reanim'
INFO: compile 2 ms:'compiled/reanim/Credits_WeAreTheUndead.reanim.compiled'
INFO: 'reanim/Credits_DiscoLights.reanim'
INFO: compile 0 ms:'compiled/reanim/Credits_DiscoLights.reanim.compiled'
INFO: 'reanim/Zombie_FlagPole.reanim'
INFO: compile 0 ms:'compiled/reanim/Zombie_FlagPole.reanim.compiled'
INFO: 'reanim/zombatar_zombie_head.reanim'
INFO: compile 1 ms:'compiled/reanim/Zombie_Credits_Conehead.reanim.compiled'
INFO: 'reanim/Credits_ZombieArmy1.reanim'
INFO: compile 0 ms:'compiled/reanim/Credits_ZombieArmy1.reanim.compiled'
INFO: 'reanim/Credits_ZombieArmy2.reanim'
INFO: compile 0 ms:'compiled/reanim/Credits_ZombieArmy2.reanim.compiled'
INFO: 'reanim/Credits_Tombstones.reanim'
INFO: compile 0 ms:'compiled/reanim/Credits_Tombstones.reanim.compiled'
INFO: 'reanim/Credits_SolarPower.reanim'
INFO: compile 0 ms:'compiled/reanim/Credits_SolarPower.reanim.compiled'
INFO: 'reanim/Credits_Anyhour.reanim'
INFO: compile 31 ms:'compiled/reanim/Zombie_credits_dance.reanim.compiled'
INFO: 'reanim/Credits_stage.reanim'
INFO: compile 14 ms:'compiled/reanim/Credits_Main2.reanim.compiled'
INFO: 'reanim/Credits_Main3.reanim'
INFO: compile 1 ms:'compiled/reanim/Credits_Anyhour.reanim.compiled'
INFO: 'reanim/Credits_WeAreTheUndead.reanim'
INFO: compile 2 ms:'compiled/reanim/Credits_stage.reanim.compiled'
INFO: 'reanim/Credits_BigBrain.reanim'
INFO: compile 0 ms:'compiled/reanim/Credits_BigBrain.reanim.compiled'
INFO: 'reanim/Credits_Flower_petals.reanim'
INFO: compile 2 ms:'compiled/reanim/Credits_WeAreTheUndead.reanim.compiled'
INFO: 'reanim/Credits_DiscoLights.reanim'
INFO: compile 0 ms:'compiled/reanim/Credits_DiscoLights.reanim.compiled'
INFO: 'reanim/Zombie_FlagPole.reanim'
INFO: compile 33 ms:'compiled/reanim/Zombie_credits_dance.reanim.compiled'
INFO: 'reanim/Credits_stage.reanim'
INFO: compile 0 ms:'compiled/reanim/Zombie_FlagPole.reanim.compiled'
INFO: 'reanim/zombatar_zombie_head.reanim'
INFO: compile 1 ms:'compiled/reanim/Credits_Flower_petals.reanim.compiled'
INFO: 'reanim/Credits_Infantry.reanim'
INFO: compile 0 ms:'compiled/reanim/Credits_Infantry.reanim.compiled'
INFO: 'reanim/Credits_Throat.reanim'
INFO: compile 2 ms:'compiled/reanim/Credits_stage.reanim.compiled'
INFO: 'reanim/Credits_BigBrain.reanim'
INFO: compile 0 ms:'compiled/reanim/Credits_BigBrain.reanim.compiled'
INFO: 'reanim/Credits_Flower_petals.reanim'
INFO: compile 3 ms:'compiled/reanim/Credits_Throat.reanim.compiled'
INFO: 'reanim/Credits_CrazyDave.reanim'
INFO: compile 14 ms:'compiled/reanim/zombatar_zombie_head.reanim.compiled'
INFO: compile 1 ms:'compiled/reanim/Credits_Flower_petals.reanim.compiled'
INFO: 'reanim/Credits_Infantry.reanim'
INFO: compile 0 ms:'compiled/reanim/Credits_Infantry.reanim.compiled'
INFO: 'reanim/Credits_Throat.reanim'
INFO: compile 1 ms:'compiled/reanim/Credits_CrazyDave.reanim.compiled'
INFO: 'reanim/Credits_Bossdance.reanim'
INFO: compile 13 ms:'compiled/reanim/zombatar_zombie_head.reanim.compiled'
INFO: compile 0 ms:'compiled/reanim/Credits_Bossdance.reanim.compiled'
INFO: 'reanim/Zombie_Credits_Screendoor.reanim'
INFO: compile 3 ms:'compiled/reanim/Credits_Throat.reanim.compiled'
INFO: 'reanim/Credits_CrazyDave.reanim'
INFO: compile 1 ms:'compiled/reanim/Zombie_Credits_Screendoor.reanim.compiled'
INFO: 'reanim/Zombie_Credits_Conehead.reanim'
INFO: compile 1 ms:'compiled/reanim/Credits_CrazyDave.reanim.compiled'
INFO: 'reanim/Credits_Bossdance.reanim'
INFO: compile 1 ms:'compiled/reanim/Zombie_Credits_Conehead.reanim.compiled'
INFO: 'reanim/Credits_ZombieArmy1.reanim'
INFO: compile 0 ms:'compiled/reanim/Credits_ZombieArmy1.reanim.compiled'
INFO: 'reanim/Credits_ZombieArmy2.reanim'
INFO: compile 0 ms:'compiled/reanim/Credits_ZombieArmy2.reanim.compiled'
INFO: 'reanim/Credits_Tombstones.reanim'
INFO: compile 0 ms:'compiled/reanim/Credits_Tombstones.reanim.compiled'
INFO: 'reanim/Credits_SolarPower.reanim'
INFO: compile 0 ms:'compiled/reanim/Credits_Bossdance.reanim.compiled'
INFO: 'reanim/Zombie_Credits_Screendoor.reanim'
INFO: compile 0 ms:'compiled/reanim/Credits_SolarPower.reanim.compiled'
INFO: 'reanim/Credits_Anyhour.reanim'
INFO: compile 1 ms:'compiled/reanim/Zombie_Credits_Screendoor.reanim.compiled'
INFO: 'reanim/Zombie_Credits_Conehead.reanim'
INFO: compile 16 ms:'compiled/reanim/Credits_Main3.reanim.compiled'
INFO: 'reanim/Zombie_credits_dance.reanim'
INFO: compile 1 ms:'compiled/reanim/Credits_Anyhour.reanim.compiled'
INFO: 'reanim/Credits_WeAreTheUndead.reanim'
INFO: compile 1 ms:'compiled/reanim/Zombie_Credits_Conehead.reanim.compiled'
INFO: 'reanim/Credits_ZombieArmy1.reanim'
INFO: compile 0 ms:'compiled/reanim/Credits_ZombieArmy1.reanim.compiled'
INFO: 'reanim/Credits_ZombieArmy2.reanim'
INFO: compile 0 ms:'compiled/reanim/Credits_ZombieArmy2.reanim.compiled'
INFO: 'reanim/Credits_Tombstones.reanim'
INFO: compile 0 ms:'compiled/reanim/Credits_Tombstones.reanim.compiled'
INFO: 'reanim/Credits_SolarPower.reanim'
INFO: compile 0 ms:'compiled/reanim/Credits_SolarPower.reanim.compiled'
INFO: 'reanim/Credits_Anyhour.reanim'
INFO: compile 2 ms:'compiled/reanim/Credits_WeAreTheUndead.reanim.compiled'
INFO: 'reanim/Credits_DiscoLights.reanim'
INFO: compile 0 ms:'compiled/reanim/Credits_DiscoLights.reanim.compiled'
INFO: 'reanim/Zombie_FlagPole.reanim'
INFO: compile 0 ms:'compiled/reanim/Zombie_FlagPole.reanim.compiled'
INFO: 'reanim/zombatar_zombie_head.reanim'
INFO: compile 1 ms:'compiled/reanim/Credits_Anyhour.reanim.compiled'
INFO: 'reanim/Credits_WeAreTheUndead.reanim'
INFO: compile 18 ms:'compiled/reanim/zombatar_zombie_head.reanim.compiled'
INFO: compile 1 ms:'compiled/reanim/Credits_WeAreTheUndead.reanim.compiled'
INFO: 'reanim/Credits_DiscoLights.reanim'
INFO: compile 0 ms:'compiled/reanim/Credits_DiscoLights.reanim.compiled'
INFO: 'reanim/Zombie_FlagPole.reanim'
INFO: compile 0 ms:'compiled/reanim/Zombie_FlagPole.reanim.compiled'
INFO: 'reanim/zombatar_zombie_head.reanim'
INFO: compile 13 ms:'compiled/reanim/zombatar_zombie_head.reanim.compiled'
INFO: compile 13 ms:'compiled/reanim/zombatar_zombie_head.reanim.compiled'
INFO: compile 29 ms:'compiled/reanim/Zombie_credits_dance.reanim.compiled'
INFO: 'reanim/Credits_stage.reanim'
INFO: compile 2 ms:'compiled/reanim/Credits_stage.reanim.compiled'
INFO: 'reanim/Credits_BigBrain.reanim'
INFO: compile 0 ms:'compiled/reanim/Credits_BigBrain.reanim.compiled'
INFO: 'reanim/Credits_Flower_petals.reanim'
INFO: compile 1 ms:'compiled/reanim/Credits_Flower_petals.reanim.compiled'
INFO: 'reanim/Credits_Infantry.reanim'
INFO: compile 0 ms:'compiled/reanim/Credits_Infantry.reanim.compiled'
INFO: 'reanim/Credits_Throat.reanim'
INFO: compile 3 ms:'compiled/reanim/Credits_Throat.reanim.compiled'
INFO: 'reanim/Credits_CrazyDave.reanim'
INFO: compile 1 ms:'compiled/reanim/Credits_CrazyDave.reanim.compiled'
INFO: 'reanim/Credits_Bossdance.reanim'
INFO: compile 1 ms:'compiled/reanim/Credits_Bossdance.reanim.compiled'
INFO: 'reanim/Zombie_Credits_Screendoor.reanim'
INFO: compile 2 ms:'compiled/reanim/Zombie_Credits_Screendoor.reanim.compiled'
INFO: 'reanim/Zombie_Credits_Conehead.reanim'
INFO: compile 2 ms:'compiled/reanim/Zombie_Credits_Conehead.reanim.compiled'
INFO: 'reanim/Credits_ZombieArmy1.reanim'
INFO: compile 0 ms:'compiled/reanim/Credits_ZombieArmy1.reanim.compiled'
INFO: 'reanim/Credits_ZombieArmy2.reanim'
INFO: compile 0 ms:'compiled/reanim/Credits_ZombieArmy2.reanim.compiled'
INFO: 'reanim/Credits_Tombstones.reanim'
INFO: compile 0 ms:'compiled/reanim/Credits_Tombstones.reanim.compiled'
INFO: 'reanim/Credits_SolarPower.reanim'
INFO: compile 0 ms:'compiled/reanim/Credits_SolarPower.reanim.compiled'
INFO: 'reanim/Credits_Anyhour.reanim'
INFO: compile 1 ms:'compiled/reanim/Credits_Anyhour.reanim.compiled'
INFO: 'reanim/Credits_WeAreTheUndead.reanim'
INFO: compile 2 ms:'compiled/reanim/Credits_WeAreTheUndead.reanim.compiled'
INFO: 'reanim/Credits_DiscoLights.reanim'
INFO: compile 0 ms:'compiled/reanim/Credits_DiscoLights.reanim.compiled'
INFO: 'reanim/Zombie_FlagPole.reanim'
INFO: compile 0 ms:'compiled/reanim/Zombie_FlagPole.reanim.compiled'
INFO: 'reanim/zombatar_zombie_head.reanim'
INFO: compile 13 ms:'compiled/reanim/zombatar_zombie_head.reanim.compiled'
INFO: loading 'resources' 151 ms
INFO: loading 'stuff' 0 ms
INFO: compile 0 ms:'compiled/particles/IceTrail.trail.compiled'
INFO: loading 'trail' 0 ms
INFO: compile 0 ms:'compiled/particles/MelonImpact.xml.compiled'
INFO: loading 'resources' 141 ms
INFO: loading 'stuff' 0 ms
INFO: compile 0 ms:'compiled/particles/IceTrail.trail.compiled'
INFO: loading 'trail' 0 ms
INFO: compile 0 ms:'compiled/particles/WinterMelonImpact.xml.compiled'
INFO: compile 0 ms:'compiled/particles/FumeCloud.xml.compiled'
INFO: compile 0 ms:'compiled/particles/MelonImpact.xml.compiled'
INFO: compile 0 ms:'compiled/particles/PopcornSplash.xml.compiled'
INFO: compile 0 ms:'compiled/particles/WinterMelonImpact.xml.compiled'
INFO: compile 0 ms:'compiled/particles/FumeCloud.xml.compiled'
INFO: compile 0 ms:'compiled/particles/PopcornSplash.xml.compiled'
INFO: compile 0 ms:'compiled/particles/Powie.xml.compiled'
INFO: compile 0 ms:'compiled/particles/Powie.xml.compiled'
INFO: compile 0 ms:'compiled/particles/JackExplode.xml.compiled'
INFO: compile 0 ms:'compiled/particles/ZombieHead.xml.compiled'
INFO: compile 0 ms:'compiled/particles/JackExplode.xml.compiled'
INFO: compile 0 ms:'compiled/particles/ZombieArm.xml.compiled'
INFO: compile 0 ms:'compiled/particles/ZombieTrafficCone.xml.compiled'
INFO: compile 0 ms:'compiled/particles/ZombieHead.xml.compiled'
INFO: compile 0 ms:'compiled/particles/ZombiePail.xml.compiled'
INFO: compile 0 ms:'compiled/particles/ZombieHelmet.xml.compiled'
INFO: compile 0 ms:'compiled/particles/ZombieFlag.xml.compiled'
INFO: compile 0 ms:'compiled/particles/ZombieArm.xml.compiled'
INFO: compile 0 ms:'compiled/particles/ZombieDoor.xml.compiled'
INFO: compile 0 ms:'compiled/particles/ZombieTrafficCone.xml.compiled'
INFO: compile 0 ms:'compiled/particles/ZombiePail.xml.compiled'
INFO: compile 0 ms:'compiled/particles/ZombieNewspaper.xml.compiled'
INFO: compile 0 ms:'compiled/particles/ZombieHelmet.xml.compiled'
INFO: compile 0 ms:'compiled/particles/ZombieHeadLight.xml.compiled'
INFO: compile 0 ms:'compiled/particles/ZombieFlag.xml.compiled'
INFO: compile 0 ms:'compiled/particles/ZombieDoor.xml.compiled'
INFO: compile 0 ms:'compiled/particles/ZombieNewspaper.xml.compiled'
INFO: compile 0 ms:'compiled/particles/Pow.xml.compiled'
INFO: compile 0 ms:'compiled/particles/ZombieHeadLight.xml.compiled'
INFO: compile 0 ms:'compiled/particles/ZombiePogo.xml.compiled'
INFO: compile 0 ms:'compiled/particles/ZombieNewspaperHead.xml.compiled'
INFO: compile 0 ms:'compiled/particles/Pow.xml.compiled'
INFO: compile 0 ms:'compiled/particles/ZombieBalloonHead.xml.compiled'
INFO: compile 0 ms:'compiled/particles/ZombiePogo.xml.compiled'
INFO: compile 0 ms:'compiled/particles/SodRoll.xml.compiled'
INFO: compile 0 ms:'compiled/particles/GraveStoneRise.xml.compiled'
INFO: compile 0 ms:'compiled/particles/Planting.xml.compiled'
INFO: compile 0 ms:'compiled/particles/ZombieNewspaperHead.xml.compiled'
INFO: compile 0 ms:'compiled/particles/PlantingPool.xml.compiled'
INFO: compile 0 ms:'compiled/particles/ZombieBalloonHead.xml.compiled'
INFO: compile 0 ms:'compiled/particles/ZombieRise.xml.compiled'
INFO: compile 0 ms:'compiled/particles/SodRoll.xml.compiled'
INFO: compile 0 ms:'compiled/particles/GraveStoneRise.xml.compiled'
INFO: compile 0 ms:'compiled/particles/GraveBuster.xml.compiled'
INFO: compile 0 ms:'compiled/particles/Planting.xml.compiled'
INFO: compile 0 ms:'compiled/particles/GraveBusterDie.xml.compiled'
INFO: compile 0 ms:'compiled/particles/PlantingPool.xml.compiled'
INFO: compile 0 ms:'compiled/particles/PoolSplash.xml.compiled'
INFO: compile 0 ms:'compiled/particles/IceSparkle.xml.compiled'
INFO: compile 0 ms:'compiled/particles/ZombieRise.xml.compiled'
INFO: compile 0 ms:'compiled/particles/GraveBuster.xml.compiled'
INFO: compile 0 ms:'compiled/particles/GraveBusterDie.xml.compiled'
INFO: compile 0 ms:'compiled/particles/SeedPacket.xml.compiled'
INFO: compile 0 ms:'compiled/particles/PoolSplash.xml.compiled'
INFO: compile 0 ms:'compiled/particles/IceSparkle.xml.compiled'
INFO: compile 0 ms:'compiled/particles/TallNutBlock.xml.compiled'
INFO: compile 0 ms:'compiled/particles/SeedPacket.xml.compiled'
INFO: compile 0 ms:'compiled/particles/TallNutBlock.xml.compiled'
INFO: compile 1 ms:'compiled/particles/Doom.xml.compiled'
INFO: compile 0 ms:'compiled/particles/DiggerRise.xml.compiled'
INFO: compile 0 ms:'compiled/particles/DiggerTunnel.xml.compiled'
INFO: compile 0 ms:'compiled/particles/DancerRise.xml.compiled'
INFO: compile 0 ms:'compiled/particles/PoolSparkly.xml.compiled'
INFO: compile 1 ms:'compiled/particles/Doom.xml.compiled'
INFO: compile 0 ms:'compiled/particles/WallnutEatSmall.xml.compiled'
INFO: compile 0 ms:'compiled/particles/DiggerRise.xml.compiled'
INFO: compile 0 ms:'compiled/particles/WallnutEatLarge.xml.compiled'
INFO: compile 0 ms:'compiled/particles/DiggerTunnel.xml.compiled'
INFO: compile 0 ms:'compiled/particles/PeaSplat.xml.compiled'
INFO: compile 0 ms:'compiled/particles/DancerRise.xml.compiled'
INFO: compile 0 ms:'compiled/particles/ButterSplat.xml.compiled'
INFO: compile 0 ms:'compiled/particles/CabbageSplat.xml.compiled'
INFO: compile 0 ms:'compiled/particles/PoolSparkly.xml.compiled'
INFO: compile 0 ms:'compiled/particles/PuffSplat.xml.compiled'
INFO: compile 0 ms:'compiled/particles/WallnutEatSmall.xml.compiled'
INFO: compile 0 ms:'compiled/particles/StarSplat.xml.compiled'
INFO: compile 0 ms:'compiled/particles/WallnutEatLarge.xml.compiled'
INFO: compile 0 ms:'compiled/particles/PeaSplat.xml.compiled'
INFO: compile 0 ms:'compiled/particles/IceTrap.xml.compiled'
INFO: compile 0 ms:'compiled/particles/ButterSplat.xml.compiled'
INFO: compile 0 ms:'compiled/particles/CabbageSplat.xml.compiled'
INFO: compile 0 ms:'compiled/particles/SnowPeaSplat.xml.compiled'
INFO: compile 0 ms:'compiled/particles/PuffSplat.xml.compiled'
INFO: compile 0 ms:'compiled/particles/SnowPeaPuff.xml.compiled'
INFO: compile 0 ms:'compiled/particles/StarSplat.xml.compiled'
INFO: compile 0 ms:'compiled/particles/SnowPeaTrail.xml.compiled'
INFO: compile 0 ms:'compiled/particles/IceTrap.xml.compiled'
INFO: compile 0 ms:'compiled/particles/SnowPeaSplat.xml.compiled'
INFO: compile 0 ms:'compiled/particles/SnowPeaPuff.xml.compiled'
INFO: compile 0 ms:'compiled/particles/LanternShine.xml.compiled'
INFO: compile 0 ms:'compiled/particles/SnowPeaTrail.xml.compiled'
INFO: compile 0 ms:'compiled/particles/LanternShine.xml.compiled'
INFO: compile 0 ms:'compiled/particles/Award.xml.compiled'
INFO: compile 0 ms:'compiled/particles/PotatoMine.xml.compiled'
INFO: compile 0 ms:'compiled/particles/Award.xml.compiled'
INFO: compile 0 ms:'compiled/particles/PotatoMineRise.xml.compiled'
INFO: compile 0 ms:'compiled/particles/PuffShroomTrail.xml.compiled'
INFO: compile 0 ms:'compiled/particles/PuffShroomMuzzle.xml.compiled'
INFO: compile 0 ms:'compiled/particles/SeedPacketFlash.xml.compiled'
INFO: compile 0 ms:'compiled/particles/WhackAZombieRise.xml.compiled'
INFO: compile 0 ms:'compiled/particles/PotatoMine.xml.compiled'
INFO: compile 0 ms:'compiled/particles/ZombieLadder.xml.compiled'
INFO: compile 0 ms:'compiled/particles/PotatoMineRise.xml.compiled'
INFO: compile 0 ms:'compiled/particles/UmbrellaReflect.xml.compiled'
INFO: compile 0 ms:'compiled/particles/SeedPacketPick.xml.compiled'
INFO: compile 0 ms:'compiled/particles/PuffShroomTrail.xml.compiled'
INFO: compile 0 ms:'compiled/particles/IceTrapZombie.xml.compiled'
INFO: compile 0 ms:'compiled/particles/PuffShroomMuzzle.xml.compiled'
INFO: compile 0 ms:'compiled/particles/IceTrapRelease.xml.compiled'
INFO: compile 0 ms:'compiled/particles/SeedPacketFlash.xml.compiled'
INFO: compile 0 ms:'compiled/particles/ZamboniSmoke.xml.compiled'
INFO: compile 0 ms:'compiled/particles/WhackAZombieRise.xml.compiled'
INFO: compile 0 ms:'compiled/particles/ZombieLadder.xml.compiled'
INFO: compile 0 ms:'compiled/particles/GloomCloud.xml.compiled'
INFO: compile 0 ms:'compiled/particles/UmbrellaReflect.xml.compiled'
INFO: compile 0 ms:'compiled/particles/SeedPacketPick.xml.compiled'
INFO: compile 0 ms:'compiled/particles/IceTrapZombie.xml.compiled'
INFO: compile 0 ms:'compiled/particles/IceTrapRelease.xml.compiled'
INFO: compile 0 ms:'compiled/particles/ZamboniSmoke.xml.compiled'
INFO: compile 0 ms:'compiled/particles/ZombiePogoHead.xml.compiled'
INFO: compile 0 ms:'compiled/particles/ZamboniTire.xml.compiled'
INFO: compile 0 ms:'compiled/particles/GloomCloud.xml.compiled'
INFO: compile 0 ms:'compiled/particles/ZamboniExplosion.xml.compiled'
INFO: compile 0 ms:'compiled/particles/ZombiePogoHead.xml.compiled'
INFO: compile 0 ms:'compiled/particles/ZamboniTire.xml.compiled'
INFO: compile 0 ms:'compiled/particles/ZamboniExplosion2.xml.compiled'
INFO: compile 0 ms:'compiled/particles/ZamboniExplosion.xml.compiled'
INFO: compile 0 ms:'compiled/particles/CatapultExplosion.xml.compiled'
INFO: compile 0 ms:'compiled/particles/MowerCloud.xml.compiled'
INFO: compile 0 ms:'compiled/particles/BossIceBallTrail.xml.compiled'
INFO: compile 0 ms:'compiled/particles/ZamboniExplosion2.xml.compiled'
INFO: compile 0 ms:'compiled/particles/CatapultExplosion.xml.compiled'
INFO: compile 0 ms:'compiled/particles/BlastMark.xml.compiled'
INFO: compile 0 ms:'compiled/particles/MowerCloud.xml.compiled'
INFO: compile 0 ms:'compiled/particles/CoinPickupArrow.xml.compiled'
INFO: compile 0 ms:'compiled/particles/BossIceBallTrail.xml.compiled'
INFO: compile 0 ms:'compiled/particles/PresentPickup.xml.compiled'
INFO: compile 0 ms:'compiled/particles/ImitaterMorph.xml.compiled'
INFO: compile 0 ms:'compiled/particles/MoweredZombieHead.xml.compiled'
INFO: compile 0 ms:'compiled/particles/MoweredZombieArm.xml.compiled'
INFO: compile 0 ms:'compiled/particles/BlastMark.xml.compiled'
INFO: compile 0 ms:'compiled/particles/ZombieHeadPool.xml.compiled'
INFO: compile 0 ms:'compiled/particles/CoinPickupArrow.xml.compiled'
INFO: compile 0 ms:'compiled/particles/Zombie_boss_fireball.xml.compiled'
INFO: compile 0 ms:'compiled/particles/FireballDeath.xml.compiled'
INFO: compile 0 ms:'compiled/particles/PresentPickup.xml.compiled'
INFO: compile 0 ms:'compiled/particles/IceballDeath.xml.compiled'
INFO: compile 0 ms:'compiled/particles/ImitaterMorph.xml.compiled'
INFO: compile 0 ms:'compiled/particles/Iceball_Trail.xml.compiled'
INFO: compile 0 ms:'compiled/particles/MoweredZombieHead.xml.compiled'
INFO: compile 0 ms:'compiled/particles/MoweredZombieArm.xml.compiled'
INFO: compile 0 ms:'compiled/particles/Fireball_Trail.xml.compiled'
INFO: compile 0 ms:'compiled/particles/ZombieHeadPool.xml.compiled'
INFO: compile 0 ms:'compiled/particles/Zombie_boss_fireball.xml.compiled'
INFO: compile 0 ms:'compiled/particles/FireballDeath.xml.compiled'
INFO: compile 0 ms:'compiled/particles/IceballDeath.xml.compiled'
INFO: compile 0 ms:'compiled/particles/Iceball_Trail.xml.compiled'
INFO: compile 0 ms:'compiled/particles/Fireball_Trail.xml.compiled'
INFO: compile 1 ms:'compiled/particles/BossExplosion.xml.compiled'
INFO: compile 0 ms:'compiled/particles/ScreenFlash.xml.compiled'
INFO: compile 0 ms:'compiled/particles/TrophySparkle.xml.compiled'
INFO: compile 0 ms:'compiled/particles/PortalCircle.xml.compiled'
INFO: compile 0 ms:'compiled/particles/PortalSquare.xml.compiled'
INFO: compile 0 ms:'compiled/particles/PottedPlantGlow.xml.compiled'
INFO: compile 1 ms:'compiled/particles/BossExplosion.xml.compiled'
INFO: compile 0 ms:'compiled/particles/ScreenFlash.xml.compiled'
INFO: compile 0 ms:'compiled/particles/TrophySparkle.xml.compiled'
INFO: compile 0 ms:'compiled/particles/PottedWaterPlantGlow.xml.compiled'
INFO: compile 0 ms:'compiled/particles/PottedZenGlow.xml.compiled'
INFO: compile 0 ms:'compiled/particles/PortalCircle.xml.compiled'
INFO: compile 0 ms:'compiled/particles/MindControl.xml.compiled'
INFO: compile 0 ms:'compiled/particles/PortalSquare.xml.compiled'
INFO: loading 'resources' 142 ms
INFO: loading 'stuff' 0 ms
INFO: compile 0 ms:'compiled/particles/VaseShatter.xml.compiled'
INFO: compile 0 ms:'compiled/particles/IceTrail.trail.compiled'
INFO: loading 'trail' 0 ms
INFO: compile 0 ms:'compiled/particles/VaseShatterLeaf.xml.compiled'
INFO: compile 0 ms:'compiled/particles/MelonImpact.xml.compiled'
INFO: compile 0 ms:'compiled/particles/VaseShatterZombie.xml.compiled'
INFO: compile 0 ms:'compiled/particles/AwardPickupArrow.xml.compiled'
INFO: compile 0 ms:'compiled/particles/PottedPlantGlow.xml.compiled'
INFO: compile 0 ms:'compiled/particles/Zombie_seaweed.xml.compiled'
INFO: compile 0 ms:'compiled/particles/WinterMelonImpact.xml.compiled'
INFO: compile 0 ms:'compiled/particles/FumeCloud.xml.compiled'
INFO: compile 0 ms:'compiled/particles/ZombieMustache.xml.compiled'
INFO: compile 0 ms:'compiled/particles/PopcornSplash.xml.compiled'
INFO: compile 0 ms:'compiled/particles/PottedWaterPlantGlow.xml.compiled'
INFO: compile 0 ms:'compiled/particles/PottedZenGlow.xml.compiled'
INFO: compile 0 ms:'compiled/particles/ZombieFutureGlasses.xml.compiled'
INFO: compile 0 ms:'compiled/particles/Pinata.xml.compiled'
INFO: compile 0 ms:'compiled/particles/MindControl.xml.compiled'
INFO: compile 0 ms:'compiled/particles/Dust_Squash.xml.compiled'
INFO: compile 0 ms:'compiled/particles/Dust_Foot.xml.compiled'
INFO: compile 0 ms:'compiled/particles/VaseShatter.xml.compiled'
INFO: compile 0 ms:'compiled/particles/Powie.xml.compiled'
INFO: compile 0 ms:'compiled/particles/Daisy.xml.compiled'
INFO: compile 0 ms:'compiled/particles/VaseShatterLeaf.xml.compiled'
INFO: compile 0 ms:'compiled/particles/Credits_Strobe.xml.compiled'
INFO: compile 0 ms:'compiled/particles/VaseShatterZombie.xml.compiled'
INFO: compile 0 ms:'compiled/particles/AwardPickupArrow.xml.compiled'
INFO: compile 0 ms:'compiled/particles/Zombie_seaweed.xml.compiled'
INFO: compile 0 ms:'compiled/particles/Credits_RaysWipe.xml.compiled'
INFO: compile 0 ms:'compiled/particles/ZombieMustache.xml.compiled'
INFO: compile 0 ms:'compiled/particles/Credits_ZombieHeadWipe.xml.compiled'
INFO: compile 0 ms:'compiled/particles/ZombieFutureGlasses.xml.compiled'
INFO: compile 0 ms:'compiled/particles/JackExplode.xml.compiled'
INFO: compile 0 ms:'compiled/particles/Pinata.xml.compiled'
INFO: compile 0 ms:'compiled/particles/Dust_Squash.xml.compiled'
INFO: compile 0 ms:'compiled/particles/Starburst.xml.compiled'
INFO: compile 0 ms:'compiled/particles/Dust_Foot.xml.compiled'
INFO: compile 0 ms:'compiled/particles/ZombieHead.xml.compiled'
INFO: compile 0 ms:'compiled/particles/Daisy.xml.compiled'
INFO: compile 0 ms:'compiled/particles/Credits_Strobe.xml.compiled'
INFO: compile 0 ms:'compiled/particles/ZombieArm.xml.compiled'
INFO: compile 0 ms:'compiled/particles/Credits_RaysWipe.xml.compiled'
INFO: compile 0 ms:'compiled/particles/ZombieTrafficCone.xml.compiled'
INFO: compile 0 ms:'compiled/particles/ZombiePail.xml.compiled'
INFO: compile 0 ms:'compiled/particles/ZombieHelmet.xml.compiled'
INFO: compile 0 ms:'compiled/particles/Credits_ZombieHeadWipe.xml.compiled'
INFO: compile 0 ms:'compiled/particles/ZombieFlag.xml.compiled'
INFO: compile 0 ms:'compiled/particles/ZombieDoor.xml.compiled'
INFO: compile 0 ms:'compiled/particles/Starburst.xml.compiled'
INFO: compile 0 ms:'compiled/particles/ZombieNewspaper.xml.compiled'
INFO: compile 0 ms:'compiled/particles/ZombieHeadLight.xml.compiled'
INFO: compile 0 ms:'compiled/particles/Pow.xml.compiled'
INFO: compile 0 ms:'compiled/particles/ZombiePogo.xml.compiled'
INFO: compile 0 ms:'compiled/particles/ZombieNewspaperHead.xml.compiled'
INFO: compile 0 ms:'compiled/particles/ZombieBalloonHead.xml.compiled'
INFO: compile 0 ms:'compiled/particles/SodRoll.xml.compiled'
INFO: compile 0 ms:'compiled/particles/GraveStoneRise.xml.compiled'
INFO: compile 0 ms:'compiled/particles/Planting.xml.compiled'
INFO: compile 0 ms:'compiled/particles/PlantingPool.xml.compiled'
INFO: compile 0 ms:'compiled/particles/ZombieRise.xml.compiled'
INFO: compile 2 ms:'compiled/particles/Credits_fog.xml.compiled'
INFO: compile 0 ms:'compiled/particles/UpsellArrow.xml.compiled'
INFO: compile 0 ms:'compiled/particles/GraveBuster.xml.compiled'
INFO: compile 0 ms:'compiled/particles/GraveBusterDie.xml.compiled'
INFO: compile 0 ms:'compiled/particles/PoolSplash.xml.compiled'
INFO: compile 0 ms:'compiled/particles/IceSparkle.xml.compiled'
INFO: compile 0 ms:'compiled/particles/SeedPacket.xml.compiled'
INFO: compile 0 ms:'compiled/particles/TallNutBlock.xml.compiled'
INFO: compile 2 ms:'compiled/particles/Credits_fog.xml.compiled'
INFO: compile 0 ms:'compiled/particles/UpsellArrow.xml.compiled'
INFO: loading 'resources' 151 ms
INFO: loading 'stuff' 0 ms
INFO: compile 0 ms:'compiled/particles/IceTrail.trail.compiled'
INFO: loading 'trail' 0 ms
INFO: compile 0 ms:'compiled/particles/MelonImpact.xml.compiled'
INFO: compile 0 ms:'compiled/particles/WinterMelonImpact.xml.compiled'
INFO: preloading: 1 ms
INFO: compile 0 ms:'compiled/particles/FumeCloud.xml.compiled'
INFO: compile 0 ms:'compiled/particles/PopcornSplash.xml.compiled'
INFO: compile 1 ms:'compiled/particles/Doom.xml.compiled'
INFO: compile 0 ms:'compiled/particles/DiggerRise.xml.compiled'
INFO: compile 0 ms:'compiled/particles/Powie.xml.compiled'
INFO: compile 0 ms:'compiled/particles/DiggerTunnel.xml.compiled'
INFO: compile 0 ms:'compiled/particles/DancerRise.xml.compiled'
INFO: compile 0 ms:'compiled/particles/PoolSparkly.xml.compiled'
INFO: compile 0 ms:'compiled/particles/WallnutEatSmall.xml.compiled'
INFO: compile 0 ms:'compiled/particles/WallnutEatLarge.xml.compiled'
INFO: compile 0 ms:'compiled/particles/PeaSplat.xml.compiled'
INFO: compile 0 ms:'compiled/particles/ButterSplat.xml.compiled'
INFO: compile 0 ms:'compiled/particles/JackExplode.xml.compiled'
INFO: compile 0 ms:'compiled/particles/CabbageSplat.xml.compiled'
INFO: compile 0 ms:'compiled/particles/PuffSplat.xml.compiled'
INFO: compile 0 ms:'compiled/particles/ZombieHead.xml.compiled'
INFO: preloading: 1 ms
INFO: compile 0 ms:'compiled/particles/StarSplat.xml.compiled'
INFO: compile 0 ms:'compiled/particles/ZombieArm.xml.compiled'
INFO: compile 0 ms:'compiled/particles/IceTrap.xml.compiled'
INFO: compile 0 ms:'compiled/particles/ZombieTrafficCone.xml.compiled'
INFO: compile 0 ms:'compiled/particles/SnowPeaSplat.xml.compiled'
INFO: compile 0 ms:'compiled/particles/ZombiePail.xml.compiled'
INFO: compile 0 ms:'compiled/particles/ZombieHelmet.xml.compiled'
INFO: compile 0 ms:'compiled/particles/SnowPeaPuff.xml.compiled'
INFO: compile 0 ms:'compiled/particles/ZombieFlag.xml.compiled'
INFO: compile 0 ms:'compiled/particles/SnowPeaTrail.xml.compiled'
INFO: compile 0 ms:'compiled/particles/ZombieDoor.xml.compiled'
INFO: compile 0 ms:'compiled/particles/ZombieNewspaper.xml.compiled'
INFO: compile 0 ms:'compiled/particles/ZombieHeadLight.xml.compiled'
INFO: compile 0 ms:'compiled/particles/Pow.xml.compiled'
INFO: compile 0 ms:'compiled/particles/LanternShine.xml.compiled'
INFO: compile 0 ms:'compiled/particles/ZombiePogo.xml.compiled'
INFO: compile 0 ms:'compiled/particles/ZombieNewspaperHead.xml.compiled'
INFO: compile 0 ms:'compiled/particles/ZombieBalloonHead.xml.compiled'
INFO: compile 0 ms:'compiled/particles/SodRoll.xml.compiled'
INFO: compile 0 ms:'compiled/particles/GraveStoneRise.xml.compiled'
INFO: compile 0 ms:'compiled/particles/Planting.xml.compiled'
INFO: compile 0 ms:'compiled/particles/PlantingPool.xml.compiled'
INFO: compile 0 ms:'compiled/particles/Award.xml.compiled'
INFO: loading 'resources' 142 ms
INFO: loading 'stuff' 0 ms
INFO: compile 0 ms:'compiled/particles/ZombieRise.xml.compiled'
INFO: compile 0 ms:'compiled/particles/IceTrail.trail.compiled'
INFO: loading 'trail' 0 ms
INFO: compile 0 ms:'compiled/particles/MelonImpact.xml.compiled'
INFO: compile 0 ms:'compiled/particles/GraveBuster.xml.compiled'
INFO: compile 0 ms:'compiled/particles/GraveBusterDie.xml.compiled'
INFO: compile 0 ms:'compiled/particles/PotatoMine.xml.compiled'
INFO: compile 0 ms:'compiled/particles/PoolSplash.xml.compiled'
INFO: compile 0 ms:'compiled/particles/WinterMelonImpact.xml.compiled'
INFO: compile 0 ms:'compiled/particles/PotatoMineRise.xml.compiled'
INFO: compile 0 ms:'compiled/particles/FumeCloud.xml.compiled'
INFO: compile 0 ms:'compiled/particles/PuffShroomTrail.xml.compiled'
INFO: compile 0 ms:'compiled/particles/PopcornSplash.xml.compiled'
INFO: compile 0 ms:'compiled/particles/IceSparkle.xml.compiled'
INFO: compile 0 ms:'compiled/particles/PuffShroomMuzzle.xml.compiled'
INFO: compile 0 ms:'compiled/particles/SeedPacketFlash.xml.compiled'
INFO: compile 0 ms:'compiled/particles/WhackAZombieRise.xml.compiled'
INFO: compile 0 ms:'compiled/particles/Powie.xml.compiled'
INFO: compile 0 ms:'compiled/particles/ZombieLadder.xml.compiled'
INFO: compile 0 ms:'compiled/particles/UmbrellaReflect.xml.compiled'
INFO: compile 0 ms:'compiled/particles/SeedPacketPick.xml.compiled'
INFO: compile 0 ms:'compiled/particles/SeedPacket.xml.compiled'
INFO: compile 0 ms:'compiled/particles/IceTrapZombie.xml.compiled'
INFO: compile 0 ms:'compiled/particles/IceTrapRelease.xml.compiled'
INFO: compile 0 ms:'compiled/particles/ZamboniSmoke.xml.compiled'
INFO: compile 0 ms:'compiled/particles/TallNutBlock.xml.compiled'
INFO: compile 0 ms:'compiled/particles/JackExplode.xml.compiled'
INFO: compile 0 ms:'compiled/particles/GloomCloud.xml.compiled'
INFO: compile 0 ms:'compiled/particles/ZombieHead.xml.compiled'
INFO: compile 0 ms:'compiled/particles/ZombiePogoHead.xml.compiled'
INFO: compile 0 ms:'compiled/particles/ZombieArm.xml.compiled'
INFO: compile 0 ms:'compiled/particles/ZamboniTire.xml.compiled'
INFO: compile 0 ms:'compiled/particles/ZombieTrafficCone.xml.compiled'
INFO: compile 0 ms:'compiled/particles/ZombiePail.xml.compiled'
INFO: compile 0 ms:'compiled/particles/ZombieHelmet.xml.compiled'
INFO: compile 0 ms:'compiled/particles/ZamboniExplosion.xml.compiled'
INFO: compile 0 ms:'compiled/particles/ZombieFlag.xml.compiled'
INFO: compile 0 ms:'compiled/particles/ZombieDoor.xml.compiled'
INFO: compile 0 ms:'compiled/particles/ZombieNewspaper.xml.compiled'
INFO: compile 1 ms:'compiled/particles/Doom.xml.compiled'
INFO: compile 0 ms:'compiled/particles/ZombieHeadLight.xml.compiled'
INFO: compile 0 ms:'compiled/particles/ZamboniExplosion2.xml.compiled'
INFO: compile 0 ms:'compiled/particles/DiggerRise.xml.compiled'
INFO: compile 0 ms:'compiled/particles/DiggerTunnel.xml.compiled'
INFO: compile 0 ms:'compiled/particles/DancerRise.xml.compiled'
INFO: compile 0 ms:'compiled/particles/CatapultExplosion.xml.compiled'
INFO: compile 0 ms:'compiled/particles/PoolSparkly.xml.compiled'
INFO: compile 0 ms:'compiled/particles/Pow.xml.compiled'
INFO: compile 0 ms:'compiled/particles/MowerCloud.xml.compiled'
INFO: compile 0 ms:'compiled/particles/WallnutEatSmall.xml.compiled'
INFO: compile 0 ms:'compiled/particles/ZombiePogo.xml.compiled'
INFO: compile 0 ms:'compiled/particles/BossIceBallTrail.xml.compiled'
INFO: compile 0 ms:'compiled/particles/WallnutEatLarge.xml.compiled'
INFO: compile 0 ms:'compiled/particles/PeaSplat.xml.compiled'
INFO: compile 0 ms:'compiled/particles/ZombieNewspaperHead.xml.compiled'
INFO: compile 0 ms:'compiled/particles/ButterSplat.xml.compiled'
INFO: compile 0 ms:'compiled/particles/CabbageSplat.xml.compiled'
INFO: compile 0 ms:'compiled/particles/ZombieBalloonHead.xml.compiled'
INFO: compile 0 ms:'compiled/particles/SodRoll.xml.compiled'
INFO: compile 0 ms:'compiled/particles/PuffSplat.xml.compiled'
INFO: compile 0 ms:'compiled/particles/GraveStoneRise.xml.compiled'
INFO: compile 0 ms:'compiled/particles/Planting.xml.compiled'
INFO: compile 0 ms:'compiled/particles/PlantingPool.xml.compiled'
INFO: compile 0 ms:'compiled/particles/StarSplat.xml.compiled'
INFO: compile 0 ms:'compiled/particles/BlastMark.xml.compiled'
INFO: compile 0 ms:'compiled/particles/CoinPickupArrow.xml.compiled'
INFO: compile 0 ms:'compiled/particles/IceTrap.xml.compiled'
INFO: compile 0 ms:'compiled/particles/ZombieRise.xml.compiled'
INFO: compile 0 ms:'compiled/particles/SnowPeaSplat.xml.compiled'
INFO: compile 0 ms:'compiled/particles/GraveBuster.xml.compiled'
INFO: compile 0 ms:'compiled/particles/GraveBusterDie.xml.compiled'
INFO: compile 0 ms:'compiled/particles/SnowPeaPuff.xml.compiled'
INFO: compile 0 ms:'compiled/particles/PresentPickup.xml.compiled'
INFO: compile 0 ms:'compiled/particles/PoolSplash.xml.compiled'
INFO: compile 0 ms:'compiled/particles/ImitaterMorph.xml.compiled'
INFO: compile 0 ms:'compiled/particles/SnowPeaTrail.xml.compiled'
INFO: compile 0 ms:'compiled/particles/IceSparkle.xml.compiled'
INFO: compile 0 ms:'compiled/particles/MoweredZombieHead.xml.compiled'
INFO: compile 0 ms:'compiled/particles/MoweredZombieArm.xml.compiled'
INFO: compile 0 ms:'compiled/particles/SeedPacket.xml.compiled'
INFO: compile 0 ms:'compiled/particles/ZombieHeadPool.xml.compiled'
INFO: compile 0 ms:'compiled/particles/LanternShine.xml.compiled'
INFO: compile 0 ms:'compiled/particles/TallNutBlock.xml.compiled'
INFO: compile 0 ms:'compiled/particles/Zombie_boss_fireball.xml.compiled'
INFO: compile 0 ms:'compiled/particles/FireballDeath.xml.compiled'
INFO: compile 0 ms:'compiled/particles/IceballDeath.xml.compiled'
INFO: compile 0 ms:'compiled/particles/Iceball_Trail.xml.compiled'
INFO: compile 0 ms:'compiled/particles/Fireball_Trail.xml.compiled'
INFO: compile 0 ms:'compiled/particles/Award.xml.compiled'
INFO: compile 0 ms:'compiled/particles/PotatoMine.xml.compiled'
INFO: compile 0 ms:'compiled/particles/PotatoMineRise.xml.compiled'
INFO: compile 0 ms:'compiled/particles/PuffShroomTrail.xml.compiled'
INFO: compile 1 ms:'compiled/particles/Doom.xml.compiled'
INFO: compile 0 ms:'compiled/particles/PuffShroomMuzzle.xml.compiled'
INFO: compile 0 ms:'compiled/particles/DiggerRise.xml.compiled'
INFO: compile 0 ms:'compiled/particles/SeedPacketFlash.xml.compiled'
INFO: compile 0 ms:'compiled/particles/DiggerTunnel.xml.compiled'
INFO: compile 1 ms:'compiled/particles/BossExplosion.xml.compiled'
INFO: compile 0 ms:'compiled/particles/WhackAZombieRise.xml.compiled'
INFO: compile 0 ms:'compiled/particles/DancerRise.xml.compiled'
INFO: compile 0 ms:'compiled/particles/PoolSparkly.xml.compiled'
INFO: compile 0 ms:'compiled/particles/ScreenFlash.xml.compiled'
INFO: compile 0 ms:'compiled/particles/ZombieLadder.xml.compiled'
INFO: compile 0 ms:'compiled/particles/TrophySparkle.xml.compiled'
INFO: compile 0 ms:'compiled/particles/UmbrellaReflect.xml.compiled'
INFO: compile 0 ms:'compiled/particles/SeedPacketPick.xml.compiled'
INFO: compile 0 ms:'compiled/particles/WallnutEatSmall.xml.compiled'
INFO: compile 0 ms:'compiled/particles/IceTrapZombie.xml.compiled'
INFO: compile 0 ms:'compiled/particles/IceTrapRelease.xml.compiled'
INFO: compile 0 ms:'compiled/particles/WallnutEatLarge.xml.compiled'
INFO: compile 0 ms:'compiled/particles/PortalCircle.xml.compiled'
INFO: compile 0 ms:'compiled/particles/PeaSplat.xml.compiled'
INFO: compile 0 ms:'compiled/particles/PortalSquare.xml.compiled'
INFO: compile 0 ms:'compiled/particles/ZamboniSmoke.xml.compiled'
INFO: compile 0 ms:'compiled/particles/ButterSplat.xml.compiled'
INFO: compile 0 ms:'compiled/particles/CabbageSplat.xml.compiled'
INFO: compile 0 ms:'compiled/particles/PuffSplat.xml.compiled'
INFO: compile 0 ms:'compiled/particles/GloomCloud.xml.compiled'
INFO: compile 0 ms:'compiled/particles/PottedPlantGlow.xml.compiled'
INFO: compile 0 ms:'compiled/particles/StarSplat.xml.compiled'
INFO: compile 0 ms:'compiled/particles/ZombiePogoHead.xml.compiled'
INFO: compile 0 ms:'compiled/particles/IceTrap.xml.compiled'
INFO: compile 0 ms:'compiled/particles/PottedWaterPlantGlow.xml.compiled'
INFO: compile 0 ms:'compiled/particles/PottedZenGlow.xml.compiled'
INFO: compile 0 ms:'compiled/particles/ZamboniTire.xml.compiled'
INFO: compile 0 ms:'compiled/particles/SnowPeaSplat.xml.compiled'
INFO: compile 0 ms:'compiled/particles/MindControl.xml.compiled'
INFO: compile 0 ms:'compiled/particles/VaseShatter.xml.compiled'
INFO: compile 0 ms:'compiled/particles/SnowPeaPuff.xml.compiled'
INFO: compile 0 ms:'compiled/particles/VaseShatterLeaf.xml.compiled'
INFO: compile 0 ms:'compiled/particles/SnowPeaTrail.xml.compiled'
INFO: compile 0 ms:'compiled/particles/ZamboniExplosion.xml.compiled'
INFO: compile 0 ms:'compiled/particles/VaseShatterZombie.xml.compiled'
INFO: compile 0 ms:'compiled/particles/AwardPickupArrow.xml.compiled'
INFO: compile 0 ms:'compiled/particles/Zombie_seaweed.xml.compiled'
INFO: compile 0 ms:'compiled/particles/ZamboniExplosion2.xml.compiled'
INFO: compile 0 ms:'compiled/particles/ZombieMustache.xml.compiled'
INFO: compile 0 ms:'compiled/particles/LanternShine.xml.compiled'
INFO: compile 0 ms:'compiled/particles/ZombieFutureGlasses.xml.compiled'
INFO: compile 0 ms:'compiled/particles/Pinata.xml.compiled'
INFO: compile 0 ms:'compiled/particles/CatapultExplosion.xml.compiled'
INFO: compile 0 ms:'compiled/particles/Dust_Squash.xml.compiled'
INFO: compile 0 ms:'compiled/particles/Dust_Foot.xml.compiled'
INFO: compile 0 ms:'compiled/particles/MowerCloud.xml.compiled'
INFO: compile 0 ms:'compiled/particles/Daisy.xml.compiled'
INFO: compile 0 ms:'compiled/particles/BossIceBallTrail.xml.compiled'
INFO: compile 0 ms:'compiled/particles/Credits_Strobe.xml.compiled'
INFO: compile 0 ms:'compiled/particles/Credits_RaysWipe.xml.compiled'
INFO: compile 0 ms:'compiled/particles/Award.xml.compiled'
INFO: compile 0 ms:'compiled/particles/Credits_ZombieHeadWipe.xml.compiled'
INFO: compile 0 ms:'compiled/particles/BlastMark.xml.compiled'
INFO: compile 0 ms:'compiled/particles/Starburst.xml.compiled'
INFO: compile 0 ms:'compiled/particles/CoinPickupArrow.xml.compiled'
INFO: compile 0 ms:'compiled/particles/PotatoMine.xml.compiled'
INFO: compile 0 ms:'compiled/particles/PotatoMineRise.xml.compiled'
INFO: compile 0 ms:'compiled/particles/PuffShroomTrail.xml.compiled'
INFO: compile 0 ms:'compiled/particles/PresentPickup.xml.compiled'
INFO: compile 0 ms:'compiled/particles/PuffShroomMuzzle.xml.compiled'
INFO: compile 0 ms:'compiled/particles/ImitaterMorph.xml.compiled'
INFO: compile 0 ms:'compiled/particles/SeedPacketFlash.xml.compiled'
INFO: compile 0 ms:'compiled/particles/MoweredZombieHead.xml.compiled'
INFO: compile 0 ms:'compiled/particles/WhackAZombieRise.xml.compiled'
INFO: compile 0 ms:'compiled/particles/MoweredZombieArm.xml.compiled'
INFO: compile 0 ms:'compiled/particles/ZombieHeadPool.xml.compiled'
INFO: compile 0 ms:'compiled/particles/ZombieLadder.xml.compiled'
INFO: compile 0 ms:'compiled/particles/UmbrellaReflect.xml.compiled'
INFO: compile 0 ms:'compiled/particles/SeedPacketPick.xml.compiled'
INFO: compile 0 ms:'compiled/particles/IceTrapZombie.xml.compiled'
INFO: compile 0 ms:'compiled/particles/Zombie_boss_fireball.xml.compiled'
INFO: compile 0 ms:'compiled/particles/IceTrapRelease.xml.compiled'
INFO: compile 0 ms:'compiled/particles/FireballDeath.xml.compiled'
INFO: compile 0 ms:'compiled/particles/ZamboniSmoke.xml.compiled'
INFO: compile 0 ms:'compiled/particles/IceballDeath.xml.compiled'
INFO: compile 0 ms:'compiled/particles/Iceball_Trail.xml.compiled'
INFO: compile 0 ms:'compiled/particles/GloomCloud.xml.compiled'
INFO: compile 0 ms:'compiled/particles/Fireball_Trail.xml.compiled'
INFO: compile 0 ms:'compiled/particles/ZombiePogoHead.xml.compiled'
INFO: compile 0 ms:'compiled/particles/ZamboniTire.xml.compiled'
INFO: compile 0 ms:'compiled/particles/ZamboniExplosion.xml.compiled'
INFO: compile 3 ms:'compiled/particles/Credits_fog.xml.compiled'
INFO: compile 0 ms:'compiled/particles/UpsellArrow.xml.compiled'
INFO: compile 0 ms:'compiled/particles/ZamboniExplosion2.xml.compiled'
INFO: compile 1 ms:'compiled/particles/BossExplosion.xml.compiled'
INFO: compile 0 ms:'compiled/particles/ScreenFlash.xml.compiled'
INFO: compile 0 ms:'compiled/particles/TrophySparkle.xml.compiled'
INFO: compile 0 ms:'compiled/particles/CatapultExplosion.xml.compiled'
INFO: compile 0 ms:'compiled/particles/MowerCloud.xml.compiled'
INFO: compile 0 ms:'compiled/particles/PortalCircle.xml.compiled'
INFO: compile 0 ms:'compiled/particles/BossIceBallTrail.xml.compiled'
INFO: compile 0 ms:'compiled/particles/PortalSquare.xml.compiled'
INFO: compile 0 ms:'compiled/particles/PottedPlantGlow.xml.compiled'
INFO: compile 0 ms:'compiled/particles/BlastMark.xml.compiled'
INFO: compile 0 ms:'compiled/particles/PottedWaterPlantGlow.xml.compiled'
INFO: compile 0 ms:'compiled/particles/CoinPickupArrow.xml.compiled'
INFO: compile 0 ms:'compiled/particles/PottedZenGlow.xml.compiled'
INFO: compile 0 ms:'compiled/particles/MindControl.xml.compiled'
INFO: compile 0 ms:'compiled/particles/VaseShatter.xml.compiled'
INFO: compile 0 ms:'compiled/particles/PresentPickup.xml.compiled'
INFO: preloading: 1 ms
INFO: compile 0 ms:'compiled/particles/ImitaterMorph.xml.compiled'
INFO: compile 0 ms:'compiled/particles/VaseShatterLeaf.xml.compiled'
INFO: compile 0 ms:'compiled/particles/VaseShatterZombie.xml.compiled'
INFO: compile 0 ms:'compiled/particles/MoweredZombieHead.xml.compiled'
INFO: compile 0 ms:'compiled/particles/AwardPickupArrow.xml.compiled'
INFO: compile 0 ms:'compiled/particles/MoweredZombieArm.xml.compiled'
INFO: compile 0 ms:'compiled/particles/Zombie_seaweed.xml.compiled'
INFO: compile 0 ms:'compiled/particles/ZombieHeadPool.xml.compiled'
INFO: compile 0 ms:'compiled/particles/ZombieMustache.xml.compiled'
INFO: compile 0 ms:'compiled/particles/ZombieFutureGlasses.xml.compiled'
INFO: compile 0 ms:'compiled/particles/Pinata.xml.compiled'
INFO: compile 0 ms:'compiled/particles/Zombie_boss_fireball.xml.compiled'
INFO: compile 0 ms:'compiled/particles/Dust_Squash.xml.compiled'
INFO: compile 0 ms:'compiled/particles/Dust_Foot.xml.compiled'
INFO: compile 0 ms:'compiled/particles/FireballDeath.xml.compiled'
INFO: compile 0 ms:'compiled/particles/IceballDeath.xml.compiled'
INFO: compile 0 ms:'compiled/particles/Daisy.xml.compiled'
INFO: compile 0 ms:'compiled/particles/Iceball_Trail.xml.compiled'
INFO: compile 0 ms:'compiled/particles/Credits_Strobe.xml.compiled'
INFO: compile 0 ms:'compiled/particles/Credits_RaysWipe.xml.compiled'
INFO: compile 0 ms:'compiled/particles/Fireball_Trail.xml.compiled'
INFO: compile 0 ms:'compiled/particles/Credits_ZombieHeadWipe.xml.compiled'
INFO: loading 'resources' 146 ms
INFO: loading 'stuff' 0 ms
INFO: compile 0 ms:'compiled/particles/Starburst.xml.compiled'
INFO: compile 0 ms:'compiled/particles/IceTrail.trail.compiled'
INFO: loading 'trail' 0 ms
INFO: compile 0 ms:'compiled/particles/MelonImpact.xml.compiled'
INFO: compile 0 ms:'compiled/particles/WinterMelonImpact.xml.compiled'
INFO: compile 1 ms:'compiled/particles/BossExplosion.xml.compiled'
INFO: compile 0 ms:'compiled/particles/FumeCloud.xml.compiled'
INFO: compile 0 ms:'compiled/particles/PopcornSplash.xml.compiled'
INFO: compile 0 ms:'compiled/particles/ScreenFlash.xml.compiled'
INFO: compile 0 ms:'compiled/particles/TrophySparkle.xml.compiled'
INFO: compile 0 ms:'compiled/particles/PortalCircle.xml.compiled'
INFO: compile 0 ms:'compiled/particles/Powie.xml.compiled'
INFO: compile 0 ms:'compiled/particles/PortalSquare.xml.compiled'
INFO: loading 'resources' 151 ms
INFO: loading 'stuff' 0 ms
INFO: compile 0 ms:'compiled/particles/PottedPlantGlow.xml.compiled'
INFO: compile 0 ms:'compiled/particles/IceTrail.trail.compiled'
INFO: loading 'trail' 0 ms
INFO: compile 0 ms:'compiled/particles/JackExplode.xml.compiled'
INFO: compile 0 ms:'compiled/particles/MelonImpact.xml.compiled'
INFO: compile 0 ms:'compiled/particles/PottedWaterPlantGlow.xml.compiled'
INFO: compile 0 ms:'compiled/particles/PottedZenGlow.xml.compiled'
INFO: compile 0 ms:'compiled/particles/ZombieHead.xml.compiled'
INFO: compile 0 ms:'compiled/particles/MindControl.xml.compiled'
INFO: compile 0 ms:'compiled/particles/WinterMelonImpact.xml.compiled'
INFO: compile 0 ms:'compiled/particles/VaseShatter.xml.compiled'
INFO: compile 0 ms:'compiled/particles/FumeCloud.xml.compiled'
INFO: compile 0 ms:'compiled/particles/ZombieArm.xml.compiled'
INFO: compile 0 ms:'compiled/particles/PopcornSplash.xml.compiled'
INFO: compile 0 ms:'compiled/particles/VaseShatterLeaf.xml.compiled'
INFO: compile 0 ms:'compiled/particles/ZombieTrafficCone.xml.compiled'
INFO: compile 0 ms:'compiled/particles/ZombiePail.xml.compiled'
INFO: compile 2 ms:'compiled/particles/Credits_fog.xml.compiled'
INFO: compile 0 ms:'compiled/particles/VaseShatterZombie.xml.compiled'
INFO: compile 0 ms:'compiled/particles/ZombieHelmet.xml.compiled'
INFO: compile 0 ms:'compiled/particles/AwardPickupArrow.xml.compiled'
INFO: compile 0 ms:'compiled/particles/UpsellArrow.xml.compiled'
INFO: compile 0 ms:'compiled/particles/ZombieFlag.xml.compiled'
INFO: compile 0 ms:'compiled/particles/Zombie_seaweed.xml.compiled'
INFO: compile 0 ms:'compiled/particles/ZombieDoor.xml.compiled'
INFO: compile 0 ms:'compiled/particles/ZombieMustache.xml.compiled'
INFO: compile 0 ms:'compiled/particles/ZombieNewspaper.xml.compiled'
INFO: compile 0 ms:'compiled/particles/ZombieHeadLight.xml.compiled'
INFO: compile 0 ms:'compiled/particles/ZombieFutureGlasses.xml.compiled'
INFO: compile 0 ms:'compiled/particles/Powie.xml.compiled'
INFO: compile 0 ms:'compiled/particles/Pinata.xml.compiled'
INFO: compile 0 ms:'compiled/particles/Dust_Squash.xml.compiled'
INFO: compile 0 ms:'compiled/particles/Dust_Foot.xml.compiled'
INFO: compile 0 ms:'compiled/particles/Pow.xml.compiled'
INFO: compile 0 ms:'compiled/particles/Daisy.xml.compiled'
INFO: compile 0 ms:'compiled/particles/Credits_Strobe.xml.compiled'
INFO: compile 0 ms:'compiled/particles/ZombiePogo.xml.compiled'
INFO: compile 0 ms:'compiled/particles/Credits_RaysWipe.xml.compiled'
INFO: compile 0 ms:'compiled/particles/ZombieNewspaperHead.xml.compiled'
INFO: compile 0 ms:'compiled/particles/Credits_ZombieHeadWipe.xml.compiled'
INFO: compile 0 ms:'compiled/particles/ZombieBalloonHead.xml.compiled'
INFO: compile 0 ms:'compiled/particles/SodRoll.xml.compiled'
INFO: compile 1 ms:'compiled/particles/JackExplode.xml.compiled'
INFO: compile 0 ms:'compiled/particles/GraveStoneRise.xml.compiled'
INFO: compile 0 ms:'compiled/particles/Starburst.xml.compiled'
INFO: compile 0 ms:'compiled/particles/Planting.xml.compiled'
INFO: compile 0 ms:'compiled/particles/PlantingPool.xml.compiled'
INFO: compile 0 ms:'compiled/particles/ZombieHead.xml.compiled'
INFO: compile 0 ms:'compiled/particles/ZombieRise.xml.compiled'
INFO: compile 0 ms:'compiled/particles/GraveBuster.xml.compiled'
INFO: compile 0 ms:'compiled/particles/GraveBusterDie.xml.compiled'
INFO: preloading: 1 ms
INFO: compile 0 ms:'compiled/particles/PoolSplash.xml.compiled'
INFO: compile 0 ms:'compiled/particles/ZombieArm.xml.compiled'
INFO: compile 0 ms:'compiled/particles/IceSparkle.xml.compiled'
INFO: compile 0 ms:'compiled/particles/ZombieTrafficCone.xml.compiled'
INFO: compile 0 ms:'compiled/particles/ZombiePail.xml.compiled'
INFO: compile 0 ms:'compiled/particles/SeedPacket.xml.compiled'
INFO: compile 0 ms:'compiled/particles/ZombieHelmet.xml.compiled'
INFO: compile 0 ms:'compiled/particles/TallNutBlock.xml.compiled'
INFO: compile 0 ms:'compiled/particles/ZombieFlag.xml.compiled'
INFO: compile 0 ms:'compiled/particles/ZombieDoor.xml.compiled'
INFO: compile 0 ms:'compiled/particles/ZombieNewspaper.xml.compiled'
INFO: compile 0 ms:'compiled/particles/ZombieHeadLight.xml.compiled'
INFO: compile 0 ms:'compiled/particles/Pow.xml.compiled'
INFO: compile 0 ms:'compiled/particles/ZombiePogo.xml.compiled'
INFO: compile 2 ms:'compiled/particles/Credits_fog.xml.compiled'
INFO: compile 0 ms:'compiled/particles/UpsellArrow.xml.compiled'
INFO: compile 0 ms:'compiled/particles/ZombieNewspaperHead.xml.compiled'
INFO: compile 1 ms:'compiled/particles/Doom.xml.compiled'
INFO: compile 0 ms:'compiled/particles/DiggerRise.xml.compiled'
INFO: compile 0 ms:'compiled/particles/DiggerTunnel.xml.compiled'
INFO: compile 0 ms:'compiled/particles/ZombieBalloonHead.xml.compiled'
INFO: compile 0 ms:'compiled/particles/DancerRise.xml.compiled'
INFO: compile 0 ms:'compiled/particles/SodRoll.xml.compiled'
INFO: compile 0 ms:'compiled/particles/PoolSparkly.xml.compiled'
INFO: compile 0 ms:'compiled/particles/GraveStoneRise.xml.compiled'
INFO: compile 0 ms:'compiled/particles/WallnutEatSmall.xml.compiled'
INFO: compile 0 ms:'compiled/particles/Planting.xml.compiled'
INFO: compile 0 ms:'compiled/particles/WallnutEatLarge.xml.compiled'
INFO: compile 0 ms:'compiled/particles/PeaSplat.xml.compiled'
INFO: compile 0 ms:'compiled/particles/PlantingPool.xml.compiled'
INFO: compile 0 ms:'compiled/particles/ButterSplat.xml.compiled'
INFO: compile 0 ms:'compiled/particles/CabbageSplat.xml.compiled'
INFO: compile 0 ms:'compiled/particles/PuffSplat.xml.compiled'
INFO: compile 0 ms:'compiled/particles/ZombieRise.xml.compiled'
INFO: compile 0 ms:'compiled/particles/StarSplat.xml.compiled'
INFO: compile 0 ms:'compiled/particles/GraveBuster.xml.compiled'
INFO: compile 0 ms:'compiled/particles/GraveBusterDie.xml.compiled'
INFO: compile 0 ms:'compiled/particles/IceTrap.xml.compiled'
INFO: compile 0 ms:'compiled/particles/SnowPeaSplat.xml.compiled'
INFO: compile 0 ms:'compiled/particles/PoolSplash.xml.compiled'
INFO: compile 0 ms:'compiled/particles/IceSparkle.xml.compiled'
INFO: preloading: 1 ms
INFO: compile 0 ms:'compiled/particles/SnowPeaPuff.xml.compiled'
INFO: compile 0 ms:'compiled/particles/SnowPeaTrail.xml.compiled'
INFO: compile 0 ms:'compiled/particles/SeedPacket.xml.compiled'
INFO: compile 0 ms:'compiled/particles/TallNutBlock.xml.compiled'
INFO: compile 0 ms:'compiled/particles/LanternShine.xml.compiled'
INFO: compile 0 ms:'compiled/particles/Award.xml.compiled'
INFO: compile 0 ms:'compiled/particles/PotatoMine.xml.compiled'
INFO: compile 1 ms:'compiled/particles/Doom.xml.compiled'
INFO: compile 0 ms:'compiled/particles/PotatoMineRise.xml.compiled'
INFO: compile 0 ms:'compiled/particles/DiggerRise.xml.compiled'
INFO: compile 0 ms:'compiled/particles/PuffShroomTrail.xml.compiled'
INFO: compile 0 ms:'compiled/particles/PuffShroomMuzzle.xml.compiled'
INFO: compile 0 ms:'compiled/particles/DiggerTunnel.xml.compiled'
INFO: compile 0 ms:'compiled/particles/DancerRise.xml.compiled'
INFO: compile 0 ms:'compiled/particles/PoolSparkly.xml.compiled'
INFO: compile 0 ms:'compiled/particles/SeedPacketFlash.xml.compiled'
INFO: compile 0 ms:'compiled/particles/WhackAZombieRise.xml.compiled'
INFO: compile 0 ms:'compiled/particles/WallnutEatSmall.xml.compiled'
INFO: compile 0 ms:'compiled/particles/WallnutEatLarge.xml.compiled'
INFO: compile 0 ms:'compiled/particles/ZombieLadder.xml.compiled'
INFO: compile 0 ms:'compiled/particles/PeaSplat.xml.compiled'
INFO: compile 0 ms:'compiled/particles/UmbrellaReflect.xml.compiled'
INFO: compile 0 ms:'compiled/particles/ButterSplat.xml.compiled'
INFO: compile 0 ms:'compiled/particles/SeedPacketPick.xml.compiled'
INFO: compile 0 ms:'compiled/particles/IceTrapZombie.xml.compiled'
INFO: compile 0 ms:'compiled/particles/CabbageSplat.xml.compiled'
INFO: compile 0 ms:'compiled/particles/IceTrapRelease.xml.compiled'
INFO: compile 0 ms:'compiled/particles/PuffSplat.xml.compiled'
INFO: compile 0 ms:'compiled/particles/ZamboniSmoke.xml.compiled'
INFO: compile 0 ms:'compiled/particles/StarSplat.xml.compiled'
INFO: compile 0 ms:'compiled/particles/GloomCloud.xml.compiled'
INFO: compile 0 ms:'compiled/particles/IceTrap.xml.compiled'
INFO: compile 0 ms:'compiled/particles/SnowPeaSplat.xml.compiled'
INFO: compile 0 ms:'compiled/particles/SnowPeaPuff.xml.compiled'
INFO: compile 0 ms:'compiled/particles/ZombiePogoHead.xml.compiled'
INFO: compile 0 ms:'compiled/particles/SnowPeaTrail.xml.compiled'
INFO: compile 0 ms:'compiled/particles/ZamboniTire.xml.compiled'
INFO: compile 0 ms:'compiled/particles/ZamboniExplosion.xml.compiled'
INFO: compile 0 ms:'compiled/particles/LanternShine.xml.compiled'
INFO: compile 0 ms:'compiled/particles/ZamboniExplosion2.xml.compiled'
INFO: compile 0 ms:'compiled/particles/CatapultExplosion.xml.compiled'
INFO: compile 0 ms:'compiled/particles/MowerCloud.xml.compiled'
INFO: compile 0 ms:'compiled/particles/Award.xml.compiled'
INFO: compile 0 ms:'compiled/particles/BossIceBallTrail.xml.compiled'
INFO: compile 0 ms:'compiled/particles/PotatoMine.xml.compiled'
INFO: compile 0 ms:'compiled/particles/PotatoMineRise.xml.compiled'
INFO: compile 0 ms:'compiled/particles/PuffShroomTrail.xml.compiled'
INFO: compile 0 ms:'compiled/particles/BlastMark.xml.compiled'
INFO: compile 0 ms:'compiled/particles/PuffShroomMuzzle.xml.compiled'
INFO: compile 0 ms:'compiled/particles/CoinPickupArrow.xml.compiled'
INFO: compile 0 ms:'compiled/particles/SeedPacketFlash.xml.compiled'
INFO: compile 0 ms:'compiled/particles/WhackAZombieRise.xml.compiled'
INFO: compile 0 ms:'compiled/particles/PresentPickup.xml.compiled'
INFO: compile 0 ms:'compiled/particles/ZombieLadder.xml.compiled'
INFO: compile 0 ms:'compiled/particles/ImitaterMorph.xml.compiled'
INFO: compile 0 ms:'compiled/particles/UmbrellaReflect.xml.compiled'
INFO: compile 0 ms:'compiled/particles/SeedPacketPick.xml.compiled'
INFO: compile 0 ms:'compiled/particles/IceTrapZombie.xml.compiled'
INFO: compile 0 ms:'compiled/particles/MoweredZombieHead.xml.compiled'
INFO: compile 0 ms:'compiled/particles/IceTrapRelease.xml.compiled'
INFO: compile 0 ms:'compiled/particles/MoweredZombieArm.xml.compiled'
INFO: compile 0 ms:'compiled/particles/ZamboniSmoke.xml.compiled'
INFO: compile 0 ms:'compiled/particles/ZombieHeadPool.xml.compiled'
INFO: compile 0 ms:'compiled/particles/GloomCloud.xml.compiled'
INFO: compile 0 ms:'compiled/particles/Zombie_boss_fireball.xml.compiled'
INFO: compile 0 ms:'compiled/particles/FireballDeath.xml.compiled'
INFO: compile 0 ms:'compiled/particles/IceballDeath.xml.compiled'
INFO: compile 0 ms:'compiled/particles/ZombiePogoHead.xml.compiled'
INFO: compile 0 ms:'compiled/particles/Iceball_Trail.xml.compiled'
INFO: compile 0 ms:'compiled/particles/ZamboniTire.xml.compiled'
INFO: compile 0 ms:'compiled/particles/Fireball_Trail.xml.compiled'
INFO: compile 0 ms:'compiled/particles/ZamboniExplosion.xml.compiled'
INFO: compile 0 ms:'compiled/particles/ZamboniExplosion2.xml.compiled'
INFO: compile 0 ms:'compiled/particles/CatapultExplosion.xml.compiled'
INFO: compile 0 ms:'compiled/particles/MowerCloud.xml.compiled'
INFO: compile 1 ms:'compiled/particles/BossExplosion.xml.compiled'
INFO: compile 0 ms:'compiled/particles/BossIceBallTrail.xml.compiled'
INFO: compile 0 ms:'compiled/particles/ScreenFlash.xml.compiled'
INFO: compile 0 ms:'compiled/particles/TrophySparkle.xml.compiled'
INFO: compile 0 ms:'compiled/particles/PortalCircle.xml.compiled'
INFO: compile 0 ms:'compiled/particles/PortalSquare.xml.compiled'
INFO: compile 0 ms:'compiled/particles/BlastMark.xml.compiled'
INFO: compile 0 ms:'compiled/particles/PottedPlantGlow.xml.compiled'
INFO: compile 0 ms:'compiled/particles/CoinPickupArrow.xml.compiled'
INFO: compile 0 ms:'compiled/particles/PottedWaterPlantGlow.xml.compiled'
INFO: compile 0 ms:'compiled/particles/PottedZenGlow.xml.compiled'
INFO: compile 0 ms:'compiled/particles/PresentPickup.xml.compiled'
INFO: compile 0 ms:'compiled/particles/ImitaterMorph.xml.compiled'
INFO: compile 0 ms:'compiled/particles/MindControl.xml.compiled'
INFO: compile 0 ms:'compiled/particles/VaseShatter.xml.compiled'
INFO: compile 0 ms:'compiled/particles/MoweredZombieHead.xml.compiled'
INFO: compile 0 ms:'compiled/particles/VaseShatterLeaf.xml.compiled'
INFO: compile 0 ms:'compiled/particles/MoweredZombieArm.xml.compiled'
INFO: compile 0 ms:'compiled/particles/VaseShatterZombie.xml.compiled'
INFO: compile 0 ms:'compiled/particles/ZombieHeadPool.xml.compiled'
INFO: compile 0 ms:'compiled/particles/AwardPickupArrow.xml.compiled'
INFO: compile 0 ms:'compiled/particles/Zombie_seaweed.xml.compiled'
INFO: compile 0 ms:'compiled/particles/Zombie_boss_fireball.xml.compiled'
INFO: compile 0 ms:'compiled/particles/ZombieMustache.xml.compiled'
INFO: compile 0 ms:'compiled/particles/FireballDeath.xml.compiled'
INFO: compile 0 ms:'compiled/particles/ZombieFutureGlasses.xml.compiled'
INFO: compile 0 ms:'compiled/particles/IceballDeath.xml.compiled'
INFO: compile 0 ms:'compiled/particles/Pinata.xml.compiled'
INFO: compile 0 ms:'compiled/particles/Dust_Squash.xml.compiled'
INFO: compile 0 ms:'compiled/particles/Iceball_Trail.xml.compiled'
INFO: compile 0 ms:'compiled/particles/Dust_Foot.xml.compiled'
INFO: compile 0 ms:'compiled/particles/Daisy.xml.compiled'
INFO: compile 0 ms:'compiled/particles/Fireball_Trail.xml.compiled'
INFO: compile 0 ms:'compiled/particles/Credits_Strobe.xml.compiled'
INFO: compile 0 ms:'compiled/particles/Credits_RaysWipe.xml.compiled'
INFO: compile 0 ms:'compiled/particles/Credits_ZombieHeadWipe.xml.compiled'
INFO: compile 0 ms:'compiled/particles/Starburst.xml.compiled'
INFO: compile 1 ms:'compiled/particles/BossExplosion.xml.compiled'
INFO: compile 0 ms:'compiled/particles/ScreenFlash.xml.compiled'
INFO: compile 0 ms:'compiled/particles/TrophySparkle.xml.compiled'
INFO: compile 0 ms:'compiled/particles/PortalCircle.xml.compiled'
INFO: compile 0 ms:'compiled/particles/PortalSquare.xml.compiled'
INFO: compile 0 ms:'compiled/particles/PottedPlantGlow.xml.compiled'
INFO: compile 0 ms:'compiled/particles/PottedWaterPlantGlow.xml.compiled'
INFO: compile 0 ms:'compiled/particles/PottedZenGlow.xml.compiled'
INFO: compile 0 ms:'compiled/particles/MindControl.xml.compiled'
INFO: compile 0 ms:'compiled/particles/VaseShatter.xml.compiled'
INFO: compile 0 ms:'compiled/particles/VaseShatterLeaf.xml.compiled'
INFO: compile 0 ms:'compiled/particles/VaseShatterZombie.xml.compiled'
INFO: compile 0 ms:'compiled/particles/AwardPickupArrow.xml.compiled'
INFO: compile 3 ms:'compiled/particles/Credits_fog.xml.compiled'
INFO: compile 0 ms:'compiled/particles/Zombie_seaweed.xml.compiled'
INFO: compile 0 ms:'compiled/particles/ZombieMustache.xml.compiled'
INFO: compile 0 ms:'compiled/particles/UpsellArrow.xml.compiled'
INFO: compile 0 ms:'compiled/particles/ZombieFutureGlasses.xml.compiled'
INFO: compile 0 ms:'compiled/particles/Pinata.xml.compiled'
INFO: compile 0 ms:'compiled/particles/Dust_Squash.xml.compiled'
INFO: compile 0 ms:'compiled/particles/Dust_Foot.xml.compiled'
INFO: compile 0 ms:'compiled/particles/Daisy.xml.compiled'
INFO: compile 0 ms:'compiled/particles/Credits_Strobe.xml.compiled'
INFO: compile 0 ms:'compiled/particles/Credits_RaysWipe.xml.compiled'
INFO: compile 0 ms:'compiled/particles/Credits_ZombieHeadWipe.xml.compiled'
INFO: compile 0 ms:'compiled/particles/Starburst.xml.compiled'
INFO: preloading: 1 ms
INFO: compile 3 ms:'compiled/particles/Credits_fog.xml.compiled'
INFO: compile 0 ms:'compiled/particles/UpsellArrow.xml.compiled'
INFO: preloading: 1 ms
INFO: loading 'resources' 170 ms
INFO: loading 'stuff' 0 ms
INFO: compile 0 ms:'compiled/particles/IceTrail.trail.compiled'
INFO: loading 'trail' 0 ms
INFO: compile 0 ms:'compiled/particles/MelonImpact.xml.compiled'
INFO: compile 0 ms:'compiled/particles/WinterMelonImpact.xml.compiled'
INFO: compile 0 ms:'compiled/particles/FumeCloud.xml.compiled'
INFO: compile 0 ms:'compiled/particles/PopcornSplash.xml.compiled'
INFO: compile 0 ms:'compiled/particles/Powie.xml.compiled'
INFO: compile 0 ms:'compiled/particles/JackExplode.xml.compiled'
INFO: compile 0 ms:'compiled/particles/ZombieHead.xml.compiled'
INFO: compile 0 ms:'compiled/particles/ZombieArm.xml.compiled'
INFO: compile 0 ms:'compiled/particles/ZombieTrafficCone.xml.compiled'
INFO: compile 0 ms:'compiled/particles/ZombiePail.xml.compiled'
INFO: compile 0 ms:'compiled/particles/ZombieHelmet.xml.compiled'
INFO: compile 0 ms:'compiled/particles/ZombieFlag.xml.compiled'
INFO: compile 0 ms:'compiled/particles/ZombieDoor.xml.compiled'
INFO: compile 0 ms:'compiled/particles/ZombieNewspaper.xml.compiled'
INFO: compile 0 ms:'compiled/particles/ZombieHeadLight.xml.compiled'
INFO: compile 0 ms:'compiled/particles/Pow.xml.compiled'
INFO: compile 0 ms:'compiled/particles/ZombiePogo.xml.compiled'
INFO: compile 0 ms:'compiled/particles/ZombieNewspaperHead.xml.compiled'
INFO: compile 0 ms:'compiled/particles/ZombieBalloonHead.xml.compiled'
INFO: compile 0 ms:'compiled/particles/SodRoll.xml.compiled'
INFO: compile 0 ms:'compiled/particles/GraveStoneRise.xml.compiled'
INFO: compile 0 ms:'compiled/particles/Planting.xml.compiled'
INFO: compile 0 ms:'compiled/particles/PlantingPool.xml.compiled'
INFO: compile 0 ms:'compiled/particles/ZombieRise.xml.compiled'
INFO: compile 0 ms:'compiled/particles/GraveBuster.xml.compiled'
INFO: compile 0 ms:'compiled/particles/GraveBusterDie.xml.compiled'
INFO: compile 0 ms:'compiled/particles/PoolSplash.xml.compiled'
INFO: compile 0 ms:'compiled/particles/IceSparkle.xml.compiled'
INFO: compile 0 ms:'compiled/particles/SeedPacket.xml.compiled'
INFO: compile 0 ms:'compiled/particles/TallNutBlock.xml.compiled'
INFO: compile 1 ms:'compiled/particles/Doom.xml.compiled'
INFO: compile 0 ms:'compiled/particles/DiggerRise.xml.compiled'
INFO: compile 0 ms:'compiled/particles/DiggerTunnel.xml.compiled'
INFO: compile 0 ms:'compiled/particles/DancerRise.xml.compiled'
INFO: compile 0 ms:'compiled/particles/PoolSparkly.xml.compiled'
INFO: compile 0 ms:'compiled/particles/WallnutEatSmall.xml.compiled'
INFO: compile 0 ms:'compiled/particles/WallnutEatLarge.xml.compiled'
INFO: compile 0 ms:'compiled/particles/PeaSplat.xml.compiled'
INFO: compile 0 ms:'compiled/particles/ButterSplat.xml.compiled'
INFO: compile 0 ms:'compiled/particles/CabbageSplat.xml.compiled'
INFO: compile 0 ms:'compiled/particles/PuffSplat.xml.compiled'
INFO: compile 0 ms:'compiled/particles/StarSplat.xml.compiled'
INFO: compile 0 ms:'compiled/particles/IceTrap.xml.compiled'
INFO: compile 0 ms:'compiled/particles/SnowPeaSplat.xml.compiled'
INFO: compile 0 ms:'compiled/particles/SnowPeaPuff.xml.compiled'
INFO: compile 0 ms:'compiled/particles/SnowPeaTrail.xml.compiled'
INFO: compile 0 ms:'compiled/particles/LanternShine.xml.compiled'
INFO: compile 0 ms:'compiled/particles/Award.xml.compiled'
INFO: compile 0 ms:'compiled/particles/PotatoMine.xml.compiled'
INFO: compile 0 ms:'compiled/particles/PotatoMineRise.xml.compiled'
INFO: compile 0 ms:'compiled/particles/PuffShroomTrail.xml.compiled'
INFO: compile 0 ms:'compiled/particles/PuffShroomMuzzle.xml.compiled'
INFO: compile 0 ms:'compiled/particles/SeedPacketFlash.xml.compiled'
INFO: compile 0 ms:'compiled/particles/WhackAZombieRise.xml.compiled'
INFO: compile 0 ms:'compiled/particles/ZombieLadder.xml.compiled'
INFO: compile 0 ms:'compiled/particles/UmbrellaReflect.xml.compiled'
INFO: compile 0 ms:'compiled/particles/SeedPacketPick.xml.compiled'
INFO: compile 0 ms:'compiled/particles/IceTrapZombie.xml.compiled'
INFO: compile 0 ms:'compiled/particles/IceTrapRelease.xml.compiled'
INFO: compile 0 ms:'compiled/particles/ZamboniSmoke.xml.compiled'
INFO: compile 0 ms:'compiled/particles/GloomCloud.xml.compiled'
INFO: compile 0 ms:'compiled/particles/ZombiePogoHead.xml.compiled'
INFO: compile 0 ms:'compiled/particles/ZamboniTire.xml.compiled'
INFO: compile 0 ms:'compiled/particles/ZamboniExplosion.xml.compiled'
INFO: compile 0 ms:'compiled/particles/ZamboniExplosion2.xml.compiled'
INFO: compile 0 ms:'compiled/particles/CatapultExplosion.xml.compiled'
INFO: compile 0 ms:'compiled/particles/MowerCloud.xml.compiled'
INFO: compile 0 ms:'compiled/particles/BossIceBallTrail.xml.compiled'
INFO: compile 0 ms:'compiled/particles/BlastMark.xml.compiled'
INFO: compile 0 ms:'compiled/particles/CoinPickupArrow.xml.compiled'
INFO: compile 0 ms:'compiled/particles/PresentPickup.xml.compiled'
INFO: compile 0 ms:'compiled/particles/ImitaterMorph.xml.compiled'
INFO: compile 0 ms:'compiled/particles/MoweredZombieHead.xml.compiled'
INFO: compile 0 ms:'compiled/particles/MoweredZombieArm.xml.compiled'
INFO: compile 0 ms:'compiled/particles/ZombieHeadPool.xml.compiled'
INFO: compile 0 ms:'compiled/particles/Zombie_boss_fireball.xml.compiled'
INFO: compile 0 ms:'compiled/particles/FireballDeath.xml.compiled'
INFO: compile 0 ms:'compiled/particles/IceballDeath.xml.compiled'
INFO: compile 0 ms:'compiled/particles/Iceball_Trail.xml.compiled'
INFO: compile 0 ms:'compiled/particles/Fireball_Trail.xml.compiled'
INFO: compile 1 ms:'compiled/particles/BossExplosion.xml.compiled'
INFO: compile 0 ms:'compiled/particles/ScreenFlash.xml.compiled'
INFO: compile 0 ms:'compiled/particles/TrophySparkle.xml.compiled'
INFO: compile 0 ms:'compiled/particles/PortalCircle.xml.compiled'
INFO: compile 0 ms:'compiled/particles/PortalSquare.xml.compiled'
INFO: compile 0 ms:'compiled/particles/PottedPlantGlow.xml.compiled'
INFO: compile 0 ms:'compiled/particles/PottedWaterPlantGlow.xml.compiled'
INFO: compile 0 ms:'compiled/particles/PottedZenGlow.xml.compiled'
INFO: compile 0 ms:'compiled/particles/MindControl.xml.compiled'
INFO: compile 0 ms:'compiled/particles/VaseShatter.xml.compiled'
INFO: compile 0 ms:'compiled/particles/VaseShatterLeaf.xml.compiled'
INFO: compile 0 ms:'compiled/particles/VaseShatterZombie.xml.compiled'
INFO: compile 0 ms:'compiled/particles/AwardPickupArrow.xml.compiled'
INFO: compile 0 ms:'compiled/particles/Zombie_seaweed.xml.compiled'
INFO: compile 0 ms:'compiled/particles/ZombieMustache.xml.compiled'
INFO: compile 0 ms:'compiled/particles/ZombieFutureGlasses.xml.compiled'
INFO: compile 0 ms:'compiled/particles/Pinata.xml.compiled'
INFO: compile 0 ms:'compiled/particles/Dust_Squash.xml.compiled'
INFO: compile 0 ms:'compiled/particles/Dust_Foot.xml.compiled'
INFO: compile 0 ms:'compiled/particles/Daisy.xml.compiled'
INFO: compile 0 ms:'compiled/particles/Credits_Strobe.xml.compiled'
INFO: compile 0 ms:'compiled/particles/Credits_RaysWipe.xml.compiled'
INFO: compile 0 ms:'compiled/particles/Credits_ZombieHeadWipe.xml.compiled'
INFO: compile 0 ms:'compiled/particles/Starburst.xml.compiled'
INFO: compile 3 ms:'compiled/particles/Credits_fog.xml.compiled'
INFO: compile 0 ms:'compiled/particles/UpsellArrow.xml.compiled'
INFO: preloading: 1 ms
INFO: preloading: 0 ms
INFO: preloading: 0 ms
INFO: preloading: 0 ms
INFO: preloading: 0 ms
INFO: preloading: 0 ms
INFO: preloading: 0 ms
INFO: preloading: 0 ms
INFO: preloading: 0 ms
INFO: preloading: 0 ms
INFO: preloading: 0 ms
INFO: preloading: 0 ms
INFO: preloading: 0 ms
INFO: preloading: 0 ms
INFO: preloading: 0 ms
INFO: preloading: 0 ms
INFO: preloading: 0 ms
INFO: preloading: 0 ms
INFO: preloading: 0 ms
INFO: preloading: 0 ms
INFO: preloading: 0 ms
INFO: preloading: 0 ms
INFO: preloading: 0 ms
INFO: preloading: 0 ms
INFO: preloading: 0 ms
INFO: preloading: 0 ms
INFO: preloading: 0 ms
INFO: preloading: 0 ms
INFO: preloading: 0 ms
INFO: preloading: 0 ms
INFO: preloading: 0 ms
INFO: preloading: 0 ms
INFO: preloading: 0 ms
INFO: preloading: 0 ms
INFO: preloading: 0 ms
INFO: preloading: 0 ms
INFO: preloading: 0 ms
INFO: preloading: 0 ms
INFO: preloading: 0 ms
INFO: preloading: 0 ms
INFO: preloading: 0 ms
INFO: preloading: 0 ms
INFO: preloading: 0 ms
INFO: preloading: 0 ms
INFO: preloading: 0 ms
INFO: preloading: 0 ms
INFO: preloading: 0 ms
INFO: preloading: 0 ms
INFO: preloading: 0 ms
INFO: preloading: 0 ms
INFO: preloading: 0 ms
INFO: preloading: 0 ms
INFO: preloading: 0 ms
INFO: preloading: 0 ms
INFO: preloading: 0 ms
INFO: preloading: 0 ms
INFO: preloading: 0 ms
INFO: preloading: 0 ms
INFO: preloading: 0 ms
INFO: preloading: 0 ms
INFO: preloading: 0 ms
INFO: preloading: 0 ms
INFO: preloading: 0 ms
INFO: preloading: 0 ms
evaluation 64/160
INFO: preloading: 0 ms
INFO: preloading: 0 ms
INFO: preloading: 0 ms
INFO: preloading: 0 ms
INFO: preloading: 0 ms
INFO: preloading: 0 ms
INFO: preloading: 0 ms
INFO: preloading: 0 ms
INFO: preloading: 0 ms
INFO: preloading: 0 ms
INFO: preloading: 0 ms
INFO: preloading: 0 ms
INFO: preloading: 0 ms
INFO: preloading: 0 ms
INFO: preloading: 0 ms
INFO: preloading: 0 ms
INFO: preloading: 0 ms
INFO: preloading: 0 ms
INFO: preloading: 0 ms
INFO: preloading: 0 ms
INFO: preloading: 0 ms
INFO: preloading: 0 ms
INFO: preloading: 0 ms
INFO: preloading: 0 ms
INFO: preloading: 0 ms
INFO: preloading: 0 ms
INFO: preloading: 0 ms
INFO: preloading: 0 ms
INFO: preloading: 0 ms
INFO: preloading: 0 ms
INFO: preloading: 0 ms
INFO: preloading: 0 ms
INFO: preloading: 0 ms
INFO: preloading: 0 ms
INFO: preloading: 0 ms
INFO: preloading: 0 ms
INFO: preloading: 0 ms
INFO: preloading: 0 ms
INFO: preloading: 0 ms
INFO: preloading: 0 ms
INFO: preloading: 0 ms
INFO: preloading: 0 ms
INFO: preloading: 0 ms
INFO: preloading: 0 ms
INFO: preloading: 0 ms
INFO: preloading: 0 ms
INFO: preloading: 0 ms
INFO: preloading: 0 ms
INFO: preloading: 0 ms
INFO: preloading: 0 ms
INFO: preloading: 0 ms
INFO: preloading: 0 ms
INFO: preloading: 0 ms
INFO: preloading: 0 ms
INFO: preloading: 0 ms
INFO: preloading: 0 ms
INFO: preloading: 0 ms
INFO: preloading: 0 ms
INFO: preloading: 0 ms
INFO: preloading: 0 ms
INFO: preloading: 0 ms
INFO: preloading: 0 ms
INFO: preloading: 0 ms
INFO: preloading: 0 ms
evaluation 128/160
INFO: preloading: 0 ms
INFO: preloading: 0 ms
INFO: preloading: 0 ms
INFO: preloading: 0 ms
INFO: preloading: 0 ms
INFO: preloading: 0 ms
INFO: preloading: 0 ms
INFO: preloading: 0 ms
INFO: preloading: 0 ms
INFO: preloading: 0 ms
INFO: preloading: 0 ms
INFO: preloading: 0 ms
INFO: preloading: 0 ms
INFO: preloading: 0 ms
INFO: preloading: 0 ms
INFO: preloading: 0 ms
INFO: preloading: 0 ms
INFO: preloading: 0 ms
INFO: preloading: 0 ms
INFO: preloading: 0 ms
INFO: preloading: 0 ms
INFO: preloading: 0 ms
INFO: preloading: 0 ms
INFO: preloading: 0 ms
INFO: preloading: 0 ms
evaluation 160/160
INFO: RegEmu: Couldn't open '/tmp/pvz-env-9i3zmtm0/registry.regemu' for writing
INFO: RegEmu: Couldn't open '/tmp/pvz-env-69r_z01w/registry.regemu' for writing
INFO: RegEmu: Couldn't open '/tmp/pvz-env-8ohq_axc/registry.regemu' for writing
INFO: RegEmu: Couldn't open '/tmp/pvz-env-1av71x6q/registry.regemu' for writing
INFO: RegEmu: Couldn't open '/tmp/pvz-env-efrm5gvm/registry.regemu' for writing
INFO: RegEmu: Couldn't open '/tmp/pvz-env-uqbxpnyt/registry.regemu' for writing
INFO: RegEmu: Couldn't open '/tmp/pvz-env-_vc0a9bx/registry.regemu' for writing
INFO: RegEmu: Couldn't open '/tmp/pvz-env-kfej4x5z/registry.regemu' for writing
--- gate-only path ---
  records identical=True reference_skipped=True
{"conclusion": "parallel evaluation is bit-identical to the single-process loop", "configurations": {"1": {"elapsed_seconds": 62.841, "gate_set": 0.0, "records_identical_to_serial": true, "reference_set": 0.0, "stage0_set": 0.0, "workers": 1}, "8": {"elapsed_seconds": 15.504, "gate_set": 0.0, "records_identical_to_serial": true, "reference_set": 0.0, "stage0_set": 0.0, "workers": 8}}, "episodes": 160, "gate_only": {"records_identical_to_serial_subset": true, "reference_set_skipped": true}, "serial_seconds": 60.653, "task_id": "T5-evaluation-parallel-equivalence"}
